2026-02-21 17:20:12,759 - INFO - Starting chunking for 89 documents.
2026-02-21 17:20:12,760 - INFO - claim_20251030312_39291676.pdf → 22 chunks (doc length: 13011 chars)
2026-02-21 17:20:12,760 - INFO - claim_20251055894_36772443.pdf → 2 chunks (doc length: 917 chars)
2026-02-21 17:20:12,760 - INFO - claim_20251523021_34195159.pdf → 2 chunks (doc length: 1385 chars)
2026-02-21 17:20:12,760 - INFO - claim_20251521176_33813825.pdf → 1 chunks (doc length: 649 chars)
2026-02-21 17:20:12,760 - INFO - claim_20251078574_38547263.pdf → 9 chunks (doc length: 5286 chars)
2026-02-21 17:20:12,761 - INFO - claim_20251549037_36713462.pdf is short (520 chars) — storing as single chunk
2026-02-21 17:20:12,761 - INFO - claim_20251524468_40048152.pdf → 2 chunks (doc length: 1202 chars)
2026-02-21 17:20:12,761 - INFO - claim_20251059005_36869712.pdf → 12 chunks (doc length: 7034 chars)
2026-02-21 17:20:12,761 - INFO - claim_20251043820_37690810.pdf → 5 chunks (doc length: 2530 chars)
2026-02-21 17:20:12,761 - INFO - claim_20251040965_35531112.pdf → 11 chunks (doc length: 6169 chars)
2026-02-21 17:20:12,761 - INFO - claim_20251051432_36462712.pdf → 2 chunks (doc length: 976 chars)
2026-02-21 17:20:12,762 - INFO - claim_20251541443_36147504.pdf → 4 chunks (doc length: 2253 chars)
2026-02-21 17:20:12,762 - INFO - claim_20251041181_35547841.pdf → 2 chunks (doc length: 1062 chars)
2026-02-21 17:20:12,762 - INFO - claim_20251087436_38795377.pdf → 22 chunks (doc length: 11436 chars)
2026-02-21 17:20:12,762 - INFO - claim_20251083384_38478052.pdf → 3 chunks (doc length: 1412 chars)
2026-02-21 17:20:12,762 - INFO - claim_20251077317_38066306.pdf → 2 chunks (doc length: 1077 chars)
2026-02-21 17:20:12,763 - INFO - claim_20251030562_34754399.pdf → 5 chunks (doc length: 3158 chars)
2026-02-21 17:20:12,763 - INFO - claim_20251518316_33256337.pdf → 1 chunks (doc length: 633 chars)
2026-02-21 17:20:12,763 - INFO - claim_20251034131_35031673.pdf → 34 chunks (doc length: 18953 chars)
2026-02-21 17:20:12,763 - INFO - claim_20251516851_32943044.pdf is short (566 chars) — storing as single chunk
2026-02-21 17:20:12,764 - INFO - claim_20251025404_34998085.pdf → 17 chunks (doc length: 9789 chars)
2026-02-21 17:20:12,764 - INFO - claim_20250001628_35571295.pdf is short (519 chars) — storing as single chunk
2026-02-21 17:20:12,764 - INFO - claim_20251045595_38247967.pdf → 11 chunks (doc length: 6574 chars)
2026-02-21 17:20:12,764 - INFO - claim_20251549056_36713155.pdf → 2 chunks (doc length: 978 chars)
2026-02-21 17:20:12,764 - INFO - claim_20251061979_37603202.pdf → 2 chunks (doc length: 983 chars)
2026-02-21 17:20:12,764 - INFO - claim_20251526665_34834759.pdf → 1 chunks (doc length: 663 chars)
2026-02-21 17:20:12,764 - INFO - claim_20251048632_36051732.pdf → 4 chunks (doc length: 2428 chars)
2026-02-21 17:20:12,764 - INFO - claim_20251024415_34950279.pdf → 5 chunks (doc length: 3086 chars)
2026-02-21 17:20:12,765 - INFO - claim_20251522519_34120777.pdf → 2 chunks (doc length: 835 chars)
2026-02-21 17:20:12,765 - INFO - claim_20250001637_33063420.pdf → 9 chunks (doc length: 5043 chars)
2026-02-21 17:20:12,765 - INFO - claim_20251524468_34463134.pdf is short (386 chars) — storing as single chunk
2026-02-21 17:20:12,765 - INFO - claim_20251031303_34831917.pdf → 1 chunks (doc length: 724 chars)
2026-02-21 17:20:12,765 - INFO - claim_20251033831_34985733.pdf → 10 chunks (doc length: 5839 chars)
2026-02-21 17:20:12,765 - INFO - claim_20251078574_42376025.pdf → 21 chunks (doc length: 11571 chars)
2026-02-21 17:20:12,765 - INFO - claim_20251518402_33280041.pdf → 13 chunks (doc length: 7198 chars)
2026-02-21 17:20:12,765 - INFO - claim_20251033089_34940917.pdf → 5 chunks (doc length: 2748 chars)
2026-02-21 17:20:12,765 - INFO - claim_20251522046_34010379.pdf is short (420 chars) — storing as single chunk
2026-02-21 17:20:12,766 - INFO - claim_20251073234_37835582.pdf → 2 chunks (doc length: 977 chars)
2026-02-21 17:20:12,766 - INFO - claim_20251031330_34836061.pdf → 2 chunks (doc length: 838 chars)
2026-02-21 17:20:12,766 - INFO - claim_20251030312_34767523.pdf is short (408 chars) — storing as single chunk
2026-02-21 17:20:12,766 - INFO - claim_20251530303_35151891.pdf is short (538 chars) — storing as single chunk
2026-02-21 17:20:12,766 - INFO - claim_20251066043_38183851.pdf is short (372 chars) — storing as single chunk
2026-02-21 17:20:12,766 - INFO - claim_20251069377_37540480.pdf → 1 chunks (doc length: 735 chars)
2026-02-21 17:20:12,766 - INFO - claim_20251516814_32929284.pdf → 2 chunks (doc length: 1146 chars)
2026-02-21 17:20:12,766 - INFO - claim_20251075267_38219279.pdf → 7 chunks (doc length: 3813 chars)
2026-02-21 17:20:12,766 - INFO - claim_20251520966_33762404.pdf is short (551 chars) — storing as single chunk
2026-02-21 17:20:12,766 - INFO - claim_20251086589_38665804.pdf → 3 chunks (doc length: 1376 chars)
2026-02-21 17:20:12,766 - INFO - claim_20251517245_33030965.pdf → 17 chunks (doc length: 9350 chars)
2026-02-21 17:20:12,766 - INFO - claim_20251518309_33253334.pdf → 6 chunks (doc length: 3517 chars)
2026-02-21 17:20:12,767 - INFO - claim_20251055896_38080648.pdf → 9 chunks (doc length: 4726 chars)
2026-02-21 17:20:12,767 - INFO - claim_20251513764_32296690.pdf → 1 chunks (doc length: 700 chars)
2026-02-21 17:20:12,767 - INFO - claim_20251513211_32159348.pdf → 3 chunks (doc length: 1873 chars)
2026-02-21 17:20:12,767 - INFO - claim_20250003362_35662652.pdf → 3 chunks (doc length: 1522 chars)
2026-02-21 17:20:12,767 - INFO - claim_20251074114_37901105.pdf → 4 chunks (doc length: 2196 chars)
2026-02-21 17:20:12,767 - INFO - claim_20251025404_39228706.pdf → 22 chunks (doc length: 13092 chars)
2026-02-21 17:20:12,767 - INFO - claim_20251546493_36524727.pdf → 5 chunks (doc length: 2997 chars)
2026-02-21 17:20:12,767 - INFO - claim_20251049938_36158602.pdf → 8 chunks (doc length: 4444 chars)
2026-02-21 17:20:12,768 - INFO - claim_20251054402_36620978.pdf is short (513 chars) — storing as single chunk
2026-02-21 17:20:12,768 - INFO - claim_20251540565_36001779.pdf → 11 chunks (doc length: 5369 chars)
2026-02-21 17:20:12,768 - INFO - claim_20251527109_34893414.pdf → 18 chunks (doc length: 10455 chars)
2026-02-21 17:20:12,768 - INFO - claim_20251076298_37994597.pdf → 2 chunks (doc length: 1089 chars)
2026-02-21 17:20:12,768 - INFO - claim_20251539629_35910655.pdf → 2 chunks (doc length: 782 chars)
2026-02-21 17:20:12,768 - INFO - claim_20251075267_40934535.pdf → 18 chunks (doc length: 9852 chars)
2026-02-21 17:20:12,768 - INFO - claim_20251054402_38975859.pdf → 8 chunks (doc length: 4826 chars)
2026-02-21 17:20:12,769 - INFO - claim_20251512235_40293782.pdf → 24 chunks (doc length: 13715 chars)
2026-02-21 17:20:12,769 - INFO - claim_20251532462_35322240.pdf → 2 chunks (doc length: 1103 chars)
2026-02-21 17:20:12,769 - INFO - claim_20251538886_35867669.pdf → 3 chunks (doc length: 2007 chars)
2026-02-21 17:20:12,769 - INFO - claim_20251026823_34187888.pdf → 7 chunks (doc length: 3677 chars)
2026-02-21 17:20:12,769 - INFO - claim_20251015402_32798493.pdf is short (531 chars) — storing as single chunk
2026-02-21 17:20:12,769 - INFO - claim_20251013819_33448738.pdf → 1 chunks (doc length: 721 chars)
2026-02-21 17:20:12,769 - INFO - claim_20251078477_38145366.pdf → 8 chunks (doc length: 4652 chars)
2026-02-21 17:20:12,769 - INFO - claim_20251068876_37508644.pdf → 3 chunks (doc length: 1267 chars)
2026-02-21 17:20:12,769 - INFO - claim_20251532711_35357130.pdf → 1 chunks (doc length: 683 chars)
2026-02-21 17:20:12,770 - INFO - claim_20251029821_34629934.pdf → 2 chunks (doc length: 1351 chars)
2026-02-21 17:20:12,770 - INFO - claim_20251511546_31885987.pdf is short (578 chars) — storing as single chunk
2026-02-21 17:20:12,770 - INFO - claim_20251031415_34847053.pdf is short (340 chars) — storing as single chunk
2026-02-21 17:20:12,770 - INFO - claim_20250002876_35212161.pdf → 2 chunks (doc length: 874 chars)
2026-02-21 17:20:12,770 - INFO - claim_20251537726_35783522.pdf → 2 chunks (doc length: 1151 chars)
2026-02-21 17:20:12,770 - INFO - claim_20251022496_33833645.pdf → 5 chunks (doc length: 2676 chars)
2026-02-21 17:20:12,770 - INFO - claim_20251512235_37601464.pdf → 4 chunks (doc length: 2238 chars)
2026-02-21 17:20:12,770 - INFO - claim_20251062024_37038496.pdf → 1 chunks (doc length: 733 chars)
2026-02-21 17:20:12,770 - INFO - claim_20251040320_35476429.pdf → 2 chunks (doc length: 1151 chars)
2026-02-21 17:20:12,770 - INFO - claim_20251069377_40811674.pdf → 7 chunks (doc length: 3973 chars)
2026-02-21 17:20:12,770 - INFO - claim_20251071952_37714954.pdf → 1 chunks (doc length: 700 chars)
2026-02-21 17:20:12,770 - INFO - claim_20251541654_36900552.pdf → 7 chunks (doc length: 3497 chars)
2026-02-21 17:20:12,771 - INFO - claim_20251025620_35137857.pdf → 9 chunks (doc length: 5526 chars)
2026-02-21 17:20:12,771 - INFO - claim_20251539338_35896948.pdf → 4 chunks (doc length: 2303 chars)
2026-02-21 17:20:12,771 - INFO - claim_20251075174_38490209.pdf → 9 chunks (doc length: 4611 chars)
2026-02-21 17:20:12,771 - INFO - claim_20251078429_40062745.pdf → 34 chunks (doc length: 20396 chars)
2026-02-21 17:20:12,819 - INFO - Chunking complete. 549 chunks from 89 documents.
2026-02-22 14:56:39,796 - INFO - Starting chunking for 89 documents.
2026-02-22 14:56:39,800 - INFO - claim_20251030312_39291676.pdf → 22 chunks (doc length: 13011 chars)
2026-02-22 14:56:39,800 - INFO - claim_20251055894_36772443.pdf → 2 chunks (doc length: 917 chars)
2026-02-22 14:56:39,801 - INFO - claim_20251523021_34195159.pdf → 2 chunks (doc length: 1385 chars)
2026-02-22 14:56:39,801 - INFO - claim_20251521176_33813825.pdf → 1 chunks (doc length: 649 chars)
2026-02-22 14:56:39,801 - INFO - claim_20251078574_38547263.pdf → 9 chunks (doc length: 5286 chars)
2026-02-22 14:56:39,801 - INFO - claim_20251549037_36713462.pdf is short (520 chars) — storing as single chunk
2026-02-22 14:56:39,801 - INFO - claim_20251524468_40048152.pdf → 2 chunks (doc length: 1202 chars)
2026-02-22 14:56:39,801 - INFO - claim_20251059005_36869712.pdf → 12 chunks (doc length: 7034 chars)
2026-02-22 14:56:39,802 - INFO - claim_20251043820_37690810.pdf → 5 chunks (doc length: 2530 chars)
2026-02-22 14:56:39,802 - INFO - claim_20251040965_35531112.pdf → 10 chunks (doc length: 6169 chars)
2026-02-22 14:56:39,802 - INFO - claim_20251051432_36462712.pdf → 2 chunks (doc length: 976 chars)
2026-02-22 14:56:39,802 - INFO - claim_20251541443_36147504.pdf → 4 chunks (doc length: 2253 chars)
2026-02-22 14:56:39,802 - INFO - claim_20251041181_35547841.pdf → 2 chunks (doc length: 1062 chars)
2026-02-22 14:56:39,803 - INFO - claim_20251087436_38795377.pdf → 22 chunks (doc length: 11436 chars)
2026-02-22 14:56:39,803 - INFO - claim_20251083384_38478052.pdf → 2 chunks (doc length: 1412 chars)
2026-02-22 14:56:39,803 - INFO - claim_20251077317_38066306.pdf → 2 chunks (doc length: 1077 chars)
2026-02-22 14:56:39,803 - INFO - claim_20251030562_34754399.pdf → 5 chunks (doc length: 3158 chars)
2026-02-22 14:56:39,804 - INFO - claim_20251518316_33256337.pdf → 1 chunks (doc length: 633 chars)
2026-02-22 14:56:39,804 - INFO - claim_20251034131_35031673.pdf → 34 chunks (doc length: 18953 chars)
2026-02-22 14:56:39,804 - INFO - claim_20251516851_32943044.pdf is short (566 chars) — storing as single chunk
2026-02-22 14:56:39,805 - INFO - claim_20251025404_34998085.pdf → 17 chunks (doc length: 9789 chars)
2026-02-22 14:56:39,805 - INFO - claim_20250001628_35571295.pdf is short (519 chars) — storing as single chunk
2026-02-22 14:56:39,805 - INFO - claim_20251045595_38247967.pdf → 11 chunks (doc length: 6574 chars)
2026-02-22 14:56:39,805 - INFO - claim_20251549056_36713155.pdf → 2 chunks (doc length: 978 chars)
2026-02-22 14:56:39,805 - INFO - claim_20251061979_37603202.pdf → 2 chunks (doc length: 983 chars)
2026-02-22 14:56:39,805 - INFO - claim_20251526665_34834759.pdf → 1 chunks (doc length: 663 chars)
2026-02-22 14:56:39,805 - INFO - claim_20251048632_36051732.pdf → 4 chunks (doc length: 2428 chars)
2026-02-22 14:56:39,805 - INFO - claim_20251024415_34950279.pdf → 5 chunks (doc length: 3086 chars)
2026-02-22 14:56:39,806 - INFO - claim_20251522519_34120777.pdf → 2 chunks (doc length: 835 chars)
2026-02-22 14:56:39,806 - INFO - claim_20250001637_33063420.pdf → 9 chunks (doc length: 5043 chars)
2026-02-22 14:56:39,806 - INFO - claim_20251524468_34463134.pdf is short (386 chars) — storing as single chunk
2026-02-22 14:56:39,806 - INFO - claim_20251031303_34831917.pdf → 1 chunks (doc length: 724 chars)
2026-02-22 14:56:39,806 - INFO - claim_20251033831_34985733.pdf → 10 chunks (doc length: 5839 chars)
2026-02-22 14:56:39,806 - INFO - claim_20251078574_42376025.pdf → 20 chunks (doc length: 11571 chars)
2026-02-22 14:56:39,807 - INFO - claim_20251518402_33280041.pdf → 12 chunks (doc length: 7198 chars)
2026-02-22 14:56:39,807 - INFO - claim_20251033089_34940917.pdf → 5 chunks (doc length: 2748 chars)
2026-02-22 14:56:39,807 - INFO - claim_20251522046_34010379.pdf is short (420 chars) — storing as single chunk
2026-02-22 14:56:39,807 - INFO - claim_20251073234_37835582.pdf → 2 chunks (doc length: 977 chars)
2026-02-22 14:56:39,807 - INFO - claim_20251031330_34836061.pdf → 2 chunks (doc length: 838 chars)
2026-02-22 14:56:39,807 - INFO - claim_20251030312_34767523.pdf is short (408 chars) — storing as single chunk
2026-02-22 14:56:39,807 - INFO - claim_20251530303_35151891.pdf is short (538 chars) — storing as single chunk
2026-02-22 14:56:39,807 - INFO - claim_20251066043_38183851.pdf is short (372 chars) — storing as single chunk
2026-02-22 14:56:39,807 - INFO - claim_20251069377_37540480.pdf → 1 chunks (doc length: 735 chars)
2026-02-22 14:56:39,807 - INFO - claim_20251516814_32929284.pdf → 2 chunks (doc length: 1146 chars)
2026-02-22 14:56:39,807 - INFO - claim_20251075267_38219279.pdf → 7 chunks (doc length: 3813 chars)
2026-02-22 14:56:39,807 - INFO - claim_20251520966_33762404.pdf is short (551 chars) — storing as single chunk
2026-02-22 14:56:39,807 - INFO - claim_20251086589_38665804.pdf → 3 chunks (doc length: 1376 chars)
2026-02-22 14:56:39,808 - INFO - claim_20251517245_33030965.pdf → 17 chunks (doc length: 9350 chars)
2026-02-22 14:56:39,808 - INFO - claim_20251518309_33253334.pdf → 6 chunks (doc length: 3517 chars)
2026-02-22 14:56:39,808 - INFO - claim_20251055896_38080648.pdf → 9 chunks (doc length: 4726 chars)
2026-02-22 14:56:39,808 - INFO - claim_20251513764_32296690.pdf → 1 chunks (doc length: 700 chars)
2026-02-22 14:56:39,808 - INFO - claim_20251513211_32159348.pdf → 3 chunks (doc length: 1873 chars)
2026-02-22 14:56:39,808 - INFO - claim_20250003362_35662652.pdf → 3 chunks (doc length: 1522 chars)
2026-02-22 14:56:39,808 - INFO - claim_20251074114_37901105.pdf → 4 chunks (doc length: 2196 chars)
2026-02-22 14:56:39,808 - INFO - claim_20251025404_39228706.pdf → 22 chunks (doc length: 13092 chars)
2026-02-22 14:56:39,808 - INFO - claim_20251546493_36524727.pdf → 5 chunks (doc length: 2997 chars)
2026-02-22 14:56:39,808 - INFO - claim_20251049938_36158602.pdf → 7 chunks (doc length: 4444 chars)
2026-02-22 14:56:39,809 - INFO - claim_20251054402_36620978.pdf is short (513 chars) — storing as single chunk
2026-02-22 14:56:39,809 - INFO - claim_20251540565_36001779.pdf → 10 chunks (doc length: 5369 chars)
2026-02-22 14:56:39,809 - INFO - claim_20251527109_34893414.pdf → 18 chunks (doc length: 10455 chars)
2026-02-22 14:56:39,809 - INFO - claim_20251076298_37994597.pdf → 2 chunks (doc length: 1089 chars)
2026-02-22 14:56:39,809 - INFO - claim_20251539629_35910655.pdf → 2 chunks (doc length: 782 chars)
2026-02-22 14:56:39,809 - INFO - claim_20251075267_40934535.pdf → 17 chunks (doc length: 9852 chars)
2026-02-22 14:56:39,809 - INFO - claim_20251054402_38975859.pdf → 8 chunks (doc length: 4826 chars)
2026-02-22 14:56:39,810 - INFO - claim_20251512235_40293782.pdf → 24 chunks (doc length: 13715 chars)
2026-02-22 14:56:39,810 - INFO - claim_20251532462_35322240.pdf → 2 chunks (doc length: 1103 chars)
2026-02-22 14:56:39,810 - INFO - claim_20251538886_35867669.pdf → 3 chunks (doc length: 2007 chars)
2026-02-22 14:56:39,810 - INFO - claim_20251026823_34187888.pdf → 7 chunks (doc length: 3677 chars)
2026-02-22 14:56:39,810 - INFO - claim_20251015402_32798493.pdf is short (531 chars) — storing as single chunk
2026-02-22 14:56:39,810 - INFO - claim_20251013819_33448738.pdf → 1 chunks (doc length: 721 chars)
2026-02-22 14:56:39,810 - INFO - claim_20251078477_38145366.pdf → 8 chunks (doc length: 4652 chars)
2026-02-22 14:56:39,810 - INFO - claim_20251068876_37508644.pdf → 3 chunks (doc length: 1267 chars)
2026-02-22 14:56:39,810 - INFO - claim_20251532711_35357130.pdf → 1 chunks (doc length: 683 chars)
2026-02-22 14:56:39,810 - INFO - claim_20251029821_34629934.pdf → 2 chunks (doc length: 1351 chars)
2026-02-22 14:56:39,810 - INFO - claim_20251511546_31885987.pdf is short (578 chars) — storing as single chunk
2026-02-22 14:56:39,810 - INFO - claim_20251031415_34847053.pdf is short (340 chars) — storing as single chunk
2026-02-22 14:56:39,810 - INFO - claim_20250002876_35212161.pdf → 2 chunks (doc length: 874 chars)
2026-02-22 14:56:39,811 - INFO - claim_20251537726_35783522.pdf → 2 chunks (doc length: 1151 chars)
2026-02-22 14:56:39,811 - INFO - claim_20251022496_33833645.pdf → 5 chunks (doc length: 2676 chars)
2026-02-22 14:56:39,811 - INFO - claim_20251512235_37601464.pdf → 4 chunks (doc length: 2238 chars)
2026-02-22 14:56:39,811 - INFO - claim_20251062024_37038496.pdf → 1 chunks (doc length: 733 chars)
2026-02-22 14:56:39,811 - INFO - claim_20251040320_35476429.pdf → 2 chunks (doc length: 1151 chars)
2026-02-22 14:56:39,811 - INFO - claim_20251069377_40811674.pdf → 7 chunks (doc length: 3973 chars)
2026-02-22 14:56:39,811 - INFO - claim_20251071952_37714954.pdf → 1 chunks (doc length: 700 chars)
2026-02-22 14:56:39,811 - INFO - claim_20251541654_36900552.pdf → 6 chunks (doc length: 3497 chars)
2026-02-22 14:56:39,811 - INFO - claim_20251025620_35137857.pdf → 9 chunks (doc length: 5526 chars)
2026-02-22 14:56:39,811 - INFO - claim_20251539338_35896948.pdf → 4 chunks (doc length: 2303 chars)
2026-02-22 14:56:39,811 - INFO - claim_20251075174_38490209.pdf → 9 chunks (doc length: 4611 chars)
2026-02-22 14:56:39,812 - INFO - claim_20251078429_40062745.pdf → 34 chunks (doc length: 20396 chars)
2026-02-22 14:56:39,850 - INFO - Chunking complete. 541 chunks from 89 documents.
2026-03-08 13:57:53,598 - INFO - Starting chunking for 89 documents.
2026-03-08 13:57:53,601 - WARNING - No content to chunk for claim_20251030312_39291676.pdf
2026-03-08 13:57:53,602 - WARNING - No content to chunk for claim_20251055894_36772443.pdf
2026-03-08 13:57:53,602 - WARNING - No content to chunk for claim_20251523021_34195159.pdf
2026-03-08 13:57:53,602 - WARNING - No content to chunk for claim_20251521176_33813825.pdf
2026-03-08 13:57:53,602 - WARNING - No content to chunk for claim_20251078574_38547263.pdf
2026-03-08 13:57:53,602 - WARNING - No content to chunk for claim_20251549037_36713462.pdf
2026-03-08 13:57:53,602 - WARNING - No content to chunk for claim_20251524468_40048152.pdf
2026-03-08 13:57:53,602 - WARNING - No content to chunk for claim_20251059005_36869712.pdf
2026-03-08 13:57:53,602 - WARNING - No content to chunk for claim_20251043820_37690810.pdf
2026-03-08 13:57:53,602 - WARNING - No content to chunk for claim_20251040965_35531112.pdf
2026-03-08 13:57:53,602 - WARNING - No content to chunk for claim_20251051432_36462712.pdf
2026-03-08 13:57:53,602 - WARNING - No content to chunk for claim_20251541443_36147504.pdf
2026-03-08 13:57:53,602 - WARNING - No content to chunk for claim_20251041181_35547841.pdf
2026-03-08 13:57:53,602 - WARNING - No content to chunk for claim_20251087436_38795377.pdf
2026-03-08 13:57:53,602 - WARNING - No content to chunk for claim_20251083384_38478052.pdf
2026-03-08 13:57:53,602 - WARNING - No content to chunk for claim_20251077317_38066306.pdf
2026-03-08 13:57:53,603 - WARNING - No content to chunk for claim_20251030562_34754399.pdf
2026-03-08 13:57:53,603 - WARNING - No content to chunk for claim_20251518316_33256337.pdf
2026-03-08 13:57:53,603 - WARNING - No content to chunk for claim_20251034131_35031673.pdf
2026-03-08 13:57:53,603 - WARNING - No content to chunk for claim_20251516851_32943044.pdf
2026-03-08 13:57:53,603 - WARNING - No content to chunk for claim_20251025404_34998085.pdf
2026-03-08 13:57:53,603 - WARNING - No content to chunk for claim_20250001628_35571295.pdf
2026-03-08 13:57:53,603 - WARNING - No content to chunk for claim_20251045595_38247967.pdf
2026-03-08 13:57:53,603 - WARNING - No content to chunk for claim_20251549056_36713155.pdf
2026-03-08 13:57:53,603 - WARNING - No content to chunk for claim_20251061979_37603202.pdf
2026-03-08 13:57:53,603 - WARNING - No content to chunk for claim_20251526665_34834759.pdf
2026-03-08 13:57:53,603 - WARNING - No content to chunk for claim_20251048632_36051732.pdf
2026-03-08 13:57:53,603 - WARNING - No content to chunk for claim_20251024415_34950279.pdf
2026-03-08 13:57:53,603 - WARNING - No content to chunk for claim_20251522519_34120777.pdf
2026-03-08 13:57:53,603 - WARNING - No content to chunk for claim_20250001637_33063420.pdf
2026-03-08 13:57:53,603 - WARNING - No content to chunk for claim_20251524468_34463134.pdf
2026-03-08 13:57:53,603 - WARNING - No content to chunk for claim_20251031303_34831917.pdf
2026-03-08 13:57:53,603 - WARNING - No content to chunk for claim_20251033831_34985733.pdf
2026-03-08 13:57:53,603 - WARNING - No content to chunk for claim_20251078574_42376025.pdf
2026-03-08 13:57:53,603 - WARNING - No content to chunk for claim_20251518402_33280041.pdf
2026-03-08 13:57:53,603 - WARNING - No content to chunk for claim_20251033089_34940917.pdf
2026-03-08 13:57:53,603 - WARNING - No content to chunk for claim_20251522046_34010379.pdf
2026-03-08 13:57:53,603 - WARNING - No content to chunk for claim_20251073234_37835582.pdf
2026-03-08 13:57:53,603 - WARNING - No content to chunk for claim_20251031330_34836061.pdf
2026-03-08 13:57:53,603 - WARNING - No content to chunk for claim_20251030312_34767523.pdf
2026-03-08 13:57:53,603 - WARNING - No content to chunk for claim_20251530303_35151891.pdf
2026-03-08 13:57:53,603 - WARNING - No content to chunk for claim_20251066043_38183851.pdf
2026-03-08 13:57:53,603 - WARNING - No content to chunk for claim_20251069377_37540480.pdf
2026-03-08 13:57:53,604 - WARNING - No content to chunk for claim_20251516814_32929284.pdf
2026-03-08 13:57:53,604 - WARNING - No content to chunk for claim_20251075267_38219279.pdf
2026-03-08 13:57:53,604 - WARNING - No content to chunk for claim_20251520966_33762404.pdf
2026-03-08 13:57:53,604 - WARNING - No content to chunk for claim_20251086589_38665804.pdf
2026-03-08 13:57:53,604 - WARNING - No content to chunk for claim_20251517245_33030965.pdf
2026-03-08 13:57:53,604 - WARNING - No content to chunk for claim_20251518309_33253334.pdf
2026-03-08 13:57:53,604 - WARNING - No content to chunk for claim_20251055896_38080648.pdf
2026-03-08 13:57:53,604 - WARNING - No content to chunk for claim_20251513764_32296690.pdf
2026-03-08 13:57:53,604 - WARNING - No content to chunk for claim_20251513211_32159348.pdf
2026-03-08 13:57:53,604 - WARNING - No content to chunk for claim_20250003362_35662652.pdf
2026-03-08 13:57:53,604 - WARNING - No content to chunk for claim_20251074114_37901105.pdf
2026-03-08 13:57:53,604 - WARNING - No content to chunk for claim_20251025404_39228706.pdf
2026-03-08 13:57:53,604 - WARNING - No content to chunk for claim_20251546493_36524727.pdf
2026-03-08 13:57:53,604 - WARNING - No content to chunk for claim_20251049938_36158602.pdf
2026-03-08 13:57:53,604 - WARNING - No content to chunk for claim_20251054402_36620978.pdf
2026-03-08 13:57:53,604 - WARNING - No content to chunk for claim_20251540565_36001779.pdf
2026-03-08 13:57:53,604 - WARNING - No content to chunk for claim_20251527109_34893414.pdf
2026-03-08 13:57:53,604 - WARNING - No content to chunk for claim_20251076298_37994597.pdf
2026-03-08 13:57:53,604 - WARNING - No content to chunk for claim_20251539629_35910655.pdf
2026-03-08 13:57:53,604 - WARNING - No content to chunk for claim_20251075267_40934535.pdf
2026-03-08 13:57:53,604 - WARNING - No content to chunk for claim_20251054402_38975859.pdf
2026-03-08 13:57:53,604 - WARNING - No content to chunk for claim_20251512235_40293782.pdf
2026-03-08 13:57:53,604 - WARNING - No content to chunk for claim_20251532462_35322240.pdf
2026-03-08 13:57:53,604 - WARNING - No content to chunk for claim_20251538886_35867669.pdf
2026-03-08 13:57:53,604 - WARNING - No content to chunk for claim_20251026823_34187888.pdf
2026-03-08 13:57:53,604 - WARNING - No content to chunk for claim_20251015402_32798493.pdf
2026-03-08 13:57:53,605 - WARNING - No content to chunk for claim_20251013819_33448738.pdf
2026-03-08 13:57:53,605 - WARNING - No content to chunk for claim_20251078477_38145366.pdf
2026-03-08 13:57:53,605 - WARNING - No content to chunk for claim_20251068876_37508644.pdf
2026-03-08 13:57:53,605 - WARNING - No content to chunk for claim_20251532711_35357130.pdf
2026-03-08 13:57:53,605 - WARNING - No content to chunk for claim_20251029821_34629934.pdf
2026-03-08 13:57:53,605 - WARNING - No content to chunk for claim_20251511546_31885987.pdf
2026-03-08 13:57:53,605 - WARNING - No content to chunk for claim_20251031415_34847053.pdf
2026-03-08 13:57:53,605 - WARNING - No content to chunk for claim_20250002876_35212161.pdf
2026-03-08 13:57:53,605 - WARNING - No content to chunk for claim_20251537726_35783522.pdf
2026-03-08 13:57:53,605 - WARNING - No content to chunk for claim_20251022496_33833645.pdf
2026-03-08 13:57:53,605 - WARNING - No content to chunk for claim_20251512235_37601464.pdf
2026-03-08 13:57:53,605 - WARNING - No content to chunk for claim_20251062024_37038496.pdf
2026-03-08 13:57:53,605 - WARNING - No content to chunk for claim_20251040320_35476429.pdf
2026-03-08 13:57:53,605 - WARNING - No content to chunk for claim_20251069377_40811674.pdf
2026-03-08 13:57:53,605 - WARNING - No content to chunk for claim_20251071952_37714954.pdf
2026-03-08 13:57:53,605 - WARNING - No content to chunk for claim_20251541654_36900552.pdf
2026-03-08 13:57:53,605 - WARNING - No content to chunk for claim_20251025620_35137857.pdf
2026-03-08 13:57:53,605 - WARNING - No content to chunk for claim_20251539338_35896948.pdf
2026-03-08 13:57:53,605 - WARNING - No content to chunk for claim_20251075174_38490209.pdf
2026-03-08 13:57:53,605 - WARNING - No content to chunk for claim_20251078429_40062745.pdf
2026-03-08 13:57:53,606 - INFO - Chunking complete. 0 chunks from 89 documents.
2026-03-08 14:30:24,159 - INFO - Starting chunking for 89 documents.
2026-03-08 14:30:24,159 - WARNING - No content to chunk for claim_20251030312_39291676.pdf
2026-03-08 14:30:24,160 - WARNING - No content to chunk for claim_20251055894_36772443.pdf
2026-03-08 14:30:24,160 - WARNING - No content to chunk for claim_20251523021_34195159.pdf
2026-03-08 14:30:24,160 - WARNING - No content to chunk for claim_20251521176_33813825.pdf
2026-03-08 14:30:24,160 - WARNING - No content to chunk for claim_20251078574_38547263.pdf
2026-03-08 14:30:24,160 - WARNING - No content to chunk for claim_20251549037_36713462.pdf
2026-03-08 14:30:24,160 - WARNING - No content to chunk for claim_20251524468_40048152.pdf
2026-03-08 14:30:24,160 - WARNING - No content to chunk for claim_20251059005_36869712.pdf
2026-03-08 14:30:24,160 - WARNING - No content to chunk for claim_20251043820_37690810.pdf
2026-03-08 14:30:24,160 - WARNING - No content to chunk for claim_20251040965_35531112.pdf
2026-03-08 14:30:24,160 - WARNING - No content to chunk for claim_20251051432_36462712.pdf
2026-03-08 14:30:24,160 - WARNING - No content to chunk for claim_20251541443_36147504.pdf
2026-03-08 14:30:24,160 - WARNING - No content to chunk for claim_20251041181_35547841.pdf
2026-03-08 14:30:24,161 - WARNING - No content to chunk for claim_20251087436_38795377.pdf
2026-03-08 14:30:24,161 - WARNING - No content to chunk for claim_20251083384_38478052.pdf
2026-03-08 14:30:24,161 - WARNING - No content to chunk for claim_20251077317_38066306.pdf
2026-03-08 14:30:24,161 - WARNING - No content to chunk for claim_20251030562_34754399.pdf
2026-03-08 14:30:24,161 - WARNING - No content to chunk for claim_20251518316_33256337.pdf
2026-03-08 14:30:24,161 - WARNING - No content to chunk for claim_20251034131_35031673.pdf
2026-03-08 14:30:24,161 - WARNING - No content to chunk for claim_20251516851_32943044.pdf
2026-03-08 14:30:24,161 - WARNING - No content to chunk for claim_20251025404_34998085.pdf
2026-03-08 14:30:24,161 - WARNING - No content to chunk for claim_20250001628_35571295.pdf
2026-03-08 14:30:24,161 - WARNING - No content to chunk for claim_20251045595_38247967.pdf
2026-03-08 14:30:24,161 - WARNING - No content to chunk for claim_20251549056_36713155.pdf
2026-03-08 14:30:24,161 - WARNING - No content to chunk for claim_20251061979_37603202.pdf
2026-03-08 14:30:24,161 - WARNING - No content to chunk for claim_20251526665_34834759.pdf
2026-03-08 14:30:24,161 - WARNING - No content to chunk for claim_20251048632_36051732.pdf
2026-03-08 14:30:24,161 - WARNING - No content to chunk for claim_20251024415_34950279.pdf
2026-03-08 14:30:24,161 - WARNING - No content to chunk for claim_20251522519_34120777.pdf
2026-03-08 14:30:24,161 - WARNING - No content to chunk for claim_20250001637_33063420.pdf
2026-03-08 14:30:24,161 - WARNING - No content to chunk for claim_20251524468_34463134.pdf
2026-03-08 14:30:24,161 - WARNING - No content to chunk for claim_20251031303_34831917.pdf
2026-03-08 14:30:24,161 - WARNING - No content to chunk for claim_20251033831_34985733.pdf
2026-03-08 14:30:24,161 - WARNING - No content to chunk for claim_20251078574_42376025.pdf
2026-03-08 14:30:24,161 - WARNING - No content to chunk for claim_20251518402_33280041.pdf
2026-03-08 14:30:24,162 - WARNING - No content to chunk for claim_20251033089_34940917.pdf
2026-03-08 14:30:24,162 - WARNING - No content to chunk for claim_20251522046_34010379.pdf
2026-03-08 14:30:24,162 - WARNING - No content to chunk for claim_20251073234_37835582.pdf
2026-03-08 14:30:24,162 - WARNING - No content to chunk for claim_20251031330_34836061.pdf
2026-03-08 14:30:24,162 - WARNING - No content to chunk for claim_20251030312_34767523.pdf
2026-03-08 14:30:24,162 - WARNING - No content to chunk for claim_20251530303_35151891.pdf
2026-03-08 14:30:24,162 - WARNING - No content to chunk for claim_20251066043_38183851.pdf
2026-03-08 14:30:24,162 - WARNING - No content to chunk for claim_20251069377_37540480.pdf
2026-03-08 14:30:24,162 - WARNING - No content to chunk for claim_20251516814_32929284.pdf
2026-03-08 14:30:24,162 - WARNING - No content to chunk for claim_20251075267_38219279.pdf
2026-03-08 14:30:24,162 - WARNING - No content to chunk for claim_20251520966_33762404.pdf
2026-03-08 14:30:24,162 - WARNING - No content to chunk for claim_20251086589_38665804.pdf
2026-03-08 14:30:24,162 - WARNING - No content to chunk for claim_20251517245_33030965.pdf
2026-03-08 14:30:24,162 - WARNING - No content to chunk for claim_20251518309_33253334.pdf
2026-03-08 14:30:24,162 - WARNING - No content to chunk for claim_20251055896_38080648.pdf
2026-03-08 14:30:24,162 - WARNING - No content to chunk for claim_20251513764_32296690.pdf
2026-03-08 14:30:24,162 - WARNING - No content to chunk for claim_20251513211_32159348.pdf
2026-03-08 14:30:24,162 - WARNING - No content to chunk for claim_20250003362_35662652.pdf
2026-03-08 14:30:24,162 - WARNING - No content to chunk for claim_20251074114_37901105.pdf
2026-03-08 14:30:24,162 - WARNING - No content to chunk for claim_20251025404_39228706.pdf
2026-03-08 14:30:24,162 - WARNING - No content to chunk for claim_20251546493_36524727.pdf
2026-03-08 14:30:24,162 - WARNING - No content to chunk for claim_20251049938_36158602.pdf
2026-03-08 14:30:24,162 - WARNING - No content to chunk for claim_20251054402_36620978.pdf
2026-03-08 14:30:24,162 - WARNING - No content to chunk for claim_20251540565_36001779.pdf
2026-03-08 14:30:24,163 - WARNING - No content to chunk for claim_20251527109_34893414.pdf
2026-03-08 14:30:24,163 - WARNING - No content to chunk for claim_20251076298_37994597.pdf
2026-03-08 14:30:24,163 - WARNING - No content to chunk for claim_20251539629_35910655.pdf
2026-03-08 14:30:24,163 - WARNING - No content to chunk for claim_20251075267_40934535.pdf
2026-03-08 14:30:24,163 - WARNING - No content to chunk for claim_20251054402_38975859.pdf
2026-03-08 14:30:24,163 - WARNING - No content to chunk for claim_20251512235_40293782.pdf
2026-03-08 14:30:24,163 - WARNING - No content to chunk for claim_20251532462_35322240.pdf
2026-03-08 14:30:24,163 - WARNING - No content to chunk for claim_20251538886_35867669.pdf
2026-03-08 14:30:24,163 - WARNING - No content to chunk for claim_20251026823_34187888.pdf
2026-03-08 14:30:24,163 - WARNING - No content to chunk for claim_20251015402_32798493.pdf
2026-03-08 14:30:24,163 - WARNING - No content to chunk for claim_20251013819_33448738.pdf
2026-03-08 14:30:24,163 - WARNING - No content to chunk for claim_20251078477_38145366.pdf
2026-03-08 14:30:24,163 - WARNING - No content to chunk for claim_20251068876_37508644.pdf
2026-03-08 14:30:24,163 - WARNING - No content to chunk for claim_20251532711_35357130.pdf
2026-03-08 14:30:24,163 - WARNING - No content to chunk for claim_20251029821_34629934.pdf
2026-03-08 14:30:24,163 - WARNING - No content to chunk for claim_20251511546_31885987.pdf
2026-03-08 14:30:24,163 - WARNING - No content to chunk for claim_20251031415_34847053.pdf
2026-03-08 14:30:24,163 - WARNING - No content to chunk for claim_20250002876_35212161.pdf
2026-03-08 14:30:24,163 - WARNING - No content to chunk for claim_20251537726_35783522.pdf
2026-03-08 14:30:24,163 - WARNING - No content to chunk for claim_20251022496_33833645.pdf
2026-03-08 14:30:24,163 - WARNING - No content to chunk for claim_20251512235_37601464.pdf
2026-03-08 14:30:24,163 - WARNING - No content to chunk for claim_20251062024_37038496.pdf
2026-03-08 14:30:24,164 - WARNING - No content to chunk for claim_20251040320_35476429.pdf
2026-03-08 14:30:24,164 - WARNING - No content to chunk for claim_20251069377_40811674.pdf
2026-03-08 14:30:24,164 - WARNING - No content to chunk for claim_20251071952_37714954.pdf
2026-03-08 14:30:24,164 - WARNING - No content to chunk for claim_20251541654_36900552.pdf
2026-03-08 14:30:24,164 - WARNING - No content to chunk for claim_20251025620_35137857.pdf
2026-03-08 14:30:24,164 - WARNING - No content to chunk for claim_20251539338_35896948.pdf
2026-03-08 14:30:24,164 - WARNING - No content to chunk for claim_20251075174_38490209.pdf
2026-03-08 14:30:24,164 - WARNING - No content to chunk for claim_20251078429_40062745.pdf
2026-03-08 14:30:24,165 - INFO - Chunking complete. 0 chunks from 89 documents.
2026-03-08 14:42:14,155 - INFO - Starting chunking for 89 documents.
2026-03-08 14:42:14,155 - WARNING - No content to chunk for claim_20251030312_39291676.pdf
2026-03-08 14:42:14,155 - WARNING - No content to chunk for claim_20251055894_36772443.pdf
2026-03-08 14:42:14,155 - WARNING - No content to chunk for claim_20251523021_34195159.pdf
2026-03-08 14:42:14,155 - WARNING - No content to chunk for claim_20251521176_33813825.pdf
2026-03-08 14:42:14,155 - WARNING - No content to chunk for claim_20251078574_38547263.pdf
2026-03-08 14:42:14,155 - WARNING - No content to chunk for claim_20251549037_36713462.pdf
2026-03-08 14:42:14,156 - WARNING - No content to chunk for claim_20251524468_40048152.pdf
2026-03-08 14:42:14,156 - WARNING - No content to chunk for claim_20251059005_36869712.pdf
2026-03-08 14:42:14,156 - WARNING - No content to chunk for claim_20251043820_37690810.pdf
2026-03-08 14:42:14,156 - WARNING - No content to chunk for claim_20251040965_35531112.pdf
2026-03-08 14:42:14,156 - WARNING - No content to chunk for claim_20251051432_36462712.pdf
2026-03-08 14:42:14,156 - WARNING - No content to chunk for claim_20251541443_36147504.pdf
2026-03-08 14:42:14,156 - WARNING - No content to chunk for claim_20251041181_35547841.pdf
2026-03-08 14:42:14,156 - WARNING - No content to chunk for claim_20251087436_38795377.pdf
2026-03-08 14:42:14,156 - WARNING - No content to chunk for claim_20251083384_38478052.pdf
2026-03-08 14:42:14,156 - WARNING - No content to chunk for claim_20251077317_38066306.pdf
2026-03-08 14:42:14,156 - WARNING - No content to chunk for claim_20251030562_34754399.pdf
2026-03-08 14:42:14,156 - WARNING - No content to chunk for claim_20251518316_33256337.pdf
2026-03-08 14:42:14,156 - WARNING - No content to chunk for claim_20251034131_35031673.pdf
2026-03-08 14:42:14,156 - WARNING - No content to chunk for claim_20251516851_32943044.pdf
2026-03-08 14:42:14,156 - WARNING - No content to chunk for claim_20251025404_34998085.pdf
2026-03-08 14:42:14,156 - WARNING - No content to chunk for claim_20250001628_35571295.pdf
2026-03-08 14:42:14,156 - WARNING - No content to chunk for claim_20251045595_38247967.pdf
2026-03-08 14:42:14,156 - WARNING - No content to chunk for claim_20251549056_36713155.pdf
2026-03-08 14:42:14,156 - WARNING - No content to chunk for claim_20251061979_37603202.pdf
2026-03-08 14:42:14,156 - WARNING - No content to chunk for claim_20251526665_34834759.pdf
2026-03-08 14:42:14,156 - WARNING - No content to chunk for claim_20251048632_36051732.pdf
2026-03-08 14:42:14,157 - WARNING - No content to chunk for claim_20251024415_34950279.pdf
2026-03-08 14:42:14,157 - WARNING - No content to chunk for claim_20251522519_34120777.pdf
2026-03-08 14:42:14,157 - WARNING - No content to chunk for claim_20250001637_33063420.pdf
2026-03-08 14:42:14,157 - WARNING - No content to chunk for claim_20251524468_34463134.pdf
2026-03-08 14:42:14,157 - WARNING - No content to chunk for claim_20251031303_34831917.pdf
2026-03-08 14:42:14,157 - WARNING - No content to chunk for claim_20251033831_34985733.pdf
2026-03-08 14:42:14,157 - WARNING - No content to chunk for claim_20251078574_42376025.pdf
2026-03-08 14:42:14,157 - WARNING - No content to chunk for claim_20251518402_33280041.pdf
2026-03-08 14:42:14,157 - WARNING - No content to chunk for claim_20251033089_34940917.pdf
2026-03-08 14:42:14,157 - WARNING - No content to chunk for claim_20251522046_34010379.pdf
2026-03-08 14:42:14,157 - WARNING - No content to chunk for claim_20251073234_37835582.pdf
2026-03-08 14:42:14,157 - WARNING - No content to chunk for claim_20251031330_34836061.pdf
2026-03-08 14:42:14,157 - WARNING - No content to chunk for claim_20251030312_34767523.pdf
2026-03-08 14:42:14,157 - WARNING - No content to chunk for claim_20251530303_35151891.pdf
2026-03-08 14:42:14,157 - WARNING - No content to chunk for claim_20251066043_38183851.pdf
2026-03-08 14:42:14,157 - WARNING - No content to chunk for claim_20251069377_37540480.pdf
2026-03-08 14:42:14,157 - WARNING - No content to chunk for claim_20251516814_32929284.pdf
2026-03-08 14:42:14,157 - WARNING - No content to chunk for claim_20251075267_38219279.pdf
2026-03-08 14:42:14,157 - WARNING - No content to chunk for claim_20251520966_33762404.pdf
2026-03-08 14:42:14,157 - WARNING - No content to chunk for claim_20251086589_38665804.pdf
2026-03-08 14:42:14,157 - WARNING - No content to chunk for claim_20251517245_33030965.pdf
2026-03-08 14:42:14,157 - WARNING - No content to chunk for claim_20251518309_33253334.pdf
2026-03-08 14:42:14,157 - WARNING - No content to chunk for claim_20251055896_38080648.pdf
2026-03-08 14:42:14,157 - WARNING - No content to chunk for claim_20251513764_32296690.pdf
2026-03-08 14:42:14,157 - WARNING - No content to chunk for claim_20251513211_32159348.pdf
2026-03-08 14:42:14,157 - WARNING - No content to chunk for claim_20250003362_35662652.pdf
2026-03-08 14:42:14,158 - WARNING - No content to chunk for claim_20251074114_37901105.pdf
2026-03-08 14:42:14,158 - WARNING - No content to chunk for claim_20251025404_39228706.pdf
2026-03-08 14:42:14,158 - WARNING - No content to chunk for claim_20251546493_36524727.pdf
2026-03-08 14:42:14,158 - WARNING - No content to chunk for claim_20251049938_36158602.pdf
2026-03-08 14:42:14,158 - WARNING - No content to chunk for claim_20251054402_36620978.pdf
2026-03-08 14:42:14,158 - WARNING - No content to chunk for claim_20251540565_36001779.pdf
2026-03-08 14:42:14,158 - WARNING - No content to chunk for claim_20251527109_34893414.pdf
2026-03-08 14:42:14,158 - WARNING - No content to chunk for claim_20251076298_37994597.pdf
2026-03-08 14:42:14,158 - WARNING - No content to chunk for claim_20251539629_35910655.pdf
2026-03-08 14:42:14,158 - WARNING - No content to chunk for claim_20251075267_40934535.pdf
2026-03-08 14:42:14,158 - WARNING - No content to chunk for claim_20251054402_38975859.pdf
2026-03-08 14:42:14,158 - WARNING - No content to chunk for claim_20251512235_40293782.pdf
2026-03-08 14:42:14,158 - WARNING - No content to chunk for claim_20251532462_35322240.pdf
2026-03-08 14:42:14,158 - WARNING - No content to chunk for claim_20251538886_35867669.pdf
2026-03-08 14:42:14,158 - WARNING - No content to chunk for claim_20251026823_34187888.pdf
2026-03-08 14:42:14,158 - WARNING - No content to chunk for claim_20251015402_32798493.pdf
2026-03-08 14:42:14,158 - WARNING - No content to chunk for claim_20251013819_33448738.pdf
2026-03-08 14:42:14,158 - WARNING - No content to chunk for claim_20251078477_38145366.pdf
2026-03-08 14:42:14,158 - WARNING - No content to chunk for claim_20251068876_37508644.pdf
2026-03-08 14:42:14,158 - WARNING - No content to chunk for claim_20251532711_35357130.pdf
2026-03-08 14:42:14,158 - WARNING - No content to chunk for claim_20251029821_34629934.pdf
2026-03-08 14:42:14,158 - WARNING - No content to chunk for claim_20251511546_31885987.pdf
2026-03-08 14:42:14,158 - WARNING - No content to chunk for claim_20251031415_34847053.pdf
2026-03-08 14:42:14,158 - WARNING - No content to chunk for claim_20250002876_35212161.pdf
2026-03-08 14:42:14,158 - WARNING - No content to chunk for claim_20251537726_35783522.pdf
2026-03-08 14:42:14,158 - WARNING - No content to chunk for claim_20251022496_33833645.pdf
2026-03-08 14:42:14,158 - WARNING - No content to chunk for claim_20251512235_37601464.pdf
2026-03-08 14:42:14,158 - WARNING - No content to chunk for claim_20251062024_37038496.pdf
2026-03-08 14:42:14,158 - WARNING - No content to chunk for claim_20251040320_35476429.pdf
2026-03-08 14:42:14,158 - WARNING - No content to chunk for claim_20251069377_40811674.pdf
2026-03-08 14:42:14,158 - WARNING - No content to chunk for claim_20251071952_37714954.pdf
2026-03-08 14:42:14,159 - WARNING - No content to chunk for claim_20251541654_36900552.pdf
2026-03-08 14:42:14,159 - WARNING - No content to chunk for claim_20251025620_35137857.pdf
2026-03-08 14:42:14,159 - WARNING - No content to chunk for claim_20251539338_35896948.pdf
2026-03-08 14:42:14,159 - WARNING - No content to chunk for claim_20251075174_38490209.pdf
2026-03-08 14:42:14,159 - WARNING - No content to chunk for claim_20251078429_40062745.pdf
2026-03-08 14:42:14,159 - INFO - Chunking complete. 0 chunks from 89 documents.
2026-03-08 14:45:44,467 - INFO - Starting chunking for 89 documents.
2026-03-08 14:45:44,467 - WARNING - No content to chunk for claim_20251030312_39291676.pdf
2026-03-08 14:45:44,467 - WARNING - No content to chunk for claim_20251055894_36772443.pdf
2026-03-08 14:45:44,468 - WARNING - No content to chunk for claim_20251523021_34195159.pdf
2026-03-08 14:45:44,468 - WARNING - No content to chunk for claim_20251521176_33813825.pdf
2026-03-08 14:45:44,468 - WARNING - No content to chunk for claim_20251078574_38547263.pdf
2026-03-08 14:45:44,468 - WARNING - No content to chunk for claim_20251549037_36713462.pdf
2026-03-08 14:45:44,468 - WARNING - No content to chunk for claim_20251524468_40048152.pdf
2026-03-08 14:45:44,468 - WARNING - No content to chunk for claim_20251059005_36869712.pdf
2026-03-08 14:45:44,468 - WARNING - No content to chunk for claim_20251043820_37690810.pdf
2026-03-08 14:45:44,468 - WARNING - No content to chunk for claim_20251040965_35531112.pdf
2026-03-08 14:45:44,468 - WARNING - No content to chunk for claim_20251051432_36462712.pdf
2026-03-08 14:45:44,468 - WARNING - No content to chunk for claim_20251541443_36147504.pdf
2026-03-08 14:45:44,468 - WARNING - No content to chunk for claim_20251041181_35547841.pdf
2026-03-08 14:45:44,468 - WARNING - No content to chunk for claim_20251087436_38795377.pdf
2026-03-08 14:45:44,468 - WARNING - No content to chunk for claim_20251083384_38478052.pdf
2026-03-08 14:45:44,468 - WARNING - No content to chunk for claim_20251077317_38066306.pdf
2026-03-08 14:45:44,469 - WARNING - No content to chunk for claim_20251030562_34754399.pdf
2026-03-08 14:45:44,469 - WARNING - No content to chunk for claim_20251518316_33256337.pdf
2026-03-08 14:45:44,469 - WARNING - No content to chunk for claim_20251034131_35031673.pdf
2026-03-08 14:45:44,469 - WARNING - No content to chunk for claim_20251516851_32943044.pdf
2026-03-08 14:45:44,469 - WARNING - No content to chunk for claim_20251025404_34998085.pdf
2026-03-08 14:45:44,469 - WARNING - No content to chunk for claim_20250001628_35571295.pdf
2026-03-08 14:45:44,469 - WARNING - No content to chunk for claim_20251045595_38247967.pdf
2026-03-08 14:45:44,469 - WARNING - No content to chunk for claim_20251549056_36713155.pdf
2026-03-08 14:45:44,469 - WARNING - No content to chunk for claim_20251061979_37603202.pdf
2026-03-08 14:45:44,469 - WARNING - No content to chunk for claim_20251526665_34834759.pdf
2026-03-08 14:45:44,469 - WARNING - No content to chunk for claim_20251048632_36051732.pdf
2026-03-08 14:45:44,469 - WARNING - No content to chunk for claim_20251024415_34950279.pdf
2026-03-08 14:45:44,469 - WARNING - No content to chunk for claim_20251522519_34120777.pdf
2026-03-08 14:45:44,469 - WARNING - No content to chunk for claim_20250001637_33063420.pdf
2026-03-08 14:45:44,469 - WARNING - No content to chunk for claim_20251524468_34463134.pdf
2026-03-08 14:45:44,469 - WARNING - No content to chunk for claim_20251031303_34831917.pdf
2026-03-08 14:45:44,469 - WARNING - No content to chunk for claim_20251033831_34985733.pdf
2026-03-08 14:45:44,469 - WARNING - No content to chunk for claim_20251078574_42376025.pdf
2026-03-08 14:45:44,469 - WARNING - No content to chunk for claim_20251518402_33280041.pdf
2026-03-08 14:45:44,469 - WARNING - No content to chunk for claim_20251033089_34940917.pdf
2026-03-08 14:45:44,469 - WARNING - No content to chunk for claim_20251522046_34010379.pdf
2026-03-08 14:45:44,469 - WARNING - No content to chunk for claim_20251073234_37835582.pdf
2026-03-08 14:45:44,469 - WARNING - No content to chunk for claim_20251031330_34836061.pdf
2026-03-08 14:45:44,470 - WARNING - No content to chunk for claim_20251030312_34767523.pdf
2026-03-08 14:45:44,470 - WARNING - No content to chunk for claim_20251530303_35151891.pdf
2026-03-08 14:45:44,470 - WARNING - No content to chunk for claim_20251066043_38183851.pdf
2026-03-08 14:45:44,470 - WARNING - No content to chunk for claim_20251069377_37540480.pdf
2026-03-08 14:45:44,470 - WARNING - No content to chunk for claim_20251516814_32929284.pdf
2026-03-08 14:45:44,470 - WARNING - No content to chunk for claim_20251075267_38219279.pdf
2026-03-08 14:45:44,470 - WARNING - No content to chunk for claim_20251520966_33762404.pdf
2026-03-08 14:45:44,470 - WARNING - No content to chunk for claim_20251086589_38665804.pdf
2026-03-08 14:45:44,470 - WARNING - No content to chunk for claim_20251517245_33030965.pdf
2026-03-08 14:45:44,470 - WARNING - No content to chunk for claim_20251518309_33253334.pdf
2026-03-08 14:45:44,470 - WARNING - No content to chunk for claim_20251055896_38080648.pdf
2026-03-08 14:45:44,470 - WARNING - No content to chunk for claim_20251513764_32296690.pdf
2026-03-08 14:45:44,470 - WARNING - No content to chunk for claim_20251513211_32159348.pdf
2026-03-08 14:45:44,470 - WARNING - No content to chunk for claim_20250003362_35662652.pdf
2026-03-08 14:45:44,470 - WARNING - No content to chunk for claim_20251074114_37901105.pdf
2026-03-08 14:45:44,470 - WARNING - No content to chunk for claim_20251025404_39228706.pdf
2026-03-08 14:45:44,470 - WARNING - No content to chunk for claim_20251546493_36524727.pdf
2026-03-08 14:45:44,470 - WARNING - No content to chunk for claim_20251049938_36158602.pdf
2026-03-08 14:45:44,470 - WARNING - No content to chunk for claim_20251054402_36620978.pdf
2026-03-08 14:45:44,470 - WARNING - No content to chunk for claim_20251540565_36001779.pdf
2026-03-08 14:45:44,470 - WARNING - No content to chunk for claim_20251527109_34893414.pdf
2026-03-08 14:45:44,470 - WARNING - No content to chunk for claim_20251076298_37994597.pdf
2026-03-08 14:45:44,470 - WARNING - No content to chunk for claim_20251539629_35910655.pdf
2026-03-08 14:45:44,470 - WARNING - No content to chunk for claim_20251075267_40934535.pdf
2026-03-08 14:45:44,471 - WARNING - No content to chunk for claim_20251054402_38975859.pdf
2026-03-08 14:45:44,471 - WARNING - No content to chunk for claim_20251512235_40293782.pdf
2026-03-08 14:45:44,471 - WARNING - No content to chunk for claim_20251532462_35322240.pdf
2026-03-08 14:45:44,471 - WARNING - No content to chunk for claim_20251538886_35867669.pdf
2026-03-08 14:45:44,471 - WARNING - No content to chunk for claim_20251026823_34187888.pdf
2026-03-08 14:45:44,471 - WARNING - No content to chunk for claim_20251015402_32798493.pdf
2026-03-08 14:45:44,471 - WARNING - No content to chunk for claim_20251013819_33448738.pdf
2026-03-08 14:45:44,471 - WARNING - No content to chunk for claim_20251078477_38145366.pdf
2026-03-08 14:45:44,471 - WARNING - No content to chunk for claim_20251068876_37508644.pdf
2026-03-08 14:45:44,471 - WARNING - No content to chunk for claim_20251532711_35357130.pdf
2026-03-08 14:45:44,471 - WARNING - No content to chunk for claim_20251029821_34629934.pdf
2026-03-08 14:45:44,471 - WARNING - No content to chunk for claim_20251511546_31885987.pdf
2026-03-08 14:45:44,471 - WARNING - No content to chunk for claim_20251031415_34847053.pdf
2026-03-08 14:45:44,471 - WARNING - No content to chunk for claim_20250002876_35212161.pdf
2026-03-08 14:45:44,471 - WARNING - No content to chunk for claim_20251537726_35783522.pdf
2026-03-08 14:45:44,471 - WARNING - No content to chunk for claim_20251022496_33833645.pdf
2026-03-08 14:45:44,471 - WARNING - No content to chunk for claim_20251512235_37601464.pdf
2026-03-08 14:45:44,471 - WARNING - No content to chunk for claim_20251062024_37038496.pdf
2026-03-08 14:45:44,471 - WARNING - No content to chunk for claim_20251040320_35476429.pdf
2026-03-08 14:45:44,471 - WARNING - No content to chunk for claim_20251069377_40811674.pdf
2026-03-08 14:45:44,471 - WARNING - No content to chunk for claim_20251071952_37714954.pdf
2026-03-08 14:45:44,471 - WARNING - No content to chunk for claim_20251541654_36900552.pdf
2026-03-08 14:45:44,471 - WARNING - No content to chunk for claim_20251025620_35137857.pdf
2026-03-08 14:45:44,471 - WARNING - No content to chunk for claim_20251539338_35896948.pdf
2026-03-08 14:45:44,472 - WARNING - No content to chunk for claim_20251075174_38490209.pdf
2026-03-08 14:45:44,472 - WARNING - No content to chunk for claim_20251078429_40062745.pdf
2026-03-08 14:45:44,472 - INFO - Chunking complete. 0 chunks from 89 documents.
2026-03-14 12:11:56,594 - INFO - Starting chunking for 89 documents.
2026-03-14 12:11:56,597 - WARNING - No content to chunk for claim_20251030312_39291676.pdf
2026-03-14 12:11:56,597 - WARNING - No content to chunk for claim_20251055894_36772443.pdf
2026-03-14 12:11:56,597 - WARNING - No content to chunk for claim_20251523021_34195159.pdf
2026-03-14 12:11:56,597 - WARNING - No content to chunk for claim_20251521176_33813825.pdf
2026-03-14 12:11:56,598 - WARNING - No content to chunk for claim_20251078574_38547263.pdf
2026-03-14 12:11:56,598 - WARNING - No content to chunk for claim_20251549037_36713462.pdf
2026-03-14 12:11:56,598 - WARNING - No content to chunk for claim_20251524468_40048152.pdf
2026-03-14 12:11:56,598 - WARNING - No content to chunk for claim_20251059005_36869712.pdf
2026-03-14 12:11:56,598 - WARNING - No content to chunk for claim_20251043820_37690810.pdf
2026-03-14 12:11:56,598 - WARNING - No content to chunk for claim_20251040965_35531112.pdf
2026-03-14 12:11:56,598 - WARNING - No content to chunk for claim_20251051432_36462712.pdf
2026-03-14 12:11:56,598 - WARNING - No content to chunk for claim_20251541443_36147504.pdf
2026-03-14 12:11:56,598 - WARNING - No content to chunk for claim_20251041181_35547841.pdf
2026-03-14 12:11:56,598 - WARNING - No content to chunk for claim_20251087436_38795377.pdf
2026-03-14 12:11:56,598 - WARNING - No content to chunk for claim_20251083384_38478052.pdf
2026-03-14 12:11:56,598 - WARNING - No content to chunk for claim_20251077317_38066306.pdf
2026-03-14 12:11:56,598 - WARNING - No content to chunk for claim_20251030562_34754399.pdf
2026-03-14 12:11:56,598 - WARNING - No content to chunk for claim_20251518316_33256337.pdf
2026-03-14 12:11:56,598 - WARNING - No content to chunk for claim_20251034131_35031673.pdf
2026-03-14 12:11:56,598 - WARNING - No content to chunk for claim_20251516851_32943044.pdf
2026-03-14 12:11:56,598 - WARNING - No content to chunk for claim_20251025404_34998085.pdf
2026-03-14 12:11:56,598 - WARNING - No content to chunk for claim_20250001628_35571295.pdf
2026-03-14 12:11:56,599 - WARNING - No content to chunk for claim_20251045595_38247967.pdf
2026-03-14 12:11:56,599 - WARNING - No content to chunk for claim_20251549056_36713155.pdf
2026-03-14 12:11:56,599 - WARNING - No content to chunk for claim_20251061979_37603202.pdf
2026-03-14 12:11:56,599 - WARNING - No content to chunk for claim_20251526665_34834759.pdf
2026-03-14 12:11:56,599 - WARNING - No content to chunk for claim_20251048632_36051732.pdf
2026-03-14 12:11:56,599 - WARNING - No content to chunk for claim_20251024415_34950279.pdf
2026-03-14 12:11:56,599 - WARNING - No content to chunk for claim_20251522519_34120777.pdf
2026-03-14 12:11:56,599 - WARNING - No content to chunk for claim_20250001637_33063420.pdf
2026-03-14 12:11:56,599 - WARNING - No content to chunk for claim_20251524468_34463134.pdf
2026-03-14 12:11:56,599 - WARNING - No content to chunk for claim_20251031303_34831917.pdf
2026-03-14 12:11:56,599 - WARNING - No content to chunk for claim_20251033831_34985733.pdf
2026-03-14 12:11:56,599 - WARNING - No content to chunk for claim_20251078574_42376025.pdf
2026-03-14 12:11:56,599 - WARNING - No content to chunk for claim_20251518402_33280041.pdf
2026-03-14 12:11:56,599 - WARNING - No content to chunk for claim_20251033089_34940917.pdf
2026-03-14 12:11:56,599 - WARNING - No content to chunk for claim_20251522046_34010379.pdf
2026-03-14 12:11:56,599 - WARNING - No content to chunk for claim_20251073234_37835582.pdf
2026-03-14 12:11:56,599 - WARNING - No content to chunk for claim_20251031330_34836061.pdf
2026-03-14 12:11:56,599 - WARNING - No content to chunk for claim_20251030312_34767523.pdf
2026-03-14 12:11:56,599 - WARNING - No content to chunk for claim_20251530303_35151891.pdf
2026-03-14 12:11:56,599 - WARNING - No content to chunk for claim_20251066043_38183851.pdf
2026-03-14 12:11:56,599 - WARNING - No content to chunk for claim_20251069377_37540480.pdf
2026-03-14 12:11:56,599 - WARNING - No content to chunk for claim_20251516814_32929284.pdf
2026-03-14 12:11:56,599 - WARNING - No content to chunk for claim_20251075267_38219279.pdf
2026-03-14 12:11:56,599 - WARNING - No content to chunk for claim_20251520966_33762404.pdf
2026-03-14 12:11:56,599 - WARNING - No content to chunk for claim_20251086589_38665804.pdf
2026-03-14 12:11:56,599 - WARNING - No content to chunk for claim_20251517245_33030965.pdf
2026-03-14 12:11:56,600 - WARNING - No content to chunk for claim_20251518309_33253334.pdf
2026-03-14 12:11:56,600 - WARNING - No content to chunk for claim_20251055896_38080648.pdf
2026-03-14 12:11:56,600 - WARNING - No content to chunk for claim_20251513764_32296690.pdf
2026-03-14 12:11:56,600 - WARNING - No content to chunk for claim_20251513211_32159348.pdf
2026-03-14 12:11:56,600 - WARNING - No content to chunk for claim_20250003362_35662652.pdf
2026-03-14 12:11:56,600 - WARNING - No content to chunk for claim_20251074114_37901105.pdf
2026-03-14 12:11:56,600 - WARNING - No content to chunk for claim_20251025404_39228706.pdf
2026-03-14 12:11:56,600 - WARNING - No content to chunk for claim_20251546493_36524727.pdf
2026-03-14 12:11:56,600 - WARNING - No content to chunk for claim_20251049938_36158602.pdf
2026-03-14 12:11:56,600 - WARNING - No content to chunk for claim_20251054402_36620978.pdf
2026-03-14 12:11:56,600 - WARNING - No content to chunk for claim_20251540565_36001779.pdf
2026-03-14 12:11:56,600 - WARNING - No content to chunk for claim_20251527109_34893414.pdf
2026-03-14 12:11:56,600 - WARNING - No content to chunk for claim_20251076298_37994597.pdf
2026-03-14 12:11:56,600 - WARNING - No content to chunk for claim_20251539629_35910655.pdf
2026-03-14 12:11:56,600 - WARNING - No content to chunk for claim_20251075267_40934535.pdf
2026-03-14 12:11:56,600 - WARNING - No content to chunk for claim_20251054402_38975859.pdf
2026-03-14 12:11:56,600 - WARNING - No content to chunk for claim_20251512235_40293782.pdf
2026-03-14 12:11:56,600 - WARNING - No content to chunk for claim_20251532462_35322240.pdf
2026-03-14 12:11:56,600 - WARNING - No content to chunk for claim_20251538886_35867669.pdf
2026-03-14 12:11:56,600 - WARNING - No content to chunk for claim_20251026823_34187888.pdf
2026-03-14 12:11:56,600 - WARNING - No content to chunk for claim_20251015402_32798493.pdf
2026-03-14 12:11:56,600 - WARNING - No content to chunk for claim_20251013819_33448738.pdf
2026-03-14 12:11:56,600 - WARNING - No content to chunk for claim_20251078477_38145366.pdf
2026-03-14 12:11:56,600 - WARNING - No content to chunk for claim_20251068876_37508644.pdf
2026-03-14 12:11:56,600 - WARNING - No content to chunk for claim_20251532711_35357130.pdf
2026-03-14 12:11:56,600 - WARNING - No content to chunk for claim_20251029821_34629934.pdf
2026-03-14 12:11:56,601 - WARNING - No content to chunk for claim_20251511546_31885987.pdf
2026-03-14 12:11:56,601 - WARNING - No content to chunk for claim_20251031415_34847053.pdf
2026-03-14 12:11:56,601 - WARNING - No content to chunk for claim_20250002876_35212161.pdf
2026-03-14 12:11:56,601 - WARNING - No content to chunk for claim_20251537726_35783522.pdf
2026-03-14 12:11:56,601 - WARNING - No content to chunk for claim_20251022496_33833645.pdf
2026-03-14 12:11:56,601 - WARNING - No content to chunk for claim_20251512235_37601464.pdf
2026-03-14 12:11:56,601 - WARNING - No content to chunk for claim_20251062024_37038496.pdf
2026-03-14 12:11:56,601 - WARNING - No content to chunk for claim_20251040320_35476429.pdf
2026-03-14 12:11:56,601 - WARNING - No content to chunk for claim_20251069377_40811674.pdf
2026-03-14 12:11:56,601 - WARNING - No content to chunk for claim_20251071952_37714954.pdf
2026-03-14 12:11:56,601 - WARNING - No content to chunk for claim_20251541654_36900552.pdf
2026-03-14 12:11:56,601 - WARNING - No content to chunk for claim_20251025620_35137857.pdf
2026-03-14 12:11:56,601 - WARNING - No content to chunk for claim_20251539338_35896948.pdf
2026-03-14 12:11:56,601 - WARNING - No content to chunk for claim_20251075174_38490209.pdf
2026-03-14 12:11:56,601 - WARNING - No content to chunk for claim_20251078429_40062745.pdf
2026-03-14 12:11:56,602 - INFO - Chunking complete. 0 chunks from 89 documents.
2026-03-15 17:47:20,553 - INFO - Starting chunking for 180 documents.
2026-03-15 17:47:20,557 - WARNING - No content to chunk for claim_20244987883_67290478.pdf
2026-03-15 17:47:20,557 - WARNING - No content to chunk for claim_20249847635_57861475.pdf
2026-03-15 17:47:20,557 - WARNING - No content to chunk for claim_20254313892_23660798.pdf
2026-03-15 17:47:20,557 - WARNING - No content to chunk for claim_20247330884_42279304.pdf
2026-03-15 17:47:20,557 - WARNING - No content to chunk for claim_20244139468_73296580.pdf
2026-03-15 17:47:20,557 - WARNING - No content to chunk for claim_20259418911_50659029.pdf
2026-03-15 17:47:20,557 - WARNING - No content to chunk for claim_20246927014_59238750.pdf
2026-03-15 17:47:20,557 - WARNING - No content to chunk for claim_20254024992_25526105.pdf
2026-03-15 17:47:20,557 - WARNING - No content to chunk for claim_20243903163_23431320.pdf
2026-03-15 17:47:20,557 - WARNING - No content to chunk for claim_20242706924_87615656.pdf
2026-03-15 17:47:20,557 - WARNING - No content to chunk for claim_20246628047_81585478.pdf
2026-03-15 17:47:20,558 - WARNING - No content to chunk for claim_20256542681_74388326.pdf
2026-03-15 17:47:20,558 - WARNING - No content to chunk for claim_20243121645_36402167.pdf
2026-03-15 17:47:20,558 - WARNING - No content to chunk for claim_20252402080_87875147.pdf
2026-03-15 17:47:20,558 - WARNING - No content to chunk for claim_20252693356_29776661.pdf
2026-03-15 17:47:20,558 - WARNING - No content to chunk for claim_20252227162_11804679.pdf
2026-03-15 17:47:20,558 - WARNING - No content to chunk for claim_20246015048_62960880.pdf
2026-03-15 17:47:20,558 - WARNING - No content to chunk for claim_20243591782_38801243.pdf
2026-03-15 17:47:20,558 - WARNING - No content to chunk for claim_20248466045_47670459.pdf
2026-03-15 17:47:20,558 - WARNING - No content to chunk for claim_20259104739_36282872.pdf
2026-03-15 17:47:20,558 - WARNING - No content to chunk for claim_20255148609_98171824.pdf
2026-03-15 17:47:20,558 - WARNING - No content to chunk for claim_20256012705_45064591.pdf
2026-03-15 17:47:20,558 - WARNING - No content to chunk for claim_20248972256_35971824.pdf
2026-03-15 17:47:20,558 - WARNING - No content to chunk for claim_20245748651_70302422.pdf
2026-03-15 17:47:20,558 - WARNING - No content to chunk for claim_20258755932_58884527.pdf
2026-03-15 17:47:20,558 - WARNING - No content to chunk for claim_20246822360_68592297.pdf
2026-03-15 17:47:20,558 - WARNING - No content to chunk for claim_20255700317_62633302.pdf
2026-03-15 17:47:20,558 - WARNING - No content to chunk for claim_20257251735_73811192.pdf
2026-03-15 17:47:20,558 - WARNING - No content to chunk for claim_20259985708_13761661.pdf
2026-03-15 17:47:20,558 - WARNING - No content to chunk for claim_20246716524_29007633.pdf
2026-03-15 17:47:20,558 - WARNING - No content to chunk for claim_20259830375_89328606.pdf
2026-03-15 17:47:20,558 - WARNING - No content to chunk for claim_20249300264_28235109.pdf
2026-03-15 17:47:20,558 - WARNING - No content to chunk for claim_20242189968_83826273.pdf
2026-03-15 17:47:20,558 - WARNING - No content to chunk for claim_20246528823_71642262.pdf
2026-03-15 17:47:20,558 - WARNING - No content to chunk for claim_20244259743_64071877.pdf
2026-03-15 17:47:20,558 - WARNING - No content to chunk for claim_20254780770_77978945.pdf
2026-03-15 17:47:20,558 - WARNING - No content to chunk for claim_20248656002_77749403.pdf
2026-03-15 17:47:20,558 - WARNING - No content to chunk for claim_20244681649_19347767.pdf
2026-03-15 17:47:20,558 - WARNING - No content to chunk for claim_20247669452_47697621.pdf
2026-03-15 17:47:20,558 - WARNING - No content to chunk for claim_20251970754_82788653.pdf
2026-03-15 17:47:20,558 - WARNING - No content to chunk for claim_20246230248_66369411.pdf
2026-03-15 17:47:20,558 - WARNING - No content to chunk for claim_20254595106_88079359.pdf
2026-03-15 17:47:20,559 - WARNING - No content to chunk for claim_20249001228_80183933.pdf
2026-03-15 17:47:20,559 - WARNING - No content to chunk for claim_20247368938_19711852.pdf
2026-03-15 17:47:20,559 - WARNING - No content to chunk for claim_20241378294_82732864.pdf
2026-03-15 17:47:20,559 - WARNING - No content to chunk for claim_20255477303_12722988.pdf
2026-03-15 17:47:20,559 - WARNING - No content to chunk for claim_20246426075_18319141.pdf
2026-03-15 17:47:20,559 - WARNING - No content to chunk for claim_20255480245_94652858.pdf
2026-03-15 17:47:20,559 - WARNING - No content to chunk for claim_20252718032_72893510.pdf
2026-03-15 17:47:20,559 - WARNING - No content to chunk for claim_20242875212_62844082.pdf
2026-03-15 17:47:20,559 - WARNING - No content to chunk for claim_20241817396_86684946.pdf
2026-03-15 17:47:20,559 - WARNING - No content to chunk for claim_20253250392_94134085.pdf
2026-03-15 17:47:20,559 - WARNING - No content to chunk for claim_20244564856_14951001.pdf
2026-03-15 17:47:20,559 - WARNING - No content to chunk for claim_20253777872_75722339.pdf
2026-03-15 17:47:20,559 - WARNING - No content to chunk for claim_20253066168_76079479.pdf
2026-03-15 17:47:20,559 - WARNING - No content to chunk for claim_20259826282_35952436.pdf
2026-03-15 17:47:20,559 - WARNING - No content to chunk for claim_20246640347_20880924.pdf
2026-03-15 17:47:20,559 - WARNING - No content to chunk for claim_20248066954_33365092.pdf
2026-03-15 17:47:20,559 - WARNING - No content to chunk for claim_20247355573_89099157.pdf
2026-03-15 17:47:20,559 - WARNING - No content to chunk for claim_20253369402_66427923.pdf
2026-03-15 17:47:20,559 - WARNING - No content to chunk for claim_20246380877_52530139.pdf
2026-03-15 17:47:20,559 - WARNING - No content to chunk for claim_20245159909_38308182.pdf
2026-03-15 17:47:20,559 - WARNING - No content to chunk for claim_20248741911_40054101.pdf
2026-03-15 17:47:20,559 - WARNING - No content to chunk for claim_20243136219_40516245.pdf
2026-03-15 17:47:20,559 - WARNING - No content to chunk for claim_20255299835_67280970.pdf
2026-03-15 17:47:20,559 - WARNING - No content to chunk for claim_20252749190_18061773.pdf
2026-03-15 17:47:20,559 - WARNING - No content to chunk for claim_20249178492_99597782.pdf
2026-03-15 17:47:20,559 - WARNING - No content to chunk for claim_20248209263_40215141.pdf
2026-03-15 17:47:20,559 - WARNING - No content to chunk for claim_20254448643_12129873.pdf
2026-03-15 17:47:20,559 - WARNING - No content to chunk for claim_20255748418_77796440.pdf
2026-03-15 17:47:20,559 - WARNING - No content to chunk for claim_20242913321_82532568.pdf
2026-03-15 17:47:20,559 - WARNING - No content to chunk for claim_20245755862_46630441.pdf
2026-03-15 17:47:20,559 - WARNING - No content to chunk for claim_20259022312_85052081.pdf
2026-03-15 17:47:20,559 - WARNING - No content to chunk for claim_20257982662_54798127.pdf
2026-03-15 17:47:20,560 - WARNING - No content to chunk for claim_20259093270_85853401.pdf
2026-03-15 17:47:20,560 - WARNING - No content to chunk for claim_20241873411_41644123.pdf
2026-03-15 17:47:20,560 - WARNING - No content to chunk for claim_20244111010_94755335.pdf
2026-03-15 17:47:20,560 - WARNING - No content to chunk for claim_20243742988_44132375.pdf
2026-03-15 17:47:20,560 - WARNING - No content to chunk for claim_20253803961_12513784.pdf
2026-03-15 17:47:20,560 - WARNING - No content to chunk for claim_20249922507_75846681.pdf
2026-03-15 17:47:20,560 - WARNING - No content to chunk for claim_20252426243_88314071.pdf
2026-03-15 17:47:20,560 - WARNING - No content to chunk for claim_20243383249_21844932.pdf
2026-03-15 17:47:20,560 - WARNING - No content to chunk for claim_20255764624_18034358.pdf
2026-03-15 17:47:20,560 - WARNING - No content to chunk for claim_20247522794_27396674.pdf
2026-03-15 17:47:20,560 - WARNING - No content to chunk for claim_20248095319_73434253.pdf
2026-03-15 17:47:20,560 - WARNING - No content to chunk for claim_20246033021_85737732.pdf
2026-03-15 17:47:20,560 - WARNING - No content to chunk for claim_20244495817_85208931.pdf
2026-03-15 17:47:20,560 - WARNING - No content to chunk for claim_20253786233_33496240.pdf
2026-03-15 17:47:20,560 - WARNING - No content to chunk for claim_20255798301_54902604.pdf
2026-03-15 17:47:20,560 - WARNING - No content to chunk for claim_20246298568_72307036.pdf
2026-03-15 17:47:20,560 - WARNING - No content to chunk for claim_20241829322_66805819.pdf
2026-03-15 17:47:20,560 - WARNING - No content to chunk for claim_20241780101_43657647.pdf
2026-03-15 17:47:20,560 - WARNING - No content to chunk for claim_20245695398_63376518.pdf
2026-03-15 17:47:20,560 - WARNING - No content to chunk for claim_20256726443_27947704.pdf
2026-03-15 17:47:20,560 - WARNING - No content to chunk for claim_20255173012_79226422.pdf
2026-03-15 17:47:20,560 - WARNING - No content to chunk for claim_20244512094_54694307.pdf
2026-03-15 17:47:20,560 - WARNING - No content to chunk for claim_20259330002_10885357.pdf
2026-03-15 17:47:20,560 - WARNING - No content to chunk for claim_20255407655_69445677.pdf
2026-03-15 17:47:20,560 - WARNING - No content to chunk for claim_20253018901_62762829.pdf
2026-03-15 17:47:20,560 - WARNING - No content to chunk for claim_20245317557_18755564.pdf
2026-03-15 17:47:20,560 - WARNING - No content to chunk for claim_20245879461_15689401.pdf
2026-03-15 17:47:20,560 - WARNING - No content to chunk for claim_20259709329_69683145.pdf
2026-03-15 17:47:20,560 - WARNING - No content to chunk for claim_20246296278_88053084.pdf
2026-03-15 17:47:20,560 - WARNING - No content to chunk for claim_20242031097_51134758.pdf
2026-03-15 17:47:20,560 - WARNING - No content to chunk for claim_20255645066_94556463.pdf
2026-03-15 17:47:20,560 - WARNING - No content to chunk for claim_20252144594_70813269.pdf
2026-03-15 17:47:20,561 - WARNING - No content to chunk for claim_20258780936_73018942.pdf
2026-03-15 17:47:20,561 - WARNING - No content to chunk for claim_20243984760_65551424.pdf
2026-03-15 17:47:20,561 - WARNING - No content to chunk for claim_20241541959_79301029.pdf
2026-03-15 17:47:20,561 - WARNING - No content to chunk for claim_20257720685_15496462.pdf
2026-03-15 17:47:20,561 - WARNING - No content to chunk for claim_20258516614_39210672.pdf
2026-03-15 17:47:20,561 - WARNING - No content to chunk for claim_20242521329_35884915.pdf
2026-03-15 17:47:20,561 - WARNING - No content to chunk for claim_20255468871_26349571.pdf
2026-03-15 17:47:20,561 - WARNING - No content to chunk for claim_20259969043_76263794.pdf
2026-03-15 17:47:20,561 - WARNING - No content to chunk for claim_20249966561_76006793.pdf
2026-03-15 17:47:20,561 - WARNING - No content to chunk for claim_20248822927_97724374.pdf
2026-03-15 17:47:20,561 - WARNING - No content to chunk for claim_20241996896_94272731.pdf
2026-03-15 17:47:20,561 - WARNING - No content to chunk for claim_20243165001_68452199.pdf
2026-03-15 17:47:20,561 - WARNING - No content to chunk for claim_20251177473_88372015.pdf
2026-03-15 17:47:20,561 - WARNING - No content to chunk for claim_20247505495_16188026.pdf
2026-03-15 17:47:20,561 - WARNING - No content to chunk for claim_20244238676_15323275.pdf
2026-03-15 17:47:20,561 - WARNING - No content to chunk for claim_20258809653_52029716.pdf
2026-03-15 17:47:20,561 - WARNING - No content to chunk for claim_20246908145_64982074.pdf
2026-03-15 17:47:20,561 - WARNING - No content to chunk for claim_20252558920_71919408.pdf
2026-03-15 17:47:20,561 - WARNING - No content to chunk for claim_20255331588_83734978.pdf
2026-03-15 17:47:20,561 - WARNING - No content to chunk for claim_20244192399_86857545.pdf
2026-03-15 17:47:20,561 - WARNING - No content to chunk for claim_20244762237_47436158.pdf
2026-03-15 17:47:20,561 - WARNING - No content to chunk for claim_20241730258_26219403.pdf
2026-03-15 17:47:20,561 - WARNING - No content to chunk for claim_20241258893_32779705.pdf
2026-03-15 17:47:20,561 - WARNING - No content to chunk for claim_20254616780_57614642.pdf
2026-03-15 17:47:20,561 - WARNING - No content to chunk for claim_20257183937_59188318.pdf
2026-03-15 17:47:20,561 - WARNING - No content to chunk for claim_20248748276_26647447.pdf
2026-03-15 17:47:20,561 - WARNING - No content to chunk for claim_20257153052_91298234.pdf
2026-03-15 17:47:20,561 - WARNING - No content to chunk for claim_20247580828_31967939.pdf
2026-03-15 17:47:20,561 - WARNING - No content to chunk for claim_20241179382_44868355.pdf
2026-03-15 17:47:20,561 - WARNING - No content to chunk for claim_20259960752_23787893.pdf
2026-03-15 17:47:20,561 - WARNING - No content to chunk for claim_20256366637_69230595.pdf
2026-03-15 17:47:20,561 - WARNING - No content to chunk for claim_20246423782_87665392.pdf
2026-03-15 17:47:20,562 - WARNING - No content to chunk for claim_20244494680_22948740.pdf
2026-03-15 17:47:20,562 - WARNING - No content to chunk for claim_20248994031_12379237.pdf
2026-03-15 17:47:20,562 - WARNING - No content to chunk for claim_20242249815_65022149.pdf
2026-03-15 17:47:20,562 - WARNING - No content to chunk for claim_20245318770_75520980.pdf
2026-03-15 17:47:20,562 - WARNING - No content to chunk for claim_20241596161_59849123.pdf
2026-03-15 17:47:20,562 - WARNING - No content to chunk for claim_20258548716_37670349.pdf
2026-03-15 17:47:20,562 - WARNING - No content to chunk for claim_20241550759_57596785.pdf
2026-03-15 17:47:20,562 - WARNING - No content to chunk for claim_20241295557_24305655.pdf
2026-03-15 17:47:20,562 - WARNING - No content to chunk for claim_20246418101_74012438.pdf
2026-03-15 17:47:20,562 - WARNING - No content to chunk for claim_20256381574_94096655.pdf
2026-03-15 17:47:20,562 - WARNING - No content to chunk for claim_20253255171_16466044.pdf
2026-03-15 17:47:20,562 - WARNING - No content to chunk for claim_20254218829_80886055.pdf
2026-03-15 17:47:20,562 - WARNING - No content to chunk for claim_20243564629_36277016.pdf
2026-03-15 17:47:20,562 - WARNING - No content to chunk for claim_20255030245_18162039.pdf
2026-03-15 17:47:20,562 - WARNING - No content to chunk for claim_20249793618_78229701.pdf
2026-03-15 17:47:20,562 - WARNING - No content to chunk for claim_20244264790_90296293.pdf
2026-03-15 17:47:20,562 - WARNING - No content to chunk for claim_20245866686_57376703.pdf
2026-03-15 17:47:20,562 - WARNING - No content to chunk for claim_20253553583_11442654.pdf
2026-03-15 17:47:20,562 - WARNING - No content to chunk for claim_20254575954_48820148.pdf
2026-03-15 17:47:20,562 - WARNING - No content to chunk for claim_20249241312_50713240.pdf
2026-03-15 17:47:20,562 - WARNING - No content to chunk for claim_20244935145_62878064.pdf
2026-03-15 17:47:20,562 - WARNING - No content to chunk for claim_20259717878_87240216.pdf
2026-03-15 17:47:20,562 - WARNING - No content to chunk for claim_20241720596_58265349.pdf
2026-03-15 17:47:20,562 - WARNING - No content to chunk for claim_20252416979_44640162.pdf
2026-03-15 17:47:20,562 - WARNING - No content to chunk for claim_20253006768_64017670.pdf
2026-03-15 17:47:20,562 - WARNING - No content to chunk for claim_20242785006_73537695.pdf
2026-03-15 17:47:20,562 - WARNING - No content to chunk for claim_20256967319_70175121.pdf
2026-03-15 17:47:20,562 - WARNING - No content to chunk for claim_20244680950_11876757.pdf
2026-03-15 17:47:20,562 - WARNING - No content to chunk for claim_20256019480_34214787.pdf
2026-03-15 17:47:20,562 - WARNING - No content to chunk for claim_20255370381_34675775.pdf
2026-03-15 17:47:20,562 - WARNING - No content to chunk for claim_20242052673_62486361.pdf
2026-03-15 17:47:20,562 - WARNING - No content to chunk for claim_20243552372_14790228.pdf
2026-03-15 17:47:20,563 - WARNING - No content to chunk for claim_20255140604_99119832.pdf
2026-03-15 17:47:20,563 - WARNING - No content to chunk for claim_20256010121_64977314.pdf
2026-03-15 17:47:20,563 - WARNING - No content to chunk for claim_20243420571_37400112.pdf
2026-03-15 17:47:20,563 - WARNING - No content to chunk for claim_20245613555_15824919.pdf
2026-03-15 17:47:20,563 - WARNING - No content to chunk for claim_20241307957_90958333.pdf
2026-03-15 17:47:20,563 - WARNING - No content to chunk for claim_20254071397_59969391.pdf
2026-03-15 17:47:20,563 - WARNING - No content to chunk for claim_20251347535_22294218.pdf
2026-03-15 17:47:20,563 - WARNING - No content to chunk for claim_20259602353_41687103.pdf
2026-03-15 17:47:20,563 - WARNING - No content to chunk for claim_20248689383_44551037.pdf
2026-03-15 17:47:20,563 - WARNING - No content to chunk for claim_20247186593_27471862.pdf
2026-03-15 17:47:20,563 - INFO - Chunking complete. 0 chunks from 180 documents.
2026-03-15 17:52:08,314 - INFO - Starting chunking for 90 documents.
2026-03-15 17:52:08,315 - WARNING - No content to chunk for claim_20243725010_76336936.pdf
2026-03-15 17:52:08,315 - WARNING - No content to chunk for claim_20247869165_44632635.pdf
2026-03-15 17:52:08,315 - WARNING - No content to chunk for claim_20243205923_45950426.pdf
2026-03-15 17:52:08,315 - WARNING - No content to chunk for claim_20256063499_48159191.pdf
2026-03-15 17:52:08,315 - WARNING - No content to chunk for claim_20246162392_44649680.pdf
2026-03-15 17:52:08,315 - WARNING - No content to chunk for claim_20254082911_23347455.pdf
2026-03-15 17:52:08,315 - WARNING - No content to chunk for claim_20247987225_55726342.pdf
2026-03-15 17:52:08,315 - WARNING - No content to chunk for claim_20255084683_46441508.pdf
2026-03-15 17:52:08,315 - WARNING - No content to chunk for claim_20241529407_67637532.pdf
2026-03-15 17:52:08,316 - WARNING - No content to chunk for claim_20259743811_69941930.pdf
2026-03-15 17:52:08,316 - WARNING - No content to chunk for claim_20254438434_97737203.pdf
2026-03-15 17:52:08,316 - WARNING - No content to chunk for claim_20244916236_65878529.pdf
2026-03-15 17:52:08,316 - WARNING - No content to chunk for claim_20255234371_96242714.pdf
2026-03-15 17:52:08,316 - WARNING - No content to chunk for claim_20249405566_49672765.pdf
2026-03-15 17:52:08,316 - WARNING - No content to chunk for claim_20256519027_19156319.pdf
2026-03-15 17:52:08,316 - WARNING - No content to chunk for claim_20256029535_43559181.pdf
2026-03-15 17:52:08,316 - WARNING - No content to chunk for claim_20256912848_49690201.pdf
2026-03-15 17:52:08,316 - WARNING - No content to chunk for claim_20253939490_43222913.pdf
2026-03-15 17:52:08,316 - WARNING - No content to chunk for claim_20245311277_93318602.pdf
2026-03-15 17:52:08,316 - WARNING - No content to chunk for claim_20251464782_54794506.pdf
2026-03-15 17:52:08,316 - WARNING - No content to chunk for claim_20249475478_86691029.pdf
2026-03-15 17:52:08,316 - WARNING - No content to chunk for claim_20259503098_91920110.pdf
2026-03-15 17:52:08,316 - WARNING - No content to chunk for claim_20254462871_58496460.pdf
2026-03-15 17:52:08,316 - WARNING - No content to chunk for claim_20256568743_32006590.pdf
2026-03-15 17:52:08,316 - WARNING - No content to chunk for claim_20257497809_75787450.pdf
2026-03-15 17:52:08,316 - WARNING - No content to chunk for claim_20251286829_19827373.pdf
2026-03-15 17:52:08,316 - WARNING - No content to chunk for claim_20243283958_70244287.pdf
2026-03-15 17:52:08,316 - WARNING - No content to chunk for claim_20249223222_53410183.pdf
2026-03-15 17:52:08,316 - WARNING - No content to chunk for claim_20252377755_39070639.pdf
2026-03-15 17:52:08,316 - WARNING - No content to chunk for claim_20241736463_71004850.pdf
2026-03-15 17:52:08,316 - WARNING - No content to chunk for claim_20251221402_81147522.pdf
2026-03-15 17:52:08,317 - WARNING - No content to chunk for claim_20245129043_19253614.pdf
2026-03-15 17:52:08,317 - WARNING - No content to chunk for claim_20257975702_10619392.pdf
2026-03-15 17:52:08,317 - WARNING - No content to chunk for claim_20249080594_43280118.pdf
2026-03-15 17:52:08,317 - WARNING - No content to chunk for claim_20243684243_92972911.pdf
2026-03-15 17:52:08,317 - WARNING - No content to chunk for claim_20258249026_61880254.pdf
2026-03-15 17:52:08,317 - WARNING - No content to chunk for claim_20249733162_19936232.pdf
2026-03-15 17:52:08,317 - WARNING - No content to chunk for claim_20259075901_51776103.pdf
2026-03-15 17:52:08,317 - WARNING - No content to chunk for claim_20257788799_23912274.pdf
2026-03-15 17:52:08,317 - WARNING - No content to chunk for claim_20252879081_70509832.pdf
2026-03-15 17:52:08,317 - WARNING - No content to chunk for claim_20245490051_30034514.pdf
2026-03-15 17:52:08,317 - WARNING - No content to chunk for claim_20247177741_19101082.pdf
2026-03-15 17:52:08,317 - WARNING - No content to chunk for claim_20255330403_99268688.pdf
2026-03-15 17:52:08,317 - WARNING - No content to chunk for claim_20258095980_69088525.pdf
2026-03-15 17:52:08,317 - WARNING - No content to chunk for claim_20253231879_42724439.pdf
2026-03-15 17:52:08,317 - WARNING - No content to chunk for claim_20245739661_78856343.pdf
2026-03-15 17:52:08,317 - WARNING - No content to chunk for claim_20253243174_34963754.pdf
2026-03-15 17:52:08,317 - WARNING - No content to chunk for claim_20247355869_31680081.pdf
2026-03-15 17:52:08,317 - WARNING - No content to chunk for claim_20241847228_79429505.pdf
2026-03-15 17:52:08,317 - WARNING - No content to chunk for claim_20243230481_87712281.pdf
2026-03-15 17:52:08,317 - WARNING - No content to chunk for claim_20259731272_30344781.pdf
2026-03-15 17:52:08,317 - WARNING - No content to chunk for claim_20253462485_15610411.pdf
2026-03-15 17:52:08,317 - WARNING - No content to chunk for claim_20242779386_94091838.pdf
2026-03-15 17:52:08,317 - WARNING - No content to chunk for claim_20253686734_19591455.pdf
2026-03-15 17:52:08,317 - WARNING - No content to chunk for claim_20254491859_53370168.pdf
2026-03-15 17:52:08,318 - WARNING - No content to chunk for claim_20242079466_44783155.pdf
2026-03-15 17:52:08,318 - WARNING - No content to chunk for claim_20259966021_51514128.pdf
2026-03-15 17:52:08,318 - WARNING - No content to chunk for claim_20259966041_48686624.pdf
2026-03-15 17:52:08,318 - WARNING - No content to chunk for claim_20257911152_15698091.pdf
2026-03-15 17:52:08,318 - WARNING - No content to chunk for claim_20252711858_91708135.pdf
2026-03-15 17:52:08,318 - WARNING - No content to chunk for claim_20254918361_84733908.pdf
2026-03-15 17:52:08,318 - WARNING - No content to chunk for claim_20243187118_71149802.pdf
2026-03-15 17:52:08,318 - WARNING - No content to chunk for claim_20254815595_63936476.pdf
2026-03-15 17:52:08,318 - WARNING - No content to chunk for claim_20256272798_60678616.pdf
2026-03-15 17:52:08,318 - WARNING - No content to chunk for claim_20249009293_42970224.pdf
2026-03-15 17:52:08,318 - WARNING - No content to chunk for claim_20257801665_54780057.pdf
2026-03-15 17:52:08,318 - WARNING - No content to chunk for claim_20258131255_47484442.pdf
2026-03-15 17:52:08,318 - WARNING - No content to chunk for claim_20257060017_82123643.pdf
2026-03-15 17:52:08,318 - WARNING - No content to chunk for claim_20241464876_32974929.pdf
2026-03-15 17:52:08,318 - WARNING - No content to chunk for claim_20243024518_72823425.pdf
2026-03-15 17:52:08,318 - WARNING - No content to chunk for claim_20257331999_34333791.pdf
2026-03-15 17:52:08,318 - WARNING - No content to chunk for claim_20249459696_69071004.pdf
2026-03-15 17:52:08,318 - WARNING - No content to chunk for claim_20248282853_42968701.pdf
2026-03-15 17:52:08,318 - WARNING - No content to chunk for claim_20241502168_96346449.pdf
2026-03-15 17:52:08,318 - WARNING - No content to chunk for claim_20252777390_34072932.pdf
2026-03-15 17:52:08,318 - WARNING - No content to chunk for claim_20245478798_82304902.pdf
2026-03-15 17:52:08,318 - WARNING - No content to chunk for claim_20247986767_34930916.pdf
2026-03-15 17:52:08,318 - WARNING - No content to chunk for claim_20243033006_63302386.pdf
2026-03-15 17:52:08,318 - WARNING - No content to chunk for claim_20242536710_33723152.pdf
2026-03-15 17:52:08,319 - WARNING - No content to chunk for claim_20252131114_40476258.pdf
2026-03-15 17:52:08,319 - WARNING - No content to chunk for claim_20248083962_88011315.pdf
2026-03-15 17:52:08,319 - WARNING - No content to chunk for claim_20244271559_69936581.pdf
2026-03-15 17:52:08,319 - WARNING - No content to chunk for claim_20243101171_47575288.pdf
2026-03-15 17:52:08,319 - WARNING - No content to chunk for claim_20251655002_22084858.pdf
2026-03-15 17:52:08,319 - WARNING - No content to chunk for claim_20246060192_24262466.pdf
2026-03-15 17:52:08,319 - WARNING - No content to chunk for claim_20242555165_47676313.pdf
2026-03-15 17:52:08,319 - WARNING - No content to chunk for claim_20244911000_47479221.pdf
2026-03-15 17:52:08,319 - WARNING - No content to chunk for claim_20243853244_29203452.pdf
2026-03-15 17:52:08,319 - WARNING - No content to chunk for claim_20254883510_82340066.pdf
2026-03-15 17:52:08,319 - WARNING - No content to chunk for claim_20252726045_51284596.pdf
2026-03-15 17:52:08,320 - INFO - Chunking complete. 0 chunks from 90 documents.
2026-03-29 21:08:26,202 - INFO - Starting chunking for 90 documents.
2026-03-29 21:08:26,206 - WARNING - No content to chunk for claim_20243725010_76336936.pdf
2026-03-29 21:08:26,206 - WARNING - No content to chunk for claim_20247869165_44632635.pdf
2026-03-29 21:08:26,206 - WARNING - No content to chunk for claim_20243205923_45950426.pdf
2026-03-29 21:08:26,206 - WARNING - No content to chunk for claim_20256063499_48159191.pdf
2026-03-29 21:08:26,206 - WARNING - No content to chunk for claim_20246162392_44649680.pdf
2026-03-29 21:08:26,207 - WARNING - No content to chunk for claim_20254082911_23347455.pdf
2026-03-29 21:08:26,207 - WARNING - No content to chunk for claim_20247987225_55726342.pdf
2026-03-29 21:08:26,207 - WARNING - No content to chunk for claim_20255084683_46441508.pdf
2026-03-29 21:08:26,207 - WARNING - No content to chunk for claim_20241529407_67637532.pdf
2026-03-29 21:08:26,207 - WARNING - No content to chunk for claim_20259743811_69941930.pdf
2026-03-29 21:08:26,207 - WARNING - No content to chunk for claim_20254438434_97737203.pdf
2026-03-29 21:08:26,207 - WARNING - No content to chunk for claim_20244916236_65878529.pdf
2026-03-29 21:08:26,207 - WARNING - No content to chunk for claim_20255234371_96242714.pdf
2026-03-29 21:08:26,207 - WARNING - No content to chunk for claim_20249405566_49672765.pdf
2026-03-29 21:08:26,207 - WARNING - No content to chunk for claim_20256519027_19156319.pdf
2026-03-29 21:08:26,207 - WARNING - No content to chunk for claim_20256029535_43559181.pdf
2026-03-29 21:08:26,207 - WARNING - No content to chunk for claim_20256912848_49690201.pdf
2026-03-29 21:08:26,207 - WARNING - No content to chunk for claim_20253939490_43222913.pdf
2026-03-29 21:08:26,207 - WARNING - No content to chunk for claim_20245311277_93318602.pdf
2026-03-29 21:08:26,207 - WARNING - No content to chunk for claim_20251464782_54794506.pdf
2026-03-29 21:08:26,207 - WARNING - No content to chunk for claim_20249475478_86691029.pdf
2026-03-29 21:08:26,207 - WARNING - No content to chunk for claim_20259503098_91920110.pdf
2026-03-29 21:08:26,207 - WARNING - No content to chunk for claim_20254462871_58496460.pdf
2026-03-29 21:08:26,207 - WARNING - No content to chunk for claim_20256568743_32006590.pdf
2026-03-29 21:08:26,207 - WARNING - No content to chunk for claim_20257497809_75787450.pdf
2026-03-29 21:08:26,207 - WARNING - No content to chunk for claim_20251286829_19827373.pdf
2026-03-29 21:08:26,207 - WARNING - No content to chunk for claim_20243283958_70244287.pdf
2026-03-29 21:08:26,207 - WARNING - No content to chunk for claim_20249223222_53410183.pdf
2026-03-29 21:08:26,207 - WARNING - No content to chunk for claim_20252377755_39070639.pdf
2026-03-29 21:08:26,207 - WARNING - No content to chunk for claim_20241736463_71004850.pdf
2026-03-29 21:08:26,207 - WARNING - No content to chunk for claim_20251221402_81147522.pdf
2026-03-29 21:08:26,207 - WARNING - No content to chunk for claim_20245129043_19253614.pdf
2026-03-29 21:08:26,207 - WARNING - No content to chunk for claim_20257975702_10619392.pdf
2026-03-29 21:08:26,207 - WARNING - No content to chunk for claim_20249080594_43280118.pdf
2026-03-29 21:08:26,207 - WARNING - No content to chunk for claim_20243684243_92972911.pdf
2026-03-29 21:08:26,207 - WARNING - No content to chunk for claim_20258249026_61880254.pdf
2026-03-29 21:08:26,207 - WARNING - No content to chunk for claim_20249733162_19936232.pdf
2026-03-29 21:08:26,207 - WARNING - No content to chunk for claim_20259075901_51776103.pdf
2026-03-29 21:08:26,207 - WARNING - No content to chunk for claim_20257788799_23912274.pdf
2026-03-29 21:08:26,207 - WARNING - No content to chunk for claim_20252879081_70509832.pdf
2026-03-29 21:08:26,207 - WARNING - No content to chunk for claim_20245490051_30034514.pdf
2026-03-29 21:08:26,208 - WARNING - No content to chunk for claim_20247177741_19101082.pdf
2026-03-29 21:08:26,208 - WARNING - No content to chunk for claim_20255330403_99268688.pdf
2026-03-29 21:08:26,208 - WARNING - No content to chunk for claim_20258095980_69088525.pdf
2026-03-29 21:08:26,208 - WARNING - No content to chunk for claim_20253231879_42724439.pdf
2026-03-29 21:08:26,208 - WARNING - No content to chunk for claim_20245739661_78856343.pdf
2026-03-29 21:08:26,208 - WARNING - No content to chunk for claim_20253243174_34963754.pdf
2026-03-29 21:08:26,208 - WARNING - No content to chunk for claim_20247355869_31680081.pdf
2026-03-29 21:08:26,208 - WARNING - No content to chunk for claim_20241847228_79429505.pdf
2026-03-29 21:08:26,208 - WARNING - No content to chunk for claim_20243230481_87712281.pdf
2026-03-29 21:08:26,208 - WARNING - No content to chunk for claim_20259731272_30344781.pdf
2026-03-29 21:08:26,208 - WARNING - No content to chunk for claim_20253462485_15610411.pdf
2026-03-29 21:08:26,208 - WARNING - No content to chunk for claim_20242779386_94091838.pdf
2026-03-29 21:08:26,208 - WARNING - No content to chunk for claim_20253686734_19591455.pdf
2026-03-29 21:08:26,208 - WARNING - No content to chunk for claim_20254491859_53370168.pdf
2026-03-29 21:08:26,208 - WARNING - No content to chunk for claim_20242079466_44783155.pdf
2026-03-29 21:08:26,208 - WARNING - No content to chunk for claim_20259966021_51514128.pdf
2026-03-29 21:08:26,208 - WARNING - No content to chunk for claim_20259966041_48686624.pdf
2026-03-29 21:08:26,208 - WARNING - No content to chunk for claim_20257911152_15698091.pdf
2026-03-29 21:08:26,208 - WARNING - No content to chunk for claim_20252711858_91708135.pdf
2026-03-29 21:08:26,208 - WARNING - No content to chunk for claim_20254918361_84733908.pdf
2026-03-29 21:08:26,208 - WARNING - No content to chunk for claim_20243187118_71149802.pdf
2026-03-29 21:08:26,208 - WARNING - No content to chunk for claim_20254815595_63936476.pdf
2026-03-29 21:08:26,208 - WARNING - No content to chunk for claim_20256272798_60678616.pdf
2026-03-29 21:08:26,208 - WARNING - No content to chunk for claim_20249009293_42970224.pdf
2026-03-29 21:08:26,208 - WARNING - No content to chunk for claim_20257801665_54780057.pdf
2026-03-29 21:08:26,208 - WARNING - No content to chunk for claim_20258131255_47484442.pdf
2026-03-29 21:08:26,208 - WARNING - No content to chunk for claim_20257060017_82123643.pdf
2026-03-29 21:08:26,208 - WARNING - No content to chunk for claim_20241464876_32974929.pdf
2026-03-29 21:08:26,208 - WARNING - No content to chunk for claim_20243024518_72823425.pdf
2026-03-29 21:08:26,208 - WARNING - No content to chunk for claim_20257331999_34333791.pdf
2026-03-29 21:08:26,208 - WARNING - No content to chunk for claim_20249459696_69071004.pdf
2026-03-29 21:08:26,208 - WARNING - No content to chunk for claim_20248282853_42968701.pdf
2026-03-29 21:08:26,208 - WARNING - No content to chunk for claim_20241502168_96346449.pdf
2026-03-29 21:08:26,208 - WARNING - No content to chunk for claim_20252777390_34072932.pdf
2026-03-29 21:08:26,208 - WARNING - No content to chunk for claim_20245478798_82304902.pdf
2026-03-29 21:08:26,208 - WARNING - No content to chunk for claim_20247986767_34930916.pdf
2026-03-29 21:08:26,208 - WARNING - No content to chunk for claim_20243033006_63302386.pdf
2026-03-29 21:08:26,208 - WARNING - No content to chunk for claim_20242536710_33723152.pdf
2026-03-29 21:08:26,208 - WARNING - No content to chunk for claim_20252131114_40476258.pdf
2026-03-29 21:08:26,208 - WARNING - No content to chunk for claim_20248083962_88011315.pdf
2026-03-29 21:08:26,208 - WARNING - No content to chunk for claim_20244271559_69936581.pdf
2026-03-29 21:08:26,208 - WARNING - No content to chunk for claim_20243101171_47575288.pdf
2026-03-29 21:08:26,208 - WARNING - No content to chunk for claim_20251655002_22084858.pdf
2026-03-29 21:08:26,208 - WARNING - No content to chunk for claim_20246060192_24262466.pdf
2026-03-29 21:08:26,208 - WARNING - No content to chunk for claim_20242555165_47676313.pdf
2026-03-29 21:08:26,208 - WARNING - No content to chunk for claim_20244911000_47479221.pdf
2026-03-29 21:08:26,208 - WARNING - No content to chunk for claim_20243853244_29203452.pdf
2026-03-29 21:08:26,209 - WARNING - No content to chunk for claim_20254883510_82340066.pdf
2026-03-29 21:08:26,209 - WARNING - No content to chunk for claim_20252726045_51284596.pdf
2026-03-29 21:08:26,209 - INFO - Chunking complete. 0 chunks from 90 documents.
2026-03-29 21:11:30,251 - INFO - Starting chunking for 90 documents.
2026-03-29 21:11:30,251 - WARNING - No content to chunk for claim_20243725010_76336936.pdf
2026-03-29 21:11:30,251 - WARNING - No content to chunk for claim_20247869165_44632635.pdf
2026-03-29 21:11:30,251 - WARNING - No content to chunk for claim_20243205923_45950426.pdf
2026-03-29 21:11:30,251 - WARNING - No content to chunk for claim_20256063499_48159191.pdf
2026-03-29 21:11:30,251 - WARNING - No content to chunk for claim_20246162392_44649680.pdf
2026-03-29 21:11:30,251 - WARNING - No content to chunk for claim_20254082911_23347455.pdf
2026-03-29 21:11:30,251 - WARNING - No content to chunk for claim_20247987225_55726342.pdf
2026-03-29 21:11:30,251 - WARNING - No content to chunk for claim_20255084683_46441508.pdf
2026-03-29 21:11:30,251 - WARNING - No content to chunk for claim_20241529407_67637532.pdf
2026-03-29 21:11:30,251 - WARNING - No content to chunk for claim_20259743811_69941930.pdf
2026-03-29 21:11:30,252 - WARNING - No content to chunk for claim_20254438434_97737203.pdf
2026-03-29 21:11:30,252 - WARNING - No content to chunk for claim_20244916236_65878529.pdf
2026-03-29 21:11:30,252 - WARNING - No content to chunk for claim_20255234371_96242714.pdf
2026-03-29 21:11:30,252 - WARNING - No content to chunk for claim_20249405566_49672765.pdf
2026-03-29 21:11:30,252 - WARNING - No content to chunk for claim_20256519027_19156319.pdf
2026-03-29 21:11:30,252 - WARNING - No content to chunk for claim_20256029535_43559181.pdf
2026-03-29 21:11:30,252 - WARNING - No content to chunk for claim_20256912848_49690201.pdf
2026-03-29 21:11:30,252 - WARNING - No content to chunk for claim_20253939490_43222913.pdf
2026-03-29 21:11:30,252 - WARNING - No content to chunk for claim_20245311277_93318602.pdf
2026-03-29 21:11:30,252 - WARNING - No content to chunk for claim_20251464782_54794506.pdf
2026-03-29 21:11:30,252 - WARNING - No content to chunk for claim_20249475478_86691029.pdf
2026-03-29 21:11:30,252 - WARNING - No content to chunk for claim_20259503098_91920110.pdf
2026-03-29 21:11:30,252 - WARNING - No content to chunk for claim_20254462871_58496460.pdf
2026-03-29 21:11:30,252 - WARNING - No content to chunk for claim_20256568743_32006590.pdf
2026-03-29 21:11:30,252 - WARNING - No content to chunk for claim_20257497809_75787450.pdf
2026-03-29 21:11:30,252 - WARNING - No content to chunk for claim_20251286829_19827373.pdf
2026-03-29 21:11:30,252 - WARNING - No content to chunk for claim_20243283958_70244287.pdf
2026-03-29 21:11:30,252 - WARNING - No content to chunk for claim_20249223222_53410183.pdf
2026-03-29 21:11:30,252 - WARNING - No content to chunk for claim_20252377755_39070639.pdf
2026-03-29 21:11:30,252 - WARNING - No content to chunk for claim_20241736463_71004850.pdf
2026-03-29 21:11:30,252 - WARNING - No content to chunk for claim_20251221402_81147522.pdf
2026-03-29 21:11:30,252 - WARNING - No content to chunk for claim_20245129043_19253614.pdf
2026-03-29 21:11:30,252 - WARNING - No content to chunk for claim_20257975702_10619392.pdf
2026-03-29 21:11:30,252 - WARNING - No content to chunk for claim_20249080594_43280118.pdf
2026-03-29 21:11:30,252 - WARNING - No content to chunk for claim_20243684243_92972911.pdf
2026-03-29 21:11:30,252 - WARNING - No content to chunk for claim_20258249026_61880254.pdf
2026-03-29 21:11:30,252 - WARNING - No content to chunk for claim_20249733162_19936232.pdf
2026-03-29 21:11:30,252 - WARNING - No content to chunk for claim_20259075901_51776103.pdf
2026-03-29 21:11:30,252 - WARNING - No content to chunk for claim_20257788799_23912274.pdf
2026-03-29 21:11:30,252 - WARNING - No content to chunk for claim_20252879081_70509832.pdf
2026-03-29 21:11:30,252 - WARNING - No content to chunk for claim_20245490051_30034514.pdf
2026-03-29 21:11:30,252 - WARNING - No content to chunk for claim_20247177741_19101082.pdf
2026-03-29 21:11:30,252 - WARNING - No content to chunk for claim_20255330403_99268688.pdf
2026-03-29 21:11:30,252 - WARNING - No content to chunk for claim_20258095980_69088525.pdf
2026-03-29 21:11:30,252 - WARNING - No content to chunk for claim_20253231879_42724439.pdf
2026-03-29 21:11:30,252 - WARNING - No content to chunk for claim_20245739661_78856343.pdf
2026-03-29 21:11:30,252 - WARNING - No content to chunk for claim_20253243174_34963754.pdf
2026-03-29 21:11:30,252 - WARNING - No content to chunk for claim_20247355869_31680081.pdf
2026-03-29 21:11:30,252 - WARNING - No content to chunk for claim_20241847228_79429505.pdf
2026-03-29 21:11:30,252 - WARNING - No content to chunk for claim_20243230481_87712281.pdf
2026-03-29 21:11:30,253 - WARNING - No content to chunk for claim_20259731272_30344781.pdf
2026-03-29 21:11:30,253 - WARNING - No content to chunk for claim_20253462485_15610411.pdf
2026-03-29 21:11:30,253 - WARNING - No content to chunk for claim_20242779386_94091838.pdf
2026-03-29 21:11:30,253 - WARNING - No content to chunk for claim_20253686734_19591455.pdf
2026-03-29 21:11:30,253 - WARNING - No content to chunk for claim_20254491859_53370168.pdf
2026-03-29 21:11:30,253 - WARNING - No content to chunk for claim_20242079466_44783155.pdf
2026-03-29 21:11:30,253 - WARNING - No content to chunk for claim_20259966021_51514128.pdf
2026-03-29 21:11:30,253 - WARNING - No content to chunk for claim_20259966041_48686624.pdf
2026-03-29 21:11:30,253 - WARNING - No content to chunk for claim_20257911152_15698091.pdf
2026-03-29 21:11:30,253 - WARNING - No content to chunk for claim_20252711858_91708135.pdf
2026-03-29 21:11:30,253 - WARNING - No content to chunk for claim_20254918361_84733908.pdf
2026-03-29 21:11:30,253 - WARNING - No content to chunk for claim_20243187118_71149802.pdf
2026-03-29 21:11:30,253 - WARNING - No content to chunk for claim_20254815595_63936476.pdf
2026-03-29 21:11:30,253 - WARNING - No content to chunk for claim_20256272798_60678616.pdf
2026-03-29 21:11:30,253 - WARNING - No content to chunk for claim_20249009293_42970224.pdf
2026-03-29 21:11:30,253 - WARNING - No content to chunk for claim_20257801665_54780057.pdf
2026-03-29 21:11:30,253 - WARNING - No content to chunk for claim_20258131255_47484442.pdf
2026-03-29 21:11:30,253 - WARNING - No content to chunk for claim_20257060017_82123643.pdf
2026-03-29 21:11:30,253 - WARNING - No content to chunk for claim_20241464876_32974929.pdf
2026-03-29 21:11:30,253 - WARNING - No content to chunk for claim_20243024518_72823425.pdf
2026-03-29 21:11:30,253 - WARNING - No content to chunk for claim_20257331999_34333791.pdf
2026-03-29 21:11:30,253 - WARNING - No content to chunk for claim_20249459696_69071004.pdf
2026-03-29 21:11:30,253 - WARNING - No content to chunk for claim_20248282853_42968701.pdf
2026-03-29 21:11:30,253 - WARNING - No content to chunk for claim_20241502168_96346449.pdf
2026-03-29 21:11:30,253 - WARNING - No content to chunk for claim_20252777390_34072932.pdf
2026-03-29 21:11:30,253 - WARNING - No content to chunk for claim_20245478798_82304902.pdf
2026-03-29 21:11:30,253 - WARNING - No content to chunk for claim_20247986767_34930916.pdf
2026-03-29 21:11:30,253 - WARNING - No content to chunk for claim_20243033006_63302386.pdf
2026-03-29 21:11:30,253 - WARNING - No content to chunk for claim_20242536710_33723152.pdf
2026-03-29 21:11:30,253 - WARNING - No content to chunk for claim_20252131114_40476258.pdf
2026-03-29 21:11:30,253 - WARNING - No content to chunk for claim_20248083962_88011315.pdf
2026-03-29 21:11:30,253 - WARNING - No content to chunk for claim_20244271559_69936581.pdf
2026-03-29 21:11:30,253 - WARNING - No content to chunk for claim_20243101171_47575288.pdf
2026-03-29 21:11:30,253 - WARNING - No content to chunk for claim_20251655002_22084858.pdf
2026-03-29 21:11:30,253 - WARNING - No content to chunk for claim_20246060192_24262466.pdf
2026-03-29 21:11:30,253 - WARNING - No content to chunk for claim_20242555165_47676313.pdf
2026-03-29 21:11:30,253 - WARNING - No content to chunk for claim_20244911000_47479221.pdf
2026-03-29 21:11:30,253 - WARNING - No content to chunk for claim_20243853244_29203452.pdf
2026-03-29 21:11:30,253 - WARNING - No content to chunk for claim_20254883510_82340066.pdf
2026-03-29 21:11:30,253 - WARNING - No content to chunk for claim_20252726045_51284596.pdf
2026-03-29 21:11:30,254 - INFO - Chunking complete. 0 chunks from 90 documents.
2026-03-29 21:22:15,265 - INFO - Starting chunking for 90 documents.
2026-03-29 21:22:15,265 - WARNING - No content to chunk for claim_20243725010_76336936.pdf
2026-03-29 21:22:15,265 - WARNING - No content to chunk for claim_20247869165_44632635.pdf
2026-03-29 21:22:15,265 - WARNING - No content to chunk for claim_20243205923_45950426.pdf
2026-03-29 21:22:15,265 - WARNING - No content to chunk for claim_20256063499_48159191.pdf
2026-03-29 21:22:15,265 - WARNING - No content to chunk for claim_20246162392_44649680.pdf
2026-03-29 21:22:15,265 - WARNING - No content to chunk for claim_20254082911_23347455.pdf
2026-03-29 21:22:15,265 - WARNING - No content to chunk for claim_20247987225_55726342.pdf
2026-03-29 21:22:15,265 - WARNING - No content to chunk for claim_20255084683_46441508.pdf
2026-03-29 21:22:15,265 - WARNING - No content to chunk for claim_20241529407_67637532.pdf
2026-03-29 21:22:15,265 - WARNING - No content to chunk for claim_20259743811_69941930.pdf
2026-03-29 21:22:15,265 - WARNING - No content to chunk for claim_20254438434_97737203.pdf
2026-03-29 21:22:15,265 - WARNING - No content to chunk for claim_20244916236_65878529.pdf
2026-03-29 21:22:15,266 - WARNING - No content to chunk for claim_20255234371_96242714.pdf
2026-03-29 21:22:15,266 - WARNING - No content to chunk for claim_20249405566_49672765.pdf
2026-03-29 21:22:15,266 - WARNING - No content to chunk for claim_20256519027_19156319.pdf
2026-03-29 21:22:15,266 - WARNING - No content to chunk for claim_20256029535_43559181.pdf
2026-03-29 21:22:15,266 - WARNING - No content to chunk for claim_20256912848_49690201.pdf
2026-03-29 21:22:15,266 - WARNING - No content to chunk for claim_20253939490_43222913.pdf
2026-03-29 21:22:15,266 - WARNING - No content to chunk for claim_20245311277_93318602.pdf
2026-03-29 21:22:15,266 - WARNING - No content to chunk for claim_20251464782_54794506.pdf
2026-03-29 21:22:15,266 - WARNING - No content to chunk for claim_20249475478_86691029.pdf
2026-03-29 21:22:15,266 - WARNING - No content to chunk for claim_20259503098_91920110.pdf
2026-03-29 21:22:15,266 - WARNING - No content to chunk for claim_20254462871_58496460.pdf
2026-03-29 21:22:15,266 - WARNING - No content to chunk for claim_20256568743_32006590.pdf
2026-03-29 21:22:15,266 - WARNING - No content to chunk for claim_20257497809_75787450.pdf
2026-03-29 21:22:15,266 - WARNING - No content to chunk for claim_20251286829_19827373.pdf
2026-03-29 21:22:15,266 - WARNING - No content to chunk for claim_20243283958_70244287.pdf
2026-03-29 21:22:15,266 - WARNING - No content to chunk for claim_20249223222_53410183.pdf
2026-03-29 21:22:15,266 - WARNING - No content to chunk for claim_20252377755_39070639.pdf
2026-03-29 21:22:15,266 - WARNING - No content to chunk for claim_20241736463_71004850.pdf
2026-03-29 21:22:15,266 - WARNING - No content to chunk for claim_20251221402_81147522.pdf
2026-03-29 21:22:15,266 - WARNING - No content to chunk for claim_20245129043_19253614.pdf
2026-03-29 21:22:15,266 - WARNING - No content to chunk for claim_20257975702_10619392.pdf
2026-03-29 21:22:15,266 - WARNING - No content to chunk for claim_20249080594_43280118.pdf
2026-03-29 21:22:15,266 - WARNING - No content to chunk for claim_20243684243_92972911.pdf
2026-03-29 21:22:15,266 - WARNING - No content to chunk for claim_20258249026_61880254.pdf
2026-03-29 21:22:15,266 - WARNING - No content to chunk for claim_20249733162_19936232.pdf
2026-03-29 21:22:15,266 - WARNING - No content to chunk for claim_20259075901_51776103.pdf
2026-03-29 21:22:15,266 - WARNING - No content to chunk for claim_20257788799_23912274.pdf
2026-03-29 21:22:15,266 - WARNING - No content to chunk for claim_20252879081_70509832.pdf
2026-03-29 21:22:15,266 - WARNING - No content to chunk for claim_20245490051_30034514.pdf
2026-03-29 21:22:15,266 - WARNING - No content to chunk for claim_20247177741_19101082.pdf
2026-03-29 21:22:15,266 - WARNING - No content to chunk for claim_20255330403_99268688.pdf
2026-03-29 21:22:15,266 - WARNING - No content to chunk for claim_20258095980_69088525.pdf
2026-03-29 21:22:15,266 - WARNING - No content to chunk for claim_20253231879_42724439.pdf
2026-03-29 21:22:15,266 - WARNING - No content to chunk for claim_20245739661_78856343.pdf
2026-03-29 21:22:15,266 - WARNING - No content to chunk for claim_20253243174_34963754.pdf
2026-03-29 21:22:15,266 - WARNING - No content to chunk for claim_20247355869_31680081.pdf
2026-03-29 21:22:15,266 - WARNING - No content to chunk for claim_20241847228_79429505.pdf
2026-03-29 21:22:15,266 - WARNING - No content to chunk for claim_20243230481_87712281.pdf
2026-03-29 21:22:15,266 - WARNING - No content to chunk for claim_20259731272_30344781.pdf
2026-03-29 21:22:15,266 - WARNING - No content to chunk for claim_20253462485_15610411.pdf
2026-03-29 21:22:15,266 - WARNING - No content to chunk for claim_20242779386_94091838.pdf
2026-03-29 21:22:15,266 - WARNING - No content to chunk for claim_20253686734_19591455.pdf
2026-03-29 21:22:15,266 - WARNING - No content to chunk for claim_20254491859_53370168.pdf
2026-03-29 21:22:15,266 - WARNING - No content to chunk for claim_20242079466_44783155.pdf
2026-03-29 21:22:15,266 - WARNING - No content to chunk for claim_20259966021_51514128.pdf
2026-03-29 21:22:15,266 - WARNING - No content to chunk for claim_20259966041_48686624.pdf
2026-03-29 21:22:15,266 - WARNING - No content to chunk for claim_20257911152_15698091.pdf
2026-03-29 21:22:15,266 - WARNING - No content to chunk for claim_20252711858_91708135.pdf
2026-03-29 21:22:15,267 - WARNING - No content to chunk for claim_20254918361_84733908.pdf
2026-03-29 21:22:15,267 - WARNING - No content to chunk for claim_20243187118_71149802.pdf
2026-03-29 21:22:15,267 - WARNING - No content to chunk for claim_20254815595_63936476.pdf
2026-03-29 21:22:15,267 - WARNING - No content to chunk for claim_20256272798_60678616.pdf
2026-03-29 21:22:15,267 - WARNING - No content to chunk for claim_20249009293_42970224.pdf
2026-03-29 21:22:15,267 - WARNING - No content to chunk for claim_20257801665_54780057.pdf
2026-03-29 21:22:15,267 - WARNING - No content to chunk for claim_20258131255_47484442.pdf
2026-03-29 21:22:15,267 - WARNING - No content to chunk for claim_20257060017_82123643.pdf
2026-03-29 21:22:15,267 - WARNING - No content to chunk for claim_20241464876_32974929.pdf
2026-03-29 21:22:15,267 - WARNING - No content to chunk for claim_20243024518_72823425.pdf
2026-03-29 21:22:15,267 - WARNING - No content to chunk for claim_20257331999_34333791.pdf
2026-03-29 21:22:15,267 - WARNING - No content to chunk for claim_20249459696_69071004.pdf
2026-03-29 21:22:15,267 - WARNING - No content to chunk for claim_20248282853_42968701.pdf
2026-03-29 21:22:15,267 - WARNING - No content to chunk for claim_20241502168_96346449.pdf
2026-03-29 21:22:15,267 - WARNING - No content to chunk for claim_20252777390_34072932.pdf
2026-03-29 21:22:15,267 - WARNING - No content to chunk for claim_20245478798_82304902.pdf
2026-03-29 21:22:15,267 - WARNING - No content to chunk for claim_20247986767_34930916.pdf
2026-03-29 21:22:15,267 - WARNING - No content to chunk for claim_20243033006_63302386.pdf
2026-03-29 21:22:15,267 - WARNING - No content to chunk for claim_20242536710_33723152.pdf
2026-03-29 21:22:15,267 - WARNING - No content to chunk for claim_20252131114_40476258.pdf
2026-03-29 21:22:15,267 - WARNING - No content to chunk for claim_20248083962_88011315.pdf
2026-03-29 21:22:15,267 - WARNING - No content to chunk for claim_20244271559_69936581.pdf
2026-03-29 21:22:15,267 - WARNING - No content to chunk for claim_20243101171_47575288.pdf
2026-03-29 21:22:15,267 - WARNING - No content to chunk for claim_20251655002_22084858.pdf
2026-03-29 21:22:15,267 - WARNING - No content to chunk for claim_20246060192_24262466.pdf
2026-03-29 21:22:15,267 - WARNING - No content to chunk for claim_20242555165_47676313.pdf
2026-03-29 21:22:15,267 - WARNING - No content to chunk for claim_20244911000_47479221.pdf
2026-03-29 21:22:15,267 - WARNING - No content to chunk for claim_20243853244_29203452.pdf
2026-03-29 21:22:15,267 - WARNING - No content to chunk for claim_20254883510_82340066.pdf
2026-03-29 21:22:15,267 - WARNING - No content to chunk for claim_20252726045_51284596.pdf
2026-03-29 21:22:15,268 - INFO - Chunking complete. 0 chunks from 90 documents.
2026-03-29 21:23:31,338 - INFO - Starting chunking for 90 documents.
2026-03-29 21:23:31,338 - WARNING - No content to chunk for claim_20243725010_76336936.pdf
2026-03-29 21:23:31,338 - WARNING - No content to chunk for claim_20247869165_44632635.pdf
2026-03-29 21:23:31,338 - WARNING - No content to chunk for claim_20243205923_45950426.pdf
2026-03-29 21:23:31,338 - WARNING - No content to chunk for claim_20256063499_48159191.pdf
2026-03-29 21:23:31,338 - WARNING - No content to chunk for claim_20246162392_44649680.pdf
2026-03-29 21:23:31,338 - WARNING - No content to chunk for claim_20254082911_23347455.pdf
2026-03-29 21:23:31,338 - WARNING - No content to chunk for claim_20247987225_55726342.pdf
2026-03-29 21:23:31,338 - WARNING - No content to chunk for claim_20255084683_46441508.pdf
2026-03-29 21:23:31,338 - WARNING - No content to chunk for claim_20241529407_67637532.pdf
2026-03-29 21:23:31,338 - WARNING - No content to chunk for claim_20259743811_69941930.pdf
2026-03-29 21:23:31,338 - WARNING - No content to chunk for claim_20254438434_97737203.pdf
2026-03-29 21:23:31,339 - WARNING - No content to chunk for claim_20244916236_65878529.pdf
2026-03-29 21:23:31,339 - WARNING - No content to chunk for claim_20255234371_96242714.pdf
2026-03-29 21:23:31,339 - WARNING - No content to chunk for claim_20249405566_49672765.pdf
2026-03-29 21:23:31,339 - WARNING - No content to chunk for claim_20256519027_19156319.pdf
2026-03-29 21:23:31,339 - WARNING - No content to chunk for claim_20256029535_43559181.pdf
2026-03-29 21:23:31,339 - WARNING - No content to chunk for claim_20256912848_49690201.pdf
2026-03-29 21:23:31,339 - WARNING - No content to chunk for claim_20253939490_43222913.pdf
2026-03-29 21:23:31,339 - WARNING - No content to chunk for claim_20245311277_93318602.pdf
2026-03-29 21:23:31,339 - WARNING - No content to chunk for claim_20251464782_54794506.pdf
2026-03-29 21:23:31,339 - WARNING - No content to chunk for claim_20249475478_86691029.pdf
2026-03-29 21:23:31,339 - WARNING - No content to chunk for claim_20259503098_91920110.pdf
2026-03-29 21:23:31,339 - WARNING - No content to chunk for claim_20254462871_58496460.pdf
2026-03-29 21:23:31,339 - WARNING - No content to chunk for claim_20256568743_32006590.pdf
2026-03-29 21:23:31,339 - WARNING - No content to chunk for claim_20257497809_75787450.pdf
2026-03-29 21:23:31,339 - WARNING - No content to chunk for claim_20251286829_19827373.pdf
2026-03-29 21:23:31,339 - WARNING - No content to chunk for claim_20243283958_70244287.pdf
2026-03-29 21:23:31,339 - WARNING - No content to chunk for claim_20249223222_53410183.pdf
2026-03-29 21:23:31,339 - WARNING - No content to chunk for claim_20252377755_39070639.pdf
2026-03-29 21:23:31,339 - WARNING - No content to chunk for claim_20241736463_71004850.pdf
2026-03-29 21:23:31,339 - WARNING - No content to chunk for claim_20251221402_81147522.pdf
2026-03-29 21:23:31,339 - WARNING - No content to chunk for claim_20245129043_19253614.pdf
2026-03-29 21:23:31,339 - WARNING - No content to chunk for claim_20257975702_10619392.pdf
2026-03-29 21:23:31,339 - WARNING - No content to chunk for claim_20249080594_43280118.pdf
2026-03-29 21:23:31,339 - WARNING - No content to chunk for claim_20243684243_92972911.pdf
2026-03-29 21:23:31,339 - WARNING - No content to chunk for claim_20258249026_61880254.pdf
2026-03-29 21:23:31,339 - WARNING - No content to chunk for claim_20249733162_19936232.pdf
2026-03-29 21:23:31,339 - WARNING - No content to chunk for claim_20259075901_51776103.pdf
2026-03-29 21:23:31,339 - WARNING - No content to chunk for claim_20257788799_23912274.pdf
2026-03-29 21:23:31,339 - WARNING - No content to chunk for claim_20252879081_70509832.pdf
2026-03-29 21:23:31,339 - WARNING - No content to chunk for claim_20245490051_30034514.pdf
2026-03-29 21:23:31,339 - WARNING - No content to chunk for claim_20247177741_19101082.pdf
2026-03-29 21:23:31,339 - WARNING - No content to chunk for claim_20255330403_99268688.pdf
2026-03-29 21:23:31,339 - WARNING - No content to chunk for claim_20258095980_69088525.pdf
2026-03-29 21:23:31,339 - WARNING - No content to chunk for claim_20253231879_42724439.pdf
2026-03-29 21:23:31,339 - WARNING - No content to chunk for claim_20245739661_78856343.pdf
2026-03-29 21:23:31,339 - WARNING - No content to chunk for claim_20253243174_34963754.pdf
2026-03-29 21:23:31,339 - WARNING - No content to chunk for claim_20247355869_31680081.pdf
2026-03-29 21:23:31,340 - WARNING - No content to chunk for claim_20241847228_79429505.pdf
2026-03-29 21:23:31,340 - WARNING - No content to chunk for claim_20243230481_87712281.pdf
2026-03-29 21:23:31,340 - WARNING - No content to chunk for claim_20259731272_30344781.pdf
2026-03-29 21:23:31,340 - WARNING - No content to chunk for claim_20253462485_15610411.pdf
2026-03-29 21:23:31,340 - WARNING - No content to chunk for claim_20242779386_94091838.pdf
2026-03-29 21:23:31,340 - WARNING - No content to chunk for claim_20253686734_19591455.pdf
2026-03-29 21:23:31,340 - WARNING - No content to chunk for claim_20254491859_53370168.pdf
2026-03-29 21:23:31,340 - WARNING - No content to chunk for claim_20242079466_44783155.pdf
2026-03-29 21:23:31,340 - WARNING - No content to chunk for claim_20259966021_51514128.pdf
2026-03-29 21:23:31,340 - WARNING - No content to chunk for claim_20259966041_48686624.pdf
2026-03-29 21:23:31,340 - WARNING - No content to chunk for claim_20257911152_15698091.pdf
2026-03-29 21:23:31,340 - WARNING - No content to chunk for claim_20252711858_91708135.pdf
2026-03-29 21:23:31,340 - WARNING - No content to chunk for claim_20254918361_84733908.pdf
2026-03-29 21:23:31,340 - WARNING - No content to chunk for claim_20243187118_71149802.pdf
2026-03-29 21:23:31,340 - WARNING - No content to chunk for claim_20254815595_63936476.pdf
2026-03-29 21:23:31,340 - WARNING - No content to chunk for claim_20256272798_60678616.pdf
2026-03-29 21:23:31,340 - WARNING - No content to chunk for claim_20249009293_42970224.pdf
2026-03-29 21:23:31,340 - WARNING - No content to chunk for claim_20257801665_54780057.pdf
2026-03-29 21:23:31,340 - WARNING - No content to chunk for claim_20258131255_47484442.pdf
2026-03-29 21:23:31,340 - WARNING - No content to chunk for claim_20257060017_82123643.pdf
2026-03-29 21:23:31,340 - WARNING - No content to chunk for claim_20241464876_32974929.pdf
2026-03-29 21:23:31,340 - WARNING - No content to chunk for claim_20243024518_72823425.pdf
2026-03-29 21:23:31,340 - WARNING - No content to chunk for claim_20257331999_34333791.pdf
2026-03-29 21:23:31,340 - WARNING - No content to chunk for claim_20249459696_69071004.pdf
2026-03-29 21:23:31,340 - WARNING - No content to chunk for claim_20248282853_42968701.pdf
2026-03-29 21:23:31,340 - WARNING - No content to chunk for claim_20241502168_96346449.pdf
2026-03-29 21:23:31,340 - WARNING - No content to chunk for claim_20252777390_34072932.pdf
2026-03-29 21:23:31,340 - WARNING - No content to chunk for claim_20245478798_82304902.pdf
2026-03-29 21:23:31,340 - WARNING - No content to chunk for claim_20247986767_34930916.pdf
2026-03-29 21:23:31,340 - WARNING - No content to chunk for claim_20243033006_63302386.pdf
2026-03-29 21:23:31,340 - WARNING - No content to chunk for claim_20242536710_33723152.pdf
2026-03-29 21:23:31,340 - WARNING - No content to chunk for claim_20252131114_40476258.pdf
2026-03-29 21:23:31,340 - WARNING - No content to chunk for claim_20248083962_88011315.pdf
2026-03-29 21:23:31,340 - WARNING - No content to chunk for claim_20244271559_69936581.pdf
2026-03-29 21:23:31,340 - WARNING - No content to chunk for claim_20243101171_47575288.pdf
2026-03-29 21:23:31,340 - WARNING - No content to chunk for claim_20251655002_22084858.pdf
2026-03-29 21:23:31,340 - WARNING - No content to chunk for claim_20246060192_24262466.pdf
2026-03-29 21:23:31,340 - WARNING - No content to chunk for claim_20242555165_47676313.pdf
2026-03-29 21:23:31,340 - WARNING - No content to chunk for claim_20244911000_47479221.pdf
2026-03-29 21:23:31,340 - WARNING - No content to chunk for claim_20243853244_29203452.pdf
2026-03-29 21:23:31,341 - WARNING - No content to chunk for claim_20254883510_82340066.pdf
2026-03-29 21:23:31,341 - WARNING - No content to chunk for claim_20252726045_51284596.pdf
2026-03-29 21:23:31,341 - INFO - Chunking complete. 0 chunks from 90 documents.
2026-03-29 21:39:01,336 - INFO - Starting chunking for 90 documents.
2026-03-29 21:39:01,337 - WARNING - No content to chunk for claim_20243725010_76336936.pdf
2026-03-29 21:39:01,337 - WARNING - No content to chunk for claim_20247869165_44632635.pdf
2026-03-29 21:39:01,337 - WARNING - No content to chunk for claim_20243205923_45950426.pdf
2026-03-29 21:39:01,337 - WARNING - No content to chunk for claim_20256063499_48159191.pdf
2026-03-29 21:39:01,337 - WARNING - No content to chunk for claim_20246162392_44649680.pdf
2026-03-29 21:39:01,337 - WARNING - No content to chunk for claim_20254082911_23347455.pdf
2026-03-29 21:39:01,337 - WARNING - No content to chunk for claim_20247987225_55726342.pdf
2026-03-29 21:39:01,337 - WARNING - No content to chunk for claim_20255084683_46441508.pdf
2026-03-29 21:39:01,337 - WARNING - No content to chunk for claim_20241529407_67637532.pdf
2026-03-29 21:39:01,337 - WARNING - No content to chunk for claim_20259743811_69941930.pdf
2026-03-29 21:39:01,337 - WARNING - No content to chunk for claim_20254438434_97737203.pdf
2026-03-29 21:39:01,337 - WARNING - No content to chunk for claim_20244916236_65878529.pdf
2026-03-29 21:39:01,337 - WARNING - No content to chunk for claim_20255234371_96242714.pdf
2026-03-29 21:39:01,337 - WARNING - No content to chunk for claim_20249405566_49672765.pdf
2026-03-29 21:39:01,337 - WARNING - No content to chunk for claim_20256519027_19156319.pdf
2026-03-29 21:39:01,337 - WARNING - No content to chunk for claim_20256029535_43559181.pdf
2026-03-29 21:39:01,337 - WARNING - No content to chunk for claim_20256912848_49690201.pdf
2026-03-29 21:39:01,337 - WARNING - No content to chunk for claim_20253939490_43222913.pdf
2026-03-29 21:39:01,337 - WARNING - No content to chunk for claim_20245311277_93318602.pdf
2026-03-29 21:39:01,337 - WARNING - No content to chunk for claim_20251464782_54794506.pdf
2026-03-29 21:39:01,337 - WARNING - No content to chunk for claim_20249475478_86691029.pdf
2026-03-29 21:39:01,337 - WARNING - No content to chunk for claim_20259503098_91920110.pdf
2026-03-29 21:39:01,337 - WARNING - No content to chunk for claim_20254462871_58496460.pdf
2026-03-29 21:39:01,337 - WARNING - No content to chunk for claim_20256568743_32006590.pdf
2026-03-29 21:39:01,337 - WARNING - No content to chunk for claim_20257497809_75787450.pdf
2026-03-29 21:39:01,337 - WARNING - No content to chunk for claim_20251286829_19827373.pdf
2026-03-29 21:39:01,337 - WARNING - No content to chunk for claim_20243283958_70244287.pdf
2026-03-29 21:39:01,337 - WARNING - No content to chunk for claim_20249223222_53410183.pdf
2026-03-29 21:39:01,337 - WARNING - No content to chunk for claim_20252377755_39070639.pdf
2026-03-29 21:39:01,337 - WARNING - No content to chunk for claim_20241736463_71004850.pdf
2026-03-29 21:39:01,337 - WARNING - No content to chunk for claim_20251221402_81147522.pdf
2026-03-29 21:39:01,337 - WARNING - No content to chunk for claim_20245129043_19253614.pdf
2026-03-29 21:39:01,337 - WARNING - No content to chunk for claim_20257975702_10619392.pdf
2026-03-29 21:39:01,337 - WARNING - No content to chunk for claim_20249080594_43280118.pdf
2026-03-29 21:39:01,337 - WARNING - No content to chunk for claim_20243684243_92972911.pdf
2026-03-29 21:39:01,337 - WARNING - No content to chunk for claim_20258249026_61880254.pdf
2026-03-29 21:39:01,337 - WARNING - No content to chunk for claim_20249733162_19936232.pdf
2026-03-29 21:39:01,338 - WARNING - No content to chunk for claim_20259075901_51776103.pdf
2026-03-29 21:39:01,338 - WARNING - No content to chunk for claim_20257788799_23912274.pdf
2026-03-29 21:39:01,338 - WARNING - No content to chunk for claim_20252879081_70509832.pdf
2026-03-29 21:39:01,338 - WARNING - No content to chunk for claim_20245490051_30034514.pdf
2026-03-29 21:39:01,338 - WARNING - No content to chunk for claim_20247177741_19101082.pdf
2026-03-29 21:39:01,338 - WARNING - No content to chunk for claim_20255330403_99268688.pdf
2026-03-29 21:39:01,338 - WARNING - No content to chunk for claim_20258095980_69088525.pdf
2026-03-29 21:39:01,338 - WARNING - No content to chunk for claim_20253231879_42724439.pdf
2026-03-29 21:39:01,338 - WARNING - No content to chunk for claim_20245739661_78856343.pdf
2026-03-29 21:39:01,338 - WARNING - No content to chunk for claim_20253243174_34963754.pdf
2026-03-29 21:39:01,338 - WARNING - No content to chunk for claim_20247355869_31680081.pdf
2026-03-29 21:39:01,338 - WARNING - No content to chunk for claim_20241847228_79429505.pdf
2026-03-29 21:39:01,338 - WARNING - No content to chunk for claim_20243230481_87712281.pdf
2026-03-29 21:39:01,338 - WARNING - No content to chunk for claim_20259731272_30344781.pdf
2026-03-29 21:39:01,338 - WARNING - No content to chunk for claim_20253462485_15610411.pdf
2026-03-29 21:39:01,338 - WARNING - No content to chunk for claim_20242779386_94091838.pdf
2026-03-29 21:39:01,338 - WARNING - No content to chunk for claim_20253686734_19591455.pdf
2026-03-29 21:39:01,338 - WARNING - No content to chunk for claim_20254491859_53370168.pdf
2026-03-29 21:39:01,338 - WARNING - No content to chunk for claim_20242079466_44783155.pdf
2026-03-29 21:39:01,338 - WARNING - No content to chunk for claim_20259966021_51514128.pdf
2026-03-29 21:39:01,338 - WARNING - No content to chunk for claim_20259966041_48686624.pdf
2026-03-29 21:39:01,338 - WARNING - No content to chunk for claim_20257911152_15698091.pdf
2026-03-29 21:39:01,338 - WARNING - No content to chunk for claim_20252711858_91708135.pdf
2026-03-29 21:39:01,338 - WARNING - No content to chunk for claim_20254918361_84733908.pdf
2026-03-29 21:39:01,338 - WARNING - No content to chunk for claim_20243187118_71149802.pdf
2026-03-29 21:39:01,338 - WARNING - No content to chunk for claim_20254815595_63936476.pdf
2026-03-29 21:39:01,338 - WARNING - No content to chunk for claim_20256272798_60678616.pdf
2026-03-29 21:39:01,338 - WARNING - No content to chunk for claim_20249009293_42970224.pdf
2026-03-29 21:39:01,338 - WARNING - No content to chunk for claim_20257801665_54780057.pdf
2026-03-29 21:39:01,338 - WARNING - No content to chunk for claim_20258131255_47484442.pdf
2026-03-29 21:39:01,338 - WARNING - No content to chunk for claim_20257060017_82123643.pdf
2026-03-29 21:39:01,338 - WARNING - No content to chunk for claim_20241464876_32974929.pdf
2026-03-29 21:39:01,338 - WARNING - No content to chunk for claim_20243024518_72823425.pdf
2026-03-29 21:39:01,338 - WARNING - No content to chunk for claim_20257331999_34333791.pdf
2026-03-29 21:39:01,338 - WARNING - No content to chunk for claim_20249459696_69071004.pdf
2026-03-29 21:39:01,338 - WARNING - No content to chunk for claim_20248282853_42968701.pdf
2026-03-29 21:39:01,338 - WARNING - No content to chunk for claim_20241502168_96346449.pdf
2026-03-29 21:39:01,338 - WARNING - No content to chunk for claim_20252777390_34072932.pdf
2026-03-29 21:39:01,338 - WARNING - No content to chunk for claim_20245478798_82304902.pdf
2026-03-29 21:39:01,338 - WARNING - No content to chunk for claim_20247986767_34930916.pdf
2026-03-29 21:39:01,338 - WARNING - No content to chunk for claim_20243033006_63302386.pdf
2026-03-29 21:39:01,338 - WARNING - No content to chunk for claim_20242536710_33723152.pdf
2026-03-29 21:39:01,338 - WARNING - No content to chunk for claim_20252131114_40476258.pdf
2026-03-29 21:39:01,338 - WARNING - No content to chunk for claim_20248083962_88011315.pdf
2026-03-29 21:39:01,338 - WARNING - No content to chunk for claim_20244271559_69936581.pdf
2026-03-29 21:39:01,338 - WARNING - No content to chunk for claim_20243101171_47575288.pdf
2026-03-29 21:39:01,338 - WARNING - No content to chunk for claim_20251655002_22084858.pdf
2026-03-29 21:39:01,338 - WARNING - No content to chunk for claim_20246060192_24262466.pdf
2026-03-29 21:39:01,338 - WARNING - No content to chunk for claim_20242555165_47676313.pdf
2026-03-29 21:39:01,338 - WARNING - No content to chunk for claim_20244911000_47479221.pdf
2026-03-29 21:39:01,338 - WARNING - No content to chunk for claim_20243853244_29203452.pdf
2026-03-29 21:39:01,338 - WARNING - No content to chunk for claim_20254883510_82340066.pdf
2026-03-29 21:39:01,338 - WARNING - No content to chunk for claim_20252726045_51284596.pdf
2026-03-29 21:39:01,339 - INFO - Chunking complete. 0 chunks from 90 documents.
2026-03-31 19:10:05,294 - INFO - Starting chunking for 90 documents.
2026-03-31 19:10:05,297 - WARNING - No content to chunk for claim_20243725010_76336936.pdf
2026-03-31 19:10:05,297 - WARNING - No content to chunk for claim_20247869165_44632635.pdf
2026-03-31 19:10:05,297 - WARNING - No content to chunk for claim_20243205923_45950426.pdf
2026-03-31 19:10:05,297 - WARNING - No content to chunk for claim_20256063499_48159191.pdf
2026-03-31 19:10:05,297 - WARNING - No content to chunk for claim_20246162392_44649680.pdf
2026-03-31 19:10:05,297 - WARNING - No content to chunk for claim_20254082911_23347455.pdf
2026-03-31 19:10:05,298 - WARNING - No content to chunk for claim_20247987225_55726342.pdf
2026-03-31 19:10:05,298 - WARNING - No content to chunk for claim_20255084683_46441508.pdf
2026-03-31 19:10:05,298 - WARNING - No content to chunk for claim_20241529407_67637532.pdf
2026-03-31 19:10:05,298 - WARNING - No content to chunk for claim_20259743811_69941930.pdf
2026-03-31 19:10:05,298 - WARNING - No content to chunk for claim_20254438434_97737203.pdf
2026-03-31 19:10:05,298 - WARNING - No content to chunk for claim_20244916236_65878529.pdf
2026-03-31 19:10:05,298 - WARNING - No content to chunk for claim_20255234371_96242714.pdf
2026-03-31 19:10:05,298 - WARNING - No content to chunk for claim_20249405566_49672765.pdf
2026-03-31 19:10:05,298 - WARNING - No content to chunk for claim_20256519027_19156319.pdf
2026-03-31 19:10:05,298 - WARNING - No content to chunk for claim_20256029535_43559181.pdf
2026-03-31 19:10:05,298 - WARNING - No content to chunk for claim_20256912848_49690201.pdf
2026-03-31 19:10:05,298 - WARNING - No content to chunk for claim_20253939490_43222913.pdf
2026-03-31 19:10:05,298 - WARNING - No content to chunk for claim_20245311277_93318602.pdf
2026-03-31 19:10:05,298 - WARNING - No content to chunk for claim_20251464782_54794506.pdf
2026-03-31 19:10:05,298 - WARNING - No content to chunk for claim_20249475478_86691029.pdf
2026-03-31 19:10:05,298 - WARNING - No content to chunk for claim_20259503098_91920110.pdf
2026-03-31 19:10:05,298 - WARNING - No content to chunk for claim_20254462871_58496460.pdf
2026-03-31 19:10:05,298 - WARNING - No content to chunk for claim_20256568743_32006590.pdf
2026-03-31 19:10:05,298 - WARNING - No content to chunk for claim_20257497809_75787450.pdf
2026-03-31 19:10:05,298 - WARNING - No content to chunk for claim_20251286829_19827373.pdf
2026-03-31 19:10:05,298 - WARNING - No content to chunk for claim_20243283958_70244287.pdf
2026-03-31 19:10:05,298 - WARNING - No content to chunk for claim_20249223222_53410183.pdf
2026-03-31 19:10:05,298 - WARNING - No content to chunk for claim_20252377755_39070639.pdf
2026-03-31 19:10:05,298 - WARNING - No content to chunk for claim_20241736463_71004850.pdf
2026-03-31 19:10:05,298 - WARNING - No content to chunk for claim_20251221402_81147522.pdf
2026-03-31 19:10:05,298 - WARNING - No content to chunk for claim_20245129043_19253614.pdf
2026-03-31 19:10:05,299 - WARNING - No content to chunk for claim_20257975702_10619392.pdf
2026-03-31 19:10:05,299 - WARNING - No content to chunk for claim_20249080594_43280118.pdf
2026-03-31 19:10:05,299 - WARNING - No content to chunk for claim_20243684243_92972911.pdf
2026-03-31 19:10:05,299 - WARNING - No content to chunk for claim_20258249026_61880254.pdf
2026-03-31 19:10:05,299 - WARNING - No content to chunk for claim_20249733162_19936232.pdf
2026-03-31 19:10:05,299 - WARNING - No content to chunk for claim_20259075901_51776103.pdf
2026-03-31 19:10:05,299 - WARNING - No content to chunk for claim_20257788799_23912274.pdf
2026-03-31 19:10:05,299 - WARNING - No content to chunk for claim_20252879081_70509832.pdf
2026-03-31 19:10:05,299 - WARNING - No content to chunk for claim_20245490051_30034514.pdf
2026-03-31 19:10:05,299 - WARNING - No content to chunk for claim_20247177741_19101082.pdf
2026-03-31 19:10:05,299 - WARNING - No content to chunk for claim_20255330403_99268688.pdf
2026-03-31 19:10:05,299 - WARNING - No content to chunk for claim_20258095980_69088525.pdf
2026-03-31 19:10:05,299 - WARNING - No content to chunk for claim_20253231879_42724439.pdf
2026-03-31 19:10:05,299 - WARNING - No content to chunk for claim_20245739661_78856343.pdf
2026-03-31 19:10:05,299 - WARNING - No content to chunk for claim_20253243174_34963754.pdf
2026-03-31 19:10:05,299 - WARNING - No content to chunk for claim_20247355869_31680081.pdf
2026-03-31 19:10:05,299 - WARNING - No content to chunk for claim_20241847228_79429505.pdf
2026-03-31 19:10:05,299 - WARNING - No content to chunk for claim_20243230481_87712281.pdf
2026-03-31 19:10:05,299 - WARNING - No content to chunk for claim_20259731272_30344781.pdf
2026-03-31 19:10:05,299 - WARNING - No content to chunk for claim_20253462485_15610411.pdf
2026-03-31 19:10:05,299 - WARNING - No content to chunk for claim_20242779386_94091838.pdf
2026-03-31 19:10:05,299 - WARNING - No content to chunk for claim_20253686734_19591455.pdf
2026-03-31 19:10:05,299 - WARNING - No content to chunk for claim_20254491859_53370168.pdf
2026-03-31 19:10:05,299 - WARNING - No content to chunk for claim_20242079466_44783155.pdf
2026-03-31 19:10:05,299 - WARNING - No content to chunk for claim_20259966021_51514128.pdf
2026-03-31 19:10:05,299 - WARNING - No content to chunk for claim_20259966041_48686624.pdf
2026-03-31 19:10:05,299 - WARNING - No content to chunk for claim_20257911152_15698091.pdf
2026-03-31 19:10:05,299 - WARNING - No content to chunk for claim_20252711858_91708135.pdf
2026-03-31 19:10:05,299 - WARNING - No content to chunk for claim_20254918361_84733908.pdf
2026-03-31 19:10:05,299 - WARNING - No content to chunk for claim_20243187118_71149802.pdf
2026-03-31 19:10:05,299 - WARNING - No content to chunk for claim_20254815595_63936476.pdf
2026-03-31 19:10:05,299 - WARNING - No content to chunk for claim_20256272798_60678616.pdf
2026-03-31 19:10:05,299 - WARNING - No content to chunk for claim_20249009293_42970224.pdf
2026-03-31 19:10:05,299 - WARNING - No content to chunk for claim_20257801665_54780057.pdf
2026-03-31 19:10:05,299 - WARNING - No content to chunk for claim_20258131255_47484442.pdf
2026-03-31 19:10:05,299 - WARNING - No content to chunk for claim_20257060017_82123643.pdf
2026-03-31 19:10:05,299 - WARNING - No content to chunk for claim_20241464876_32974929.pdf
2026-03-31 19:10:05,299 - WARNING - No content to chunk for claim_20243024518_72823425.pdf
2026-03-31 19:10:05,299 - WARNING - No content to chunk for claim_20257331999_34333791.pdf
2026-03-31 19:10:05,299 - WARNING - No content to chunk for claim_20249459696_69071004.pdf
2026-03-31 19:10:05,299 - WARNING - No content to chunk for claim_20248282853_42968701.pdf
2026-03-31 19:10:05,299 - WARNING - No content to chunk for claim_20241502168_96346449.pdf
2026-03-31 19:10:05,299 - WARNING - No content to chunk for claim_20252777390_34072932.pdf
2026-03-31 19:10:05,299 - WARNING - No content to chunk for claim_20245478798_82304902.pdf
2026-03-31 19:10:05,299 - WARNING - No content to chunk for claim_20247986767_34930916.pdf
2026-03-31 19:10:05,299 - WARNING - No content to chunk for claim_20243033006_63302386.pdf
2026-03-31 19:10:05,299 - WARNING - No content to chunk for claim_20242536710_33723152.pdf
2026-03-31 19:10:05,299 - WARNING - No content to chunk for claim_20252131114_40476258.pdf
2026-03-31 19:10:05,299 - WARNING - No content to chunk for claim_20248083962_88011315.pdf
2026-03-31 19:10:05,299 - WARNING - No content to chunk for claim_20244271559_69936581.pdf
2026-03-31 19:10:05,299 - WARNING - No content to chunk for claim_20243101171_47575288.pdf
2026-03-31 19:10:05,299 - WARNING - No content to chunk for claim_20251655002_22084858.pdf
2026-03-31 19:10:05,299 - WARNING - No content to chunk for claim_20246060192_24262466.pdf
2026-03-31 19:10:05,300 - WARNING - No content to chunk for claim_20242555165_47676313.pdf
2026-03-31 19:10:05,300 - WARNING - No content to chunk for claim_20244911000_47479221.pdf
2026-03-31 19:10:05,300 - WARNING - No content to chunk for claim_20243853244_29203452.pdf
2026-03-31 19:10:05,300 - WARNING - No content to chunk for claim_20254883510_82340066.pdf
2026-03-31 19:10:05,300 - WARNING - No content to chunk for claim_20252726045_51284596.pdf
2026-03-31 19:10:05,300 - INFO - Chunking complete. 0 chunks from 90 documents.
2026-03-31 19:11:39,576 - INFO - Starting chunking for 90 documents.
2026-03-31 19:11:39,576 - WARNING - No content to chunk for claim_20243725010_76336936.pdf
2026-03-31 19:11:39,576 - WARNING - No content to chunk for claim_20247869165_44632635.pdf
2026-03-31 19:11:39,576 - WARNING - No content to chunk for claim_20243205923_45950426.pdf
2026-03-31 19:11:39,576 - WARNING - No content to chunk for claim_20256063499_48159191.pdf
2026-03-31 19:11:39,576 - WARNING - No content to chunk for claim_20246162392_44649680.pdf
2026-03-31 19:11:39,576 - WARNING - No content to chunk for claim_20254082911_23347455.pdf
2026-03-31 19:11:39,576 - WARNING - No content to chunk for claim_20247987225_55726342.pdf
2026-03-31 19:11:39,576 - WARNING - No content to chunk for claim_20255084683_46441508.pdf
2026-03-31 19:11:39,576 - WARNING - No content to chunk for claim_20241529407_67637532.pdf
2026-03-31 19:11:39,576 - WARNING - No content to chunk for claim_20259743811_69941930.pdf
2026-03-31 19:11:39,576 - WARNING - No content to chunk for claim_20254438434_97737203.pdf
2026-03-31 19:11:39,577 - WARNING - No content to chunk for claim_20244916236_65878529.pdf
2026-03-31 19:11:39,577 - WARNING - No content to chunk for claim_20255234371_96242714.pdf
2026-03-31 19:11:39,577 - WARNING - No content to chunk for claim_20249405566_49672765.pdf
2026-03-31 19:11:39,577 - WARNING - No content to chunk for claim_20256519027_19156319.pdf
2026-03-31 19:11:39,577 - WARNING - No content to chunk for claim_20256029535_43559181.pdf
2026-03-31 19:11:39,577 - WARNING - No content to chunk for claim_20256912848_49690201.pdf
2026-03-31 19:11:39,577 - WARNING - No content to chunk for claim_20253939490_43222913.pdf
2026-03-31 19:11:39,577 - WARNING - No content to chunk for claim_20245311277_93318602.pdf
2026-03-31 19:11:39,577 - WARNING - No content to chunk for claim_20251464782_54794506.pdf
2026-03-31 19:11:39,577 - WARNING - No content to chunk for claim_20249475478_86691029.pdf
2026-03-31 19:11:39,577 - WARNING - No content to chunk for claim_20259503098_91920110.pdf
2026-03-31 19:11:39,577 - WARNING - No content to chunk for claim_20254462871_58496460.pdf
2026-03-31 19:11:39,577 - WARNING - No content to chunk for claim_20256568743_32006590.pdf
2026-03-31 19:11:39,577 - WARNING - No content to chunk for claim_20257497809_75787450.pdf
2026-03-31 19:11:39,577 - WARNING - No content to chunk for claim_20251286829_19827373.pdf
2026-03-31 19:11:39,577 - WARNING - No content to chunk for claim_20243283958_70244287.pdf
2026-03-31 19:11:39,577 - WARNING - No content to chunk for claim_20249223222_53410183.pdf
2026-03-31 19:11:39,577 - WARNING - No content to chunk for claim_20252377755_39070639.pdf
2026-03-31 19:11:39,577 - WARNING - No content to chunk for claim_20241736463_71004850.pdf
2026-03-31 19:11:39,577 - WARNING - No content to chunk for claim_20251221402_81147522.pdf
2026-03-31 19:11:39,577 - WARNING - No content to chunk for claim_20245129043_19253614.pdf
2026-03-31 19:11:39,577 - WARNING - No content to chunk for claim_20257975702_10619392.pdf
2026-03-31 19:11:39,577 - WARNING - No content to chunk for claim_20249080594_43280118.pdf
2026-03-31 19:11:39,577 - WARNING - No content to chunk for claim_20243684243_92972911.pdf
2026-03-31 19:11:39,577 - WARNING - No content to chunk for claim_20258249026_61880254.pdf
2026-03-31 19:11:39,577 - WARNING - No content to chunk for claim_20249733162_19936232.pdf
2026-03-31 19:11:39,577 - WARNING - No content to chunk for claim_20259075901_51776103.pdf
2026-03-31 19:11:39,577 - WARNING - No content to chunk for claim_20257788799_23912274.pdf
2026-03-31 19:11:39,577 - WARNING - No content to chunk for claim_20252879081_70509832.pdf
2026-03-31 19:11:39,577 - WARNING - No content to chunk for claim_20245490051_30034514.pdf
2026-03-31 19:11:39,577 - WARNING - No content to chunk for claim_20247177741_19101082.pdf
2026-03-31 19:11:39,577 - WARNING - No content to chunk for claim_20255330403_99268688.pdf
2026-03-31 19:11:39,577 - WARNING - No content to chunk for claim_20258095980_69088525.pdf
2026-03-31 19:11:39,577 - WARNING - No content to chunk for claim_20253231879_42724439.pdf
2026-03-31 19:11:39,577 - WARNING - No content to chunk for claim_20245739661_78856343.pdf
2026-03-31 19:11:39,577 - WARNING - No content to chunk for claim_20253243174_34963754.pdf
2026-03-31 19:11:39,577 - WARNING - No content to chunk for claim_20247355869_31680081.pdf
2026-03-31 19:11:39,577 - WARNING - No content to chunk for claim_20241847228_79429505.pdf
2026-03-31 19:11:39,577 - WARNING - No content to chunk for claim_20243230481_87712281.pdf
2026-03-31 19:11:39,577 - WARNING - No content to chunk for claim_20259731272_30344781.pdf
2026-03-31 19:11:39,577 - WARNING - No content to chunk for claim_20253462485_15610411.pdf
2026-03-31 19:11:39,577 - WARNING - No content to chunk for claim_20242779386_94091838.pdf
2026-03-31 19:11:39,578 - WARNING - No content to chunk for claim_20253686734_19591455.pdf
2026-03-31 19:11:39,578 - WARNING - No content to chunk for claim_20254491859_53370168.pdf
2026-03-31 19:11:39,578 - WARNING - No content to chunk for claim_20242079466_44783155.pdf
2026-03-31 19:11:39,578 - WARNING - No content to chunk for claim_20259966021_51514128.pdf
2026-03-31 19:11:39,578 - WARNING - No content to chunk for claim_20259966041_48686624.pdf
2026-03-31 19:11:39,578 - WARNING - No content to chunk for claim_20257911152_15698091.pdf
2026-03-31 19:11:39,578 - WARNING - No content to chunk for claim_20252711858_91708135.pdf
2026-03-31 19:11:39,578 - WARNING - No content to chunk for claim_20254918361_84733908.pdf
2026-03-31 19:11:39,578 - WARNING - No content to chunk for claim_20243187118_71149802.pdf
2026-03-31 19:11:39,578 - WARNING - No content to chunk for claim_20254815595_63936476.pdf
2026-03-31 19:11:39,578 - WARNING - No content to chunk for claim_20256272798_60678616.pdf
2026-03-31 19:11:39,578 - WARNING - No content to chunk for claim_20249009293_42970224.pdf
2026-03-31 19:11:39,578 - WARNING - No content to chunk for claim_20257801665_54780057.pdf
2026-03-31 19:11:39,578 - WARNING - No content to chunk for claim_20258131255_47484442.pdf
2026-03-31 19:11:39,578 - WARNING - No content to chunk for claim_20257060017_82123643.pdf
2026-03-31 19:11:39,578 - WARNING - No content to chunk for claim_20241464876_32974929.pdf
2026-03-31 19:11:39,578 - WARNING - No content to chunk for claim_20243024518_72823425.pdf
2026-03-31 19:11:39,578 - WARNING - No content to chunk for claim_20257331999_34333791.pdf
2026-03-31 19:11:39,578 - WARNING - No content to chunk for claim_20249459696_69071004.pdf
2026-03-31 19:11:39,578 - WARNING - No content to chunk for claim_20248282853_42968701.pdf
2026-03-31 19:11:39,578 - WARNING - No content to chunk for claim_20241502168_96346449.pdf
2026-03-31 19:11:39,578 - WARNING - No content to chunk for claim_20252777390_34072932.pdf
2026-03-31 19:11:39,578 - WARNING - No content to chunk for claim_20245478798_82304902.pdf
2026-03-31 19:11:39,578 - WARNING - No content to chunk for claim_20247986767_34930916.pdf
2026-03-31 19:11:39,578 - WARNING - No content to chunk for claim_20243033006_63302386.pdf
2026-03-31 19:11:39,578 - WARNING - No content to chunk for claim_20242536710_33723152.pdf
2026-03-31 19:11:39,578 - WARNING - No content to chunk for claim_20252131114_40476258.pdf
2026-03-31 19:11:39,578 - WARNING - No content to chunk for claim_20248083962_88011315.pdf
2026-03-31 19:11:39,578 - WARNING - No content to chunk for claim_20244271559_69936581.pdf
2026-03-31 19:11:39,578 - WARNING - No content to chunk for claim_20243101171_47575288.pdf
2026-03-31 19:11:39,578 - WARNING - No content to chunk for claim_20251655002_22084858.pdf
2026-03-31 19:11:39,578 - WARNING - No content to chunk for claim_20246060192_24262466.pdf
2026-03-31 19:11:39,578 - WARNING - No content to chunk for claim_20242555165_47676313.pdf
2026-03-31 19:11:39,578 - WARNING - No content to chunk for claim_20244911000_47479221.pdf
2026-03-31 19:11:39,578 - WARNING - No content to chunk for claim_20243853244_29203452.pdf
2026-03-31 19:11:39,578 - WARNING - No content to chunk for claim_20254883510_82340066.pdf
2026-03-31 19:11:39,578 - WARNING - No content to chunk for claim_20252726045_51284596.pdf
2026-03-31 19:11:39,579 - INFO - Chunking complete. 0 chunks from 90 documents.
2026-03-31 19:16:35,578 - INFO - Starting chunking for 90 documents.
2026-03-31 19:16:35,579 - INFO - claim_20243725010_76336936.pdf → 1 chunks (doc length: 681 chars)
2026-03-31 19:16:35,579 - INFO - claim_20247869165_44632635.pdf is short (534 chars) — storing as single chunk
2026-03-31 19:16:35,579 - INFO - claim_20243205923_45950426.pdf is short (493 chars) — storing as single chunk
2026-03-31 19:16:35,579 - INFO - claim_20256063499_48159191.pdf → 2 chunks (doc length: 825 chars)
2026-03-31 19:16:35,579 - INFO - claim_20246162392_44649680.pdf is short (551 chars) — storing as single chunk
2026-03-31 19:16:35,579 - INFO - claim_20254082911_23347455.pdf is short (488 chars) — storing as single chunk
2026-03-31 19:16:35,579 - INFO - claim_20247987225_55726342.pdf is short (466 chars) — storing as single chunk
2026-03-31 19:16:35,580 - INFO - claim_20255084683_46441508.pdf → 1 chunks (doc length: 614 chars)
2026-03-31 19:16:35,580 - INFO - claim_20241529407_67637532.pdf → 1 chunks (doc length: 680 chars)
2026-03-31 19:16:35,580 - INFO - claim_20259743811_69941930.pdf is short (578 chars) — storing as single chunk
2026-03-31 19:16:35,580 - INFO - claim_20254438434_97737203.pdf → 1 chunks (doc length: 659 chars)
2026-03-31 19:16:35,580 - INFO - claim_20244916236_65878529.pdf → 1 chunks (doc length: 686 chars)
2026-03-31 19:16:35,580 - INFO - claim_20255234371_96242714.pdf → 1 chunks (doc length: 675 chars)
2026-03-31 19:16:35,580 - INFO - claim_20249405566_49672765.pdf is short (472 chars) — storing as single chunk
2026-03-31 19:16:35,580 - INFO - claim_20256519027_19156319.pdf → 2 chunks (doc length: 753 chars)
2026-03-31 19:16:35,580 - INFO - claim_20256029535_43559181.pdf → 1 chunks (doc length: 622 chars)
2026-03-31 19:16:35,580 - INFO - claim_20256912848_49690201.pdf → 1 chunks (doc length: 611 chars)
2026-03-31 19:16:35,580 - INFO - claim_20253939490_43222913.pdf → 1 chunks (doc length: 607 chars)
2026-03-31 19:16:35,580 - INFO - claim_20245311277_93318602.pdf → 1 chunks (doc length: 692 chars)
2026-03-31 19:16:35,580 - INFO - claim_20251464782_54794506.pdf is short (547 chars) — storing as single chunk
2026-03-31 19:16:35,580 - INFO - claim_20249475478_86691029.pdf → 1 chunks (doc length: 613 chars)
2026-03-31 19:16:35,580 - INFO - claim_20259503098_91920110.pdf → 1 chunks (doc length: 629 chars)
2026-03-31 19:16:35,580 - INFO - claim_20254462871_58496460.pdf is short (577 chars) — storing as single chunk
2026-03-31 19:16:35,580 - INFO - claim_20256568743_32006590.pdf → 1 chunks (doc length: 625 chars)
2026-03-31 19:16:35,580 - INFO - claim_20257497809_75787450.pdf → 2 chunks (doc length: 794 chars)
2026-03-31 19:16:35,580 - INFO - claim_20251286829_19827373.pdf is short (570 chars) — storing as single chunk
2026-03-31 19:16:35,580 - INFO - claim_20243283958_70244287.pdf → 2 chunks (doc length: 760 chars)
2026-03-31 19:16:35,580 - INFO - claim_20249223222_53410183.pdf is short (482 chars) — storing as single chunk
2026-03-31 19:16:35,580 - INFO - claim_20252377755_39070639.pdf → 1 chunks (doc length: 679 chars)
2026-03-31 19:16:35,580 - INFO - claim_20241736463_71004850.pdf → 2 chunks (doc length: 995 chars)
2026-03-31 19:16:35,580 - INFO - claim_20251221402_81147522.pdf → 1 chunks (doc length: 618 chars)
2026-03-31 19:16:35,581 - INFO - claim_20245129043_19253614.pdf → 1 chunks (doc length: 610 chars)
2026-03-31 19:16:35,581 - INFO - claim_20257975702_10619392.pdf → 2 chunks (doc length: 758 chars)
2026-03-31 19:16:35,581 - INFO - claim_20249080594_43280118.pdf is short (581 chars) — storing as single chunk
2026-03-31 19:16:35,581 - INFO - claim_20243684243_92972911.pdf → 2 chunks (doc length: 1040 chars)
2026-03-31 19:16:35,581 - INFO - claim_20258249026_61880254.pdf is short (546 chars) — storing as single chunk
2026-03-31 19:16:35,581 - INFO - claim_20249733162_19936232.pdf is short (597 chars) — storing as single chunk
2026-03-31 19:16:35,581 - INFO - claim_20259075901_51776103.pdf → 1 chunks (doc length: 618 chars)
2026-03-31 19:16:35,581 - INFO - claim_20257788799_23912274.pdf → 1 chunks (doc length: 653 chars)
2026-03-31 19:16:35,581 - INFO - claim_20252879081_70509832.pdf → 2 chunks (doc length: 881 chars)
2026-03-31 19:16:35,581 - INFO - claim_20245490051_30034514.pdf → 2 chunks (doc length: 1060 chars)
2026-03-31 19:16:35,581 - INFO - claim_20247177741_19101082.pdf is short (598 chars) — storing as single chunk
2026-03-31 19:16:35,581 - INFO - claim_20255330403_99268688.pdf → 2 chunks (doc length: 1054 chars)
2026-03-31 19:16:35,581 - INFO - claim_20258095980_69088525.pdf is short (553 chars) — storing as single chunk
2026-03-31 19:16:35,581 - INFO - claim_20253231879_42724439.pdf is short (464 chars) — storing as single chunk
2026-03-31 19:16:35,581 - INFO - claim_20245739661_78856343.pdf is short (448 chars) — storing as single chunk
2026-03-31 19:16:35,581 - INFO - claim_20253243174_34963754.pdf is short (559 chars) — storing as single chunk
2026-03-31 19:16:35,581 - INFO - claim_20247355869_31680081.pdf is short (549 chars) — storing as single chunk
2026-03-31 19:16:35,581 - INFO - claim_20241847228_79429505.pdf is short (548 chars) — storing as single chunk
2026-03-31 19:16:35,581 - INFO - claim_20243230481_87712281.pdf is short (552 chars) — storing as single chunk
2026-03-31 19:16:35,581 - INFO - claim_20259731272_30344781.pdf → 1 chunks (doc length: 652 chars)
2026-03-31 19:16:35,581 - INFO - claim_20253462485_15610411.pdf → 1 chunks (doc length: 615 chars)
2026-03-31 19:16:35,581 - INFO - claim_20242779386_94091838.pdf is short (509 chars) — storing as single chunk
2026-03-31 19:16:35,581 - INFO - claim_20253686734_19591455.pdf is short (566 chars) — storing as single chunk
2026-03-31 19:16:35,581 - INFO - claim_20254491859_53370168.pdf is short (501 chars) — storing as single chunk
2026-03-31 19:16:35,581 - INFO - claim_20242079466_44783155.pdf is short (572 chars) — storing as single chunk
2026-03-31 19:16:35,581 - INFO - claim_20259966021_51514128.pdf → 1 chunks (doc length: 738 chars)
2026-03-31 19:16:35,581 - INFO - claim_20259966041_48686624.pdf → 2 chunks (doc length: 1092 chars)
2026-03-31 19:16:35,581 - INFO - claim_20257911152_15698091.pdf is short (466 chars) — storing as single chunk
2026-03-31 19:16:35,582 - INFO - claim_20252711858_91708135.pdf is short (588 chars) — storing as single chunk
2026-03-31 19:16:35,582 - INFO - claim_20254918361_84733908.pdf → 1 chunks (doc length: 683 chars)
2026-03-31 19:16:35,582 - INFO - claim_20243187118_71149802.pdf → 1 chunks (doc length: 610 chars)
2026-03-31 19:16:35,582 - INFO - claim_20254815595_63936476.pdf → 2 chunks (doc length: 886 chars)
2026-03-31 19:16:35,582 - INFO - claim_20256272798_60678616.pdf → 2 chunks (doc length: 912 chars)
2026-03-31 19:16:35,582 - INFO - claim_20249009293_42970224.pdf is short (512 chars) — storing as single chunk
2026-03-31 19:16:35,582 - INFO - claim_20257801665_54780057.pdf → 1 chunks (doc length: 691 chars)
2026-03-31 19:16:35,582 - INFO - claim_20258131255_47484442.pdf → 2 chunks (doc length: 759 chars)
2026-03-31 19:16:35,582 - INFO - claim_20257060017_82123643.pdf → 1 chunks (doc length: 651 chars)
2026-03-31 19:16:35,582 - INFO - claim_20241464876_32974929.pdf → 2 chunks (doc length: 994 chars)
2026-03-31 19:16:35,582 - INFO - claim_20243024518_72823425.pdf is short (544 chars) — storing as single chunk
2026-03-31 19:16:35,582 - INFO - claim_20257331999_34333791.pdf → 1 chunks (doc length: 684 chars)
2026-03-31 19:16:35,582 - INFO - claim_20249459696_69071004.pdf → 1 chunks (doc length: 661 chars)
2026-03-31 19:16:35,582 - INFO - claim_20248282853_42968701.pdf is short (581 chars) — storing as single chunk
2026-03-31 19:16:35,582 - INFO - claim_20241502168_96346449.pdf is short (496 chars) — storing as single chunk
2026-03-31 19:16:35,582 - INFO - claim_20252777390_34072932.pdf → 1 chunks (doc length: 658 chars)
2026-03-31 19:16:35,582 - INFO - claim_20245478798_82304902.pdf → 1 chunks (doc length: 638 chars)
2026-03-31 19:16:35,582 - INFO - claim_20247986767_34930916.pdf → 1 chunks (doc length: 616 chars)
2026-03-31 19:16:35,582 - INFO - claim_20243033006_63302386.pdf → 1 chunks (doc length: 687 chars)
2026-03-31 19:16:35,582 - INFO - claim_20242536710_33723152.pdf is short (599 chars) — storing as single chunk
2026-03-31 19:16:35,582 - INFO - claim_20252131114_40476258.pdf is short (556 chars) — storing as single chunk
2026-03-31 19:16:35,582 - INFO - claim_20248083962_88011315.pdf is short (573 chars) — storing as single chunk
2026-03-31 19:16:35,582 - INFO - claim_20244271559_69936581.pdf → 1 chunks (doc length: 612 chars)
2026-03-31 19:16:35,582 - INFO - claim_20243101171_47575288.pdf → 1 chunks (doc length: 641 chars)
2026-03-31 19:16:35,582 - INFO - claim_20251655002_22084858.pdf is short (528 chars) — storing as single chunk
2026-03-31 19:16:35,582 - INFO - claim_20246060192_24262466.pdf → 1 chunks (doc length: 646 chars)
2026-03-31 19:16:35,582 - INFO - claim_20242555165_47676313.pdf is short (489 chars) — storing as single chunk
2026-03-31 19:16:35,583 - INFO - claim_20244911000_47479221.pdf is short (512 chars) — storing as single chunk
2026-03-31 19:16:35,583 - INFO - claim_20243853244_29203452.pdf is short (537 chars) — storing as single chunk
2026-03-31 19:16:35,583 - INFO - claim_20254883510_82340066.pdf → 1 chunks (doc length: 680 chars)
2026-03-31 19:16:35,583 - INFO - claim_20252726045_51284596.pdf is short (516 chars) — storing as single chunk
2026-03-31 19:16:35,588 - INFO - Chunking complete. 105 chunks from 90 documents.
2026-03-31 19:20:47,776 - INFO - Starting chunking for 90 documents.
2026-03-31 19:20:47,776 - INFO - claim_20243725010_76336936.pdf → 1 chunks (doc length: 681 chars)
2026-03-31 19:20:47,776 - INFO - claim_20247869165_44632635.pdf is short (534 chars) — storing as single chunk
2026-03-31 19:20:47,776 - INFO - claim_20243205923_45950426.pdf is short (493 chars) — storing as single chunk
2026-03-31 19:20:47,776 - INFO - claim_20256063499_48159191.pdf → 2 chunks (doc length: 825 chars)
2026-03-31 19:20:47,776 - INFO - claim_20246162392_44649680.pdf is short (551 chars) — storing as single chunk
2026-03-31 19:20:47,776 - INFO - claim_20254082911_23347455.pdf is short (488 chars) — storing as single chunk
2026-03-31 19:20:47,776 - INFO - claim_20247987225_55726342.pdf is short (466 chars) — storing as single chunk
2026-03-31 19:20:47,777 - INFO - claim_20255084683_46441508.pdf → 1 chunks (doc length: 614 chars)
2026-03-31 19:20:47,777 - INFO - claim_20241529407_67637532.pdf → 1 chunks (doc length: 680 chars)
2026-03-31 19:20:47,777 - INFO - claim_20259743811_69941930.pdf is short (578 chars) — storing as single chunk
2026-03-31 19:20:47,777 - INFO - claim_20254438434_97737203.pdf → 1 chunks (doc length: 659 chars)
2026-03-31 19:20:47,777 - INFO - claim_20244916236_65878529.pdf → 1 chunks (doc length: 686 chars)
2026-03-31 19:20:47,777 - INFO - claim_20255234371_96242714.pdf → 1 chunks (doc length: 675 chars)
2026-03-31 19:20:47,777 - INFO - claim_20249405566_49672765.pdf is short (472 chars) — storing as single chunk
2026-03-31 19:20:47,777 - INFO - claim_20256519027_19156319.pdf → 2 chunks (doc length: 753 chars)
2026-03-31 19:20:47,777 - INFO - claim_20256029535_43559181.pdf → 1 chunks (doc length: 622 chars)
2026-03-31 19:20:47,777 - INFO - claim_20256912848_49690201.pdf → 1 chunks (doc length: 611 chars)
2026-03-31 19:20:47,777 - INFO - claim_20253939490_43222913.pdf → 1 chunks (doc length: 607 chars)
2026-03-31 19:20:47,777 - INFO - claim_20245311277_93318602.pdf → 1 chunks (doc length: 692 chars)
2026-03-31 19:20:47,777 - INFO - claim_20251464782_54794506.pdf is short (547 chars) — storing as single chunk
2026-03-31 19:20:47,777 - INFO - claim_20249475478_86691029.pdf → 1 chunks (doc length: 613 chars)
2026-03-31 19:20:47,777 - INFO - claim_20259503098_91920110.pdf → 1 chunks (doc length: 629 chars)
2026-03-31 19:20:47,777 - INFO - claim_20254462871_58496460.pdf is short (577 chars) — storing as single chunk
2026-03-31 19:20:47,777 - INFO - claim_20256568743_32006590.pdf → 1 chunks (doc length: 625 chars)
2026-03-31 19:20:47,777 - INFO - claim_20257497809_75787450.pdf → 2 chunks (doc length: 794 chars)
2026-03-31 19:20:47,777 - INFO - claim_20251286829_19827373.pdf is short (570 chars) — storing as single chunk
2026-03-31 19:20:47,777 - INFO - claim_20243283958_70244287.pdf → 2 chunks (doc length: 760 chars)
2026-03-31 19:20:47,777 - INFO - claim_20249223222_53410183.pdf is short (482 chars) — storing as single chunk
2026-03-31 19:20:47,777 - INFO - claim_20252377755_39070639.pdf → 1 chunks (doc length: 679 chars)
2026-03-31 19:20:47,778 - INFO - claim_20241736463_71004850.pdf → 2 chunks (doc length: 995 chars)
2026-03-31 19:20:47,778 - INFO - claim_20251221402_81147522.pdf → 1 chunks (doc length: 618 chars)
2026-03-31 19:20:47,778 - INFO - claim_20245129043_19253614.pdf → 1 chunks (doc length: 610 chars)
2026-03-31 19:20:47,778 - INFO - claim_20257975702_10619392.pdf → 2 chunks (doc length: 758 chars)
2026-03-31 19:20:47,778 - INFO - claim_20249080594_43280118.pdf is short (581 chars) — storing as single chunk
2026-03-31 19:20:47,778 - INFO - claim_20243684243_92972911.pdf → 2 chunks (doc length: 1040 chars)
2026-03-31 19:20:47,778 - INFO - claim_20258249026_61880254.pdf is short (546 chars) — storing as single chunk
2026-03-31 19:20:47,778 - INFO - claim_20249733162_19936232.pdf is short (597 chars) — storing as single chunk
2026-03-31 19:20:47,778 - INFO - claim_20259075901_51776103.pdf → 1 chunks (doc length: 618 chars)
2026-03-31 19:20:47,778 - INFO - claim_20257788799_23912274.pdf → 1 chunks (doc length: 653 chars)
2026-03-31 19:20:47,778 - INFO - claim_20252879081_70509832.pdf → 2 chunks (doc length: 881 chars)
2026-03-31 19:20:47,778 - INFO - claim_20245490051_30034514.pdf → 2 chunks (doc length: 1060 chars)
2026-03-31 19:20:47,778 - INFO - claim_20247177741_19101082.pdf is short (598 chars) — storing as single chunk
2026-03-31 19:20:47,778 - INFO - claim_20255330403_99268688.pdf → 2 chunks (doc length: 1054 chars)
2026-03-31 19:20:47,778 - INFO - claim_20258095980_69088525.pdf is short (553 chars) — storing as single chunk
2026-03-31 19:20:47,778 - INFO - claim_20253231879_42724439.pdf is short (464 chars) — storing as single chunk
2026-03-31 19:20:47,778 - INFO - claim_20245739661_78856343.pdf is short (448 chars) — storing as single chunk
2026-03-31 19:20:47,778 - INFO - claim_20253243174_34963754.pdf is short (559 chars) — storing as single chunk
2026-03-31 19:20:47,778 - INFO - claim_20247355869_31680081.pdf is short (549 chars) — storing as single chunk
2026-03-31 19:20:47,778 - INFO - claim_20241847228_79429505.pdf is short (548 chars) — storing as single chunk
2026-03-31 19:20:47,778 - INFO - claim_20243230481_87712281.pdf is short (552 chars) — storing as single chunk
2026-03-31 19:20:47,778 - INFO - claim_20259731272_30344781.pdf → 1 chunks (doc length: 652 chars)
2026-03-31 19:20:47,778 - INFO - claim_20253462485_15610411.pdf → 1 chunks (doc length: 615 chars)
2026-03-31 19:20:47,778 - INFO - claim_20242779386_94091838.pdf is short (509 chars) — storing as single chunk
2026-03-31 19:20:47,778 - INFO - claim_20253686734_19591455.pdf is short (566 chars) — storing as single chunk
2026-03-31 19:20:47,778 - INFO - claim_20254491859_53370168.pdf is short (501 chars) — storing as single chunk
2026-03-31 19:20:47,778 - INFO - claim_20242079466_44783155.pdf is short (572 chars) — storing as single chunk
2026-03-31 19:20:47,778 - INFO - claim_20259966021_51514128.pdf → 1 chunks (doc length: 738 chars)
2026-03-31 19:20:47,778 - INFO - claim_20259966041_48686624.pdf → 2 chunks (doc length: 1092 chars)
2026-03-31 19:20:47,778 - INFO - claim_20257911152_15698091.pdf is short (466 chars) — storing as single chunk
2026-03-31 19:20:47,778 - INFO - claim_20252711858_91708135.pdf is short (588 chars) — storing as single chunk
2026-03-31 19:20:47,778 - INFO - claim_20254918361_84733908.pdf → 1 chunks (doc length: 683 chars)
2026-03-31 19:20:47,778 - INFO - claim_20243187118_71149802.pdf → 1 chunks (doc length: 610 chars)
2026-03-31 19:20:47,779 - INFO - claim_20254815595_63936476.pdf → 2 chunks (doc length: 886 chars)
2026-03-31 19:20:47,779 - INFO - claim_20256272798_60678616.pdf → 2 chunks (doc length: 912 chars)
2026-03-31 19:20:47,779 - INFO - claim_20249009293_42970224.pdf is short (512 chars) — storing as single chunk
2026-03-31 19:20:47,779 - INFO - claim_20257801665_54780057.pdf → 1 chunks (doc length: 691 chars)
2026-03-31 19:20:47,779 - INFO - claim_20258131255_47484442.pdf → 2 chunks (doc length: 759 chars)
2026-03-31 19:20:47,779 - INFO - claim_20257060017_82123643.pdf → 1 chunks (doc length: 651 chars)
2026-03-31 19:20:47,779 - INFO - claim_20241464876_32974929.pdf → 2 chunks (doc length: 994 chars)
2026-03-31 19:20:47,779 - INFO - claim_20243024518_72823425.pdf is short (544 chars) — storing as single chunk
2026-03-31 19:20:47,779 - INFO - claim_20257331999_34333791.pdf → 1 chunks (doc length: 684 chars)
2026-03-31 19:20:47,779 - INFO - claim_20249459696_69071004.pdf → 1 chunks (doc length: 661 chars)
2026-03-31 19:20:47,779 - INFO - claim_20248282853_42968701.pdf is short (581 chars) — storing as single chunk
2026-03-31 19:20:47,779 - INFO - claim_20241502168_96346449.pdf is short (496 chars) — storing as single chunk
2026-03-31 19:20:47,779 - INFO - claim_20252777390_34072932.pdf → 1 chunks (doc length: 658 chars)
2026-03-31 19:20:47,779 - INFO - claim_20245478798_82304902.pdf → 1 chunks (doc length: 638 chars)
2026-03-31 19:20:47,779 - INFO - claim_20247986767_34930916.pdf → 1 chunks (doc length: 616 chars)
2026-03-31 19:20:47,779 - INFO - claim_20243033006_63302386.pdf → 1 chunks (doc length: 687 chars)
2026-03-31 19:20:47,779 - INFO - claim_20242536710_33723152.pdf is short (599 chars) — storing as single chunk
2026-03-31 19:20:47,779 - INFO - claim_20252131114_40476258.pdf is short (556 chars) — storing as single chunk
2026-03-31 19:20:47,779 - INFO - claim_20248083962_88011315.pdf is short (573 chars) — storing as single chunk
2026-03-31 19:20:47,779 - INFO - claim_20244271559_69936581.pdf → 1 chunks (doc length: 612 chars)
2026-03-31 19:20:47,779 - INFO - claim_20243101171_47575288.pdf → 1 chunks (doc length: 641 chars)
2026-03-31 19:20:47,779 - INFO - claim_20251655002_22084858.pdf is short (528 chars) — storing as single chunk
2026-03-31 19:20:47,779 - INFO - claim_20246060192_24262466.pdf → 1 chunks (doc length: 646 chars)
2026-03-31 19:20:47,779 - INFO - claim_20242555165_47676313.pdf is short (489 chars) — storing as single chunk
2026-03-31 19:20:47,779 - INFO - claim_20244911000_47479221.pdf is short (512 chars) — storing as single chunk
2026-03-31 19:20:47,779 - INFO - claim_20243853244_29203452.pdf is short (537 chars) — storing as single chunk
2026-03-31 19:20:47,779 - INFO - claim_20254883510_82340066.pdf → 1 chunks (doc length: 680 chars)
2026-03-31 19:20:47,779 - INFO - claim_20252726045_51284596.pdf is short (516 chars) — storing as single chunk
2026-03-31 19:20:47,784 - INFO - Chunking complete. 105 chunks from 90 documents.
2026-03-31 19:27:02,940 - INFO - Starting chunking for 90 documents.
2026-03-31 19:27:02,941 - INFO - claim_20243725010_76336936.pdf → 1 chunks (doc length: 681 chars)
2026-03-31 19:27:02,941 - INFO - claim_20247869165_44632635.pdf is short (534 chars) — storing as single chunk
2026-03-31 19:27:02,941 - INFO - claim_20243205923_45950426.pdf is short (493 chars) — storing as single chunk
2026-03-31 19:27:02,941 - INFO - claim_20256063499_48159191.pdf → 2 chunks (doc length: 825 chars)
2026-03-31 19:27:02,941 - INFO - claim_20246162392_44649680.pdf is short (551 chars) — storing as single chunk
2026-03-31 19:27:02,941 - INFO - claim_20254082911_23347455.pdf is short (488 chars) — storing as single chunk
2026-03-31 19:27:02,941 - INFO - claim_20247987225_55726342.pdf is short (466 chars) — storing as single chunk
2026-03-31 19:27:02,941 - INFO - claim_20255084683_46441508.pdf → 1 chunks (doc length: 614 chars)
2026-03-31 19:27:02,941 - INFO - claim_20241529407_67637532.pdf → 1 chunks (doc length: 680 chars)
2026-03-31 19:27:02,941 - INFO - claim_20259743811_69941930.pdf is short (578 chars) — storing as single chunk
2026-03-31 19:27:02,941 - INFO - claim_20254438434_97737203.pdf → 1 chunks (doc length: 659 chars)
2026-03-31 19:27:02,941 - INFO - claim_20244916236_65878529.pdf → 1 chunks (doc length: 686 chars)
2026-03-31 19:27:02,941 - INFO - claim_20255234371_96242714.pdf → 1 chunks (doc length: 675 chars)
2026-03-31 19:27:02,941 - INFO - claim_20249405566_49672765.pdf is short (472 chars) — storing as single chunk
2026-03-31 19:27:02,941 - INFO - claim_20256519027_19156319.pdf → 2 chunks (doc length: 753 chars)
2026-03-31 19:27:02,941 - INFO - claim_20256029535_43559181.pdf → 1 chunks (doc length: 622 chars)
2026-03-31 19:27:02,941 - INFO - claim_20256912848_49690201.pdf → 1 chunks (doc length: 611 chars)
2026-03-31 19:27:02,942 - INFO - claim_20253939490_43222913.pdf → 1 chunks (doc length: 607 chars)
2026-03-31 19:27:02,942 - INFO - claim_20245311277_93318602.pdf → 1 chunks (doc length: 692 chars)
2026-03-31 19:27:02,942 - INFO - claim_20251464782_54794506.pdf is short (547 chars) — storing as single chunk
2026-03-31 19:27:02,942 - INFO - claim_20249475478_86691029.pdf → 1 chunks (doc length: 613 chars)
2026-03-31 19:27:02,942 - INFO - claim_20259503098_91920110.pdf → 1 chunks (doc length: 629 chars)
2026-03-31 19:27:02,942 - INFO - claim_20254462871_58496460.pdf is short (577 chars) — storing as single chunk
2026-03-31 19:27:02,942 - INFO - claim_20256568743_32006590.pdf → 1 chunks (doc length: 625 chars)
2026-03-31 19:27:02,942 - INFO - claim_20257497809_75787450.pdf → 2 chunks (doc length: 794 chars)
2026-03-31 19:27:02,942 - INFO - claim_20251286829_19827373.pdf is short (570 chars) — storing as single chunk
2026-03-31 19:27:02,942 - INFO - claim_20243283958_70244287.pdf → 2 chunks (doc length: 760 chars)
2026-03-31 19:27:02,942 - INFO - claim_20249223222_53410183.pdf is short (482 chars) — storing as single chunk
2026-03-31 19:27:02,942 - INFO - claim_20252377755_39070639.pdf → 1 chunks (doc length: 679 chars)
2026-03-31 19:27:02,942 - INFO - claim_20241736463_71004850.pdf → 2 chunks (doc length: 995 chars)
2026-03-31 19:27:02,942 - INFO - claim_20251221402_81147522.pdf → 1 chunks (doc length: 618 chars)
2026-03-31 19:27:02,942 - INFO - claim_20245129043_19253614.pdf → 1 chunks (doc length: 610 chars)
2026-03-31 19:27:02,942 - INFO - claim_20257975702_10619392.pdf → 2 chunks (doc length: 758 chars)
2026-03-31 19:27:02,942 - INFO - claim_20249080594_43280118.pdf is short (581 chars) — storing as single chunk
2026-03-31 19:27:02,942 - INFO - claim_20243684243_92972911.pdf → 2 chunks (doc length: 1040 chars)
2026-03-31 19:27:02,942 - INFO - claim_20258249026_61880254.pdf is short (546 chars) — storing as single chunk
2026-03-31 19:27:02,942 - INFO - claim_20249733162_19936232.pdf is short (597 chars) — storing as single chunk
2026-03-31 19:27:02,942 - INFO - claim_20259075901_51776103.pdf → 1 chunks (doc length: 618 chars)
2026-03-31 19:27:02,942 - INFO - claim_20257788799_23912274.pdf → 1 chunks (doc length: 653 chars)
2026-03-31 19:27:02,942 - INFO - claim_20252879081_70509832.pdf → 2 chunks (doc length: 881 chars)
2026-03-31 19:27:02,942 - INFO - claim_20245490051_30034514.pdf → 2 chunks (doc length: 1060 chars)
2026-03-31 19:27:02,942 - INFO - claim_20247177741_19101082.pdf is short (598 chars) — storing as single chunk
2026-03-31 19:27:02,942 - INFO - claim_20255330403_99268688.pdf → 2 chunks (doc length: 1054 chars)
2026-03-31 19:27:02,942 - INFO - claim_20258095980_69088525.pdf is short (553 chars) — storing as single chunk
2026-03-31 19:27:02,942 - INFO - claim_20253231879_42724439.pdf is short (464 chars) — storing as single chunk
2026-03-31 19:27:02,942 - INFO - claim_20245739661_78856343.pdf is short (448 chars) — storing as single chunk
2026-03-31 19:27:02,942 - INFO - claim_20253243174_34963754.pdf is short (559 chars) — storing as single chunk
2026-03-31 19:27:02,942 - INFO - claim_20247355869_31680081.pdf is short (549 chars) — storing as single chunk
2026-03-31 19:27:02,942 - INFO - claim_20241847228_79429505.pdf is short (548 chars) — storing as single chunk
2026-03-31 19:27:02,942 - INFO - claim_20243230481_87712281.pdf is short (552 chars) — storing as single chunk
2026-03-31 19:27:02,942 - INFO - claim_20259731272_30344781.pdf → 1 chunks (doc length: 652 chars)
2026-03-31 19:27:02,942 - INFO - claim_20253462485_15610411.pdf → 1 chunks (doc length: 615 chars)
2026-03-31 19:27:02,942 - INFO - claim_20242779386_94091838.pdf is short (509 chars) — storing as single chunk
2026-03-31 19:27:02,943 - INFO - claim_20253686734_19591455.pdf is short (566 chars) — storing as single chunk
2026-03-31 19:27:02,943 - INFO - claim_20254491859_53370168.pdf is short (501 chars) — storing as single chunk
2026-03-31 19:27:02,943 - INFO - claim_20242079466_44783155.pdf is short (572 chars) — storing as single chunk
2026-03-31 19:27:02,943 - INFO - claim_20259966021_51514128.pdf → 1 chunks (doc length: 738 chars)
2026-03-31 19:27:02,943 - INFO - claim_20259966041_48686624.pdf → 2 chunks (doc length: 1092 chars)
2026-03-31 19:27:02,943 - INFO - claim_20257911152_15698091.pdf is short (466 chars) — storing as single chunk
2026-03-31 19:27:02,943 - INFO - claim_20252711858_91708135.pdf is short (588 chars) — storing as single chunk
2026-03-31 19:27:02,943 - INFO - claim_20254918361_84733908.pdf → 1 chunks (doc length: 683 chars)
2026-03-31 19:27:02,943 - INFO - claim_20243187118_71149802.pdf → 1 chunks (doc length: 610 chars)
2026-03-31 19:27:02,943 - INFO - claim_20254815595_63936476.pdf → 2 chunks (doc length: 886 chars)
2026-03-31 19:27:02,943 - INFO - claim_20256272798_60678616.pdf → 2 chunks (doc length: 912 chars)
2026-03-31 19:27:02,943 - INFO - claim_20249009293_42970224.pdf is short (512 chars) — storing as single chunk
2026-03-31 19:27:02,943 - INFO - claim_20257801665_54780057.pdf → 1 chunks (doc length: 691 chars)
2026-03-31 19:27:02,943 - INFO - claim_20258131255_47484442.pdf → 2 chunks (doc length: 759 chars)
2026-03-31 19:27:02,943 - INFO - claim_20257060017_82123643.pdf → 1 chunks (doc length: 651 chars)
2026-03-31 19:27:02,943 - INFO - claim_20241464876_32974929.pdf → 2 chunks (doc length: 994 chars)
2026-03-31 19:27:02,943 - INFO - claim_20243024518_72823425.pdf is short (544 chars) — storing as single chunk
2026-03-31 19:27:02,943 - INFO - claim_20257331999_34333791.pdf → 1 chunks (doc length: 684 chars)
2026-03-31 19:27:02,943 - INFO - claim_20249459696_69071004.pdf → 1 chunks (doc length: 661 chars)
2026-03-31 19:27:02,943 - INFO - claim_20248282853_42968701.pdf is short (581 chars) — storing as single chunk
2026-03-31 19:27:02,943 - INFO - claim_20241502168_96346449.pdf is short (496 chars) — storing as single chunk
2026-03-31 19:27:02,943 - INFO - claim_20252777390_34072932.pdf → 1 chunks (doc length: 658 chars)
2026-03-31 19:27:02,943 - INFO - claim_20245478798_82304902.pdf → 1 chunks (doc length: 638 chars)
2026-03-31 19:27:02,943 - INFO - claim_20247986767_34930916.pdf → 1 chunks (doc length: 616 chars)
2026-03-31 19:27:02,943 - INFO - claim_20243033006_63302386.pdf → 1 chunks (doc length: 687 chars)
2026-03-31 19:27:02,943 - INFO - claim_20242536710_33723152.pdf is short (599 chars) — storing as single chunk
2026-03-31 19:27:02,943 - INFO - claim_20252131114_40476258.pdf is short (556 chars) — storing as single chunk
2026-03-31 19:27:02,943 - INFO - claim_20248083962_88011315.pdf is short (573 chars) — storing as single chunk
2026-03-31 19:27:02,943 - INFO - claim_20244271559_69936581.pdf → 1 chunks (doc length: 612 chars)
2026-03-31 19:27:02,943 - INFO - claim_20243101171_47575288.pdf → 1 chunks (doc length: 641 chars)
2026-03-31 19:27:02,943 - INFO - claim_20251655002_22084858.pdf is short (528 chars) — storing as single chunk
2026-03-31 19:27:02,943 - INFO - claim_20246060192_24262466.pdf → 1 chunks (doc length: 646 chars)
2026-03-31 19:27:02,943 - INFO - claim_20242555165_47676313.pdf is short (489 chars) — storing as single chunk
2026-03-31 19:27:02,943 - INFO - claim_20244911000_47479221.pdf is short (512 chars) — storing as single chunk
2026-03-31 19:27:02,943 - INFO - claim_20243853244_29203452.pdf is short (537 chars) — storing as single chunk
2026-03-31 19:27:02,943 - INFO - claim_20254883510_82340066.pdf → 1 chunks (doc length: 680 chars)
2026-03-31 19:27:02,944 - INFO - claim_20252726045_51284596.pdf is short (516 chars) — storing as single chunk
2026-03-31 19:27:02,947 - INFO - Chunking complete. 105 chunks from 90 documents.
2026-03-31 19:34:54,818 - INFO - Starting chunking for 90 documents.
2026-03-31 19:34:54,819 - INFO - claim_20243725010_76336936.pdf → 1 chunks (doc length: 681 chars)
2026-03-31 19:34:54,819 - INFO - claim_20247869165_44632635.pdf is short (534 chars) — storing as single chunk
2026-03-31 19:34:54,819 - INFO - claim_20243205923_45950426.pdf is short (493 chars) — storing as single chunk
2026-03-31 19:34:54,819 - INFO - claim_20256063499_48159191.pdf → 2 chunks (doc length: 825 chars)
2026-03-31 19:34:54,819 - INFO - claim_20246162392_44649680.pdf is short (551 chars) — storing as single chunk
2026-03-31 19:34:54,819 - INFO - claim_20254082911_23347455.pdf is short (488 chars) — storing as single chunk
2026-03-31 19:34:54,819 - INFO - claim_20247987225_55726342.pdf is short (466 chars) — storing as single chunk
2026-03-31 19:34:54,819 - INFO - claim_20255084683_46441508.pdf → 1 chunks (doc length: 614 chars)
2026-03-31 19:34:54,819 - INFO - claim_20241529407_67637532.pdf → 1 chunks (doc length: 680 chars)
2026-03-31 19:34:54,819 - INFO - claim_20259743811_69941930.pdf is short (578 chars) — storing as single chunk
2026-03-31 19:34:54,819 - INFO - claim_20254438434_97737203.pdf → 1 chunks (doc length: 659 chars)
2026-03-31 19:34:54,819 - INFO - claim_20244916236_65878529.pdf → 1 chunks (doc length: 686 chars)
2026-03-31 19:34:54,819 - INFO - claim_20255234371_96242714.pdf → 1 chunks (doc length: 675 chars)
2026-03-31 19:34:54,819 - INFO - claim_20249405566_49672765.pdf is short (472 chars) — storing as single chunk
2026-03-31 19:34:54,819 - INFO - claim_20256519027_19156319.pdf → 2 chunks (doc length: 753 chars)
2026-03-31 19:34:54,819 - INFO - claim_20256029535_43559181.pdf → 1 chunks (doc length: 622 chars)
2026-03-31 19:34:54,819 - INFO - claim_20256912848_49690201.pdf → 1 chunks (doc length: 611 chars)
2026-03-31 19:34:54,819 - INFO - claim_20253939490_43222913.pdf → 1 chunks (doc length: 607 chars)
2026-03-31 19:34:54,820 - INFO - claim_20245311277_93318602.pdf → 1 chunks (doc length: 692 chars)
2026-03-31 19:34:54,820 - INFO - claim_20251464782_54794506.pdf is short (547 chars) — storing as single chunk
2026-03-31 19:34:54,820 - INFO - claim_20249475478_86691029.pdf → 1 chunks (doc length: 613 chars)
2026-03-31 19:34:54,820 - INFO - claim_20259503098_91920110.pdf → 1 chunks (doc length: 629 chars)
2026-03-31 19:34:54,820 - INFO - claim_20254462871_58496460.pdf is short (577 chars) — storing as single chunk
2026-03-31 19:34:54,820 - INFO - claim_20256568743_32006590.pdf → 1 chunks (doc length: 625 chars)
2026-03-31 19:34:54,820 - INFO - claim_20257497809_75787450.pdf → 2 chunks (doc length: 794 chars)
2026-03-31 19:34:54,820 - INFO - claim_20251286829_19827373.pdf is short (570 chars) — storing as single chunk
2026-03-31 19:34:54,820 - INFO - claim_20243283958_70244287.pdf → 2 chunks (doc length: 760 chars)
2026-03-31 19:34:54,820 - INFO - claim_20249223222_53410183.pdf is short (482 chars) — storing as single chunk
2026-03-31 19:34:54,820 - INFO - claim_20252377755_39070639.pdf → 1 chunks (doc length: 679 chars)
2026-03-31 19:34:54,820 - INFO - claim_20241736463_71004850.pdf → 2 chunks (doc length: 995 chars)
2026-03-31 19:34:54,820 - INFO - claim_20251221402_81147522.pdf → 1 chunks (doc length: 618 chars)
2026-03-31 19:34:54,820 - INFO - claim_20245129043_19253614.pdf → 1 chunks (doc length: 610 chars)
2026-03-31 19:34:54,820 - INFO - claim_20257975702_10619392.pdf → 2 chunks (doc length: 758 chars)
2026-03-31 19:34:54,820 - INFO - claim_20249080594_43280118.pdf is short (581 chars) — storing as single chunk
2026-03-31 19:34:54,820 - INFO - claim_20243684243_92972911.pdf → 2 chunks (doc length: 1040 chars)
2026-03-31 19:34:54,820 - INFO - claim_20258249026_61880254.pdf is short (546 chars) — storing as single chunk
2026-03-31 19:34:54,820 - INFO - claim_20249733162_19936232.pdf is short (597 chars) — storing as single chunk
2026-03-31 19:34:54,820 - INFO - claim_20259075901_51776103.pdf → 1 chunks (doc length: 618 chars)
2026-03-31 19:34:54,820 - INFO - claim_20257788799_23912274.pdf → 1 chunks (doc length: 653 chars)
2026-03-31 19:34:54,820 - INFO - claim_20252879081_70509832.pdf → 2 chunks (doc length: 881 chars)
2026-03-31 19:34:54,820 - INFO - claim_20245490051_30034514.pdf → 2 chunks (doc length: 1060 chars)
2026-03-31 19:34:54,820 - INFO - claim_20247177741_19101082.pdf is short (598 chars) — storing as single chunk
2026-03-31 19:34:54,820 - INFO - claim_20255330403_99268688.pdf → 2 chunks (doc length: 1054 chars)
2026-03-31 19:34:54,820 - INFO - claim_20258095980_69088525.pdf is short (553 chars) — storing as single chunk
2026-03-31 19:34:54,820 - INFO - claim_20253231879_42724439.pdf is short (464 chars) — storing as single chunk
2026-03-31 19:34:54,820 - INFO - claim_20245739661_78856343.pdf is short (448 chars) — storing as single chunk
2026-03-31 19:34:54,820 - INFO - claim_20253243174_34963754.pdf is short (559 chars) — storing as single chunk
2026-03-31 19:34:54,821 - INFO - claim_20247355869_31680081.pdf is short (549 chars) — storing as single chunk
2026-03-31 19:34:54,821 - INFO - claim_20241847228_79429505.pdf is short (548 chars) — storing as single chunk
2026-03-31 19:34:54,821 - INFO - claim_20243230481_87712281.pdf is short (552 chars) — storing as single chunk
2026-03-31 19:34:54,821 - INFO - claim_20259731272_30344781.pdf → 1 chunks (doc length: 652 chars)
2026-03-31 19:34:54,821 - INFO - claim_20253462485_15610411.pdf → 1 chunks (doc length: 615 chars)
2026-03-31 19:34:54,821 - INFO - claim_20242779386_94091838.pdf is short (509 chars) — storing as single chunk
2026-03-31 19:34:54,821 - INFO - claim_20253686734_19591455.pdf is short (566 chars) — storing as single chunk
2026-03-31 19:34:54,821 - INFO - claim_20254491859_53370168.pdf is short (501 chars) — storing as single chunk
2026-03-31 19:34:54,821 - INFO - claim_20242079466_44783155.pdf is short (572 chars) — storing as single chunk
2026-03-31 19:34:54,821 - INFO - claim_20259966021_51514128.pdf → 1 chunks (doc length: 738 chars)
2026-03-31 19:34:54,821 - INFO - claim_20259966041_48686624.pdf → 2 chunks (doc length: 1092 chars)
2026-03-31 19:34:54,821 - INFO - claim_20257911152_15698091.pdf is short (466 chars) — storing as single chunk
2026-03-31 19:34:54,821 - INFO - claim_20252711858_91708135.pdf is short (588 chars) — storing as single chunk
2026-03-31 19:34:54,821 - INFO - claim_20254918361_84733908.pdf → 1 chunks (doc length: 683 chars)
2026-03-31 19:34:54,821 - INFO - claim_20243187118_71149802.pdf → 1 chunks (doc length: 610 chars)
2026-03-31 19:34:54,821 - INFO - claim_20254815595_63936476.pdf → 2 chunks (doc length: 886 chars)
2026-03-31 19:34:54,821 - INFO - claim_20256272798_60678616.pdf → 2 chunks (doc length: 912 chars)
2026-03-31 19:34:54,821 - INFO - claim_20249009293_42970224.pdf is short (512 chars) — storing as single chunk
2026-03-31 19:34:54,821 - INFO - claim_20257801665_54780057.pdf → 1 chunks (doc length: 691 chars)
2026-03-31 19:34:54,821 - INFO - claim_20258131255_47484442.pdf → 2 chunks (doc length: 759 chars)
2026-03-31 19:34:54,821 - INFO - claim_20257060017_82123643.pdf → 1 chunks (doc length: 651 chars)
2026-03-31 19:34:54,821 - INFO - claim_20241464876_32974929.pdf → 2 chunks (doc length: 994 chars)
2026-03-31 19:34:54,821 - INFO - claim_20243024518_72823425.pdf is short (544 chars) — storing as single chunk
2026-03-31 19:34:54,821 - INFO - claim_20257331999_34333791.pdf → 1 chunks (doc length: 684 chars)
2026-03-31 19:34:54,821 - INFO - claim_20249459696_69071004.pdf → 1 chunks (doc length: 661 chars)
2026-03-31 19:34:54,821 - INFO - claim_20248282853_42968701.pdf is short (581 chars) — storing as single chunk
2026-03-31 19:34:54,821 - INFO - claim_20241502168_96346449.pdf is short (496 chars) — storing as single chunk
2026-03-31 19:34:54,821 - INFO - claim_20252777390_34072932.pdf → 1 chunks (doc length: 658 chars)
2026-03-31 19:34:54,821 - INFO - claim_20245478798_82304902.pdf → 1 chunks (doc length: 638 chars)
2026-03-31 19:34:54,822 - INFO - claim_20247986767_34930916.pdf → 1 chunks (doc length: 616 chars)
2026-03-31 19:34:54,822 - INFO - claim_20243033006_63302386.pdf → 1 chunks (doc length: 687 chars)
2026-03-31 19:34:54,822 - INFO - claim_20242536710_33723152.pdf is short (599 chars) — storing as single chunk
2026-03-31 19:34:54,822 - INFO - claim_20252131114_40476258.pdf is short (556 chars) — storing as single chunk
2026-03-31 19:34:54,822 - INFO - claim_20248083962_88011315.pdf is short (573 chars) — storing as single chunk
2026-03-31 19:34:54,822 - INFO - claim_20244271559_69936581.pdf → 1 chunks (doc length: 612 chars)
2026-03-31 19:34:54,822 - INFO - claim_20243101171_47575288.pdf → 1 chunks (doc length: 641 chars)
2026-03-31 19:34:54,822 - INFO - claim_20251655002_22084858.pdf is short (528 chars) — storing as single chunk
2026-03-31 19:34:54,822 - INFO - claim_20246060192_24262466.pdf → 1 chunks (doc length: 646 chars)
2026-03-31 19:34:54,822 - INFO - claim_20242555165_47676313.pdf is short (489 chars) — storing as single chunk
2026-03-31 19:34:54,822 - INFO - claim_20244911000_47479221.pdf is short (512 chars) — storing as single chunk
2026-03-31 19:34:54,822 - INFO - claim_20243853244_29203452.pdf is short (537 chars) — storing as single chunk
2026-03-31 19:34:54,822 - INFO - claim_20254883510_82340066.pdf → 1 chunks (doc length: 680 chars)
2026-03-31 19:34:54,822 - INFO - claim_20252726045_51284596.pdf is short (516 chars) — storing as single chunk
2026-03-31 19:34:54,826 - INFO - Chunking complete. 105 chunks from 90 documents.
2026-04-29 16:42:24,849 - root - INFO - Starting chunking for 108 documents.
2026-04-29 16:42:24,851 - root - INFO - SD-2024-87638_email.pdf → 2 chunks (doc length: 988 chars)
2026-04-29 16:42:24,851 - root - INFO - GD-2024-34845_photo.pdf → 2 chunks (doc length: 1335 chars)
2026-04-29 16:42:24,851 - root - INFO - GD-2024-82448_invoice.pdf → 2 chunks (doc length: 998 chars)
2026-04-29 16:42:24,851 - root - INFO - SD-2024-99086_photo.pdf → 2 chunks (doc length: 1206 chars)
2026-04-29 16:42:24,852 - root - INFO - SD-2025-91639_email.pdf → 2 chunks (doc length: 990 chars)
2026-04-29 16:42:24,852 - root - INFO - GD-2024-34845_email.pdf → 2 chunks (doc length: 998 chars)
2026-04-29 16:42:24,852 - root - INFO - GD-2025-74478_email.pdf → 2 chunks (doc length: 1043 chars)
2026-04-29 16:42:24,852 - root - INFO - WD-2024-49237_photo.pdf → 2 chunks (doc length: 1323 chars)
2026-04-29 16:42:24,852 - root - INFO - GD-2025-77786_invoice.pdf → 2 chunks (doc length: 816 chars)
2026-04-29 16:42:24,852 - root - INFO - WD-2024-57218_invoice.pdf → 2 chunks (doc length: 876 chars)
2026-04-29 16:42:24,852 - root - INFO - SD-2024-62124_email.pdf → 2 chunks (doc length: 965 chars)
2026-04-29 16:42:24,852 - root - INFO - SD-2025-91216_invoice.pdf → 2 chunks (doc length: 984 chars)
2026-04-29 16:42:24,852 - root - INFO - GD-2025-62479_photo.pdf → 2 chunks (doc length: 1309 chars)
2026-04-29 16:42:24,852 - root - INFO - GD-2025-66775_email.pdf → 2 chunks (doc length: 1041 chars)
2026-04-29 16:42:24,852 - root - INFO - GD-2024-30545_photo.pdf → 3 chunks (doc length: 1429 chars)
2026-04-29 16:42:24,853 - root - INFO - SD-2025-76439_photo.pdf → 2 chunks (doc length: 1165 chars)
2026-04-29 16:42:24,853 - root - INFO - WD-2025-80329_invoice.pdf → 2 chunks (doc length: 978 chars)
2026-04-29 16:42:24,853 - root - INFO - WD-2024-12909_email.pdf → 2 chunks (doc length: 1007 chars)
2026-04-29 16:42:24,853 - root - INFO - GD-2025-77786_email.pdf → 2 chunks (doc length: 1011 chars)
2026-04-29 16:42:24,853 - root - INFO - WD-2024-75590_photo.pdf → 2 chunks (doc length: 1287 chars)
2026-04-29 16:42:24,853 - root - INFO - SD-2025-91216_email.pdf → 2 chunks (doc length: 1005 chars)
2026-04-29 16:42:24,853 - root - INFO - SD-2025-83522_email.pdf → 2 chunks (doc length: 995 chars)
2026-04-29 16:42:24,853 - root - INFO - WD-2025-80329_photo.pdf → 2 chunks (doc length: 1324 chars)
2026-04-29 16:42:24,853 - root - INFO - SD-2024-87638_photo.pdf → 2 chunks (doc length: 1184 chars)
2026-04-29 16:42:24,853 - root - INFO - SD-2024-86251_invoice.pdf → 2 chunks (doc length: 826 chars)
2026-04-29 16:42:24,854 - root - INFO - SD-2025-91639_photo.pdf → 2 chunks (doc length: 1160 chars)
2026-04-29 16:42:24,854 - root - INFO - GD-2024-69595_email.pdf → 2 chunks (doc length: 991 chars)
2026-04-29 16:42:24,854 - root - INFO - GD-2024-82448_photo.pdf → 2 chunks (doc length: 1327 chars)
2026-04-29 16:42:24,854 - root - INFO - GD-2024-54479_email.pdf → 2 chunks (doc length: 1035 chars)
2026-04-29 16:42:24,854 - root - INFO - GD-2025-41053_invoice.pdf → 2 chunks (doc length: 987 chars)
2026-04-29 16:42:24,854 - root - INFO - WD-2025-92273_invoice.pdf → 2 chunks (doc length: 1013 chars)
2026-04-29 16:42:24,854 - root - INFO - GD-2024-69595_photo.pdf → 2 chunks (doc length: 1287 chars)
2026-04-29 16:42:24,854 - root - INFO - WD-2024-36016_photo.pdf → 2 chunks (doc length: 1323 chars)
2026-04-29 16:42:24,855 - root - INFO - WD-2024-49237_invoice.pdf → 2 chunks (doc length: 913 chars)
2026-04-29 16:42:24,855 - root - INFO - WD-2024-68263_photo.pdf → 2 chunks (doc length: 1317 chars)
2026-04-29 16:42:24,855 - root - INFO - WD-2024-57218_photo.pdf → 2 chunks (doc length: 1329 chars)
2026-04-29 16:42:24,856 - root - INFO - SD-2024-29929_invoice.pdf → 2 chunks (doc length: 1003 chars)
2026-04-29 16:42:24,856 - root - INFO - GD-2025-66775_invoice.pdf → 2 chunks (doc length: 932 chars)
2026-04-29 16:42:24,856 - root - INFO - SD-2025-98762_email.pdf → 2 chunks (doc length: 985 chars)
2026-04-29 16:42:24,856 - root - INFO - SD-2025-10904_email.pdf → 2 chunks (doc length: 1005 chars)
2026-04-29 16:42:24,856 - root - INFO - WD-2024-88715_invoice.pdf → 2 chunks (doc length: 873 chars)
2026-04-29 16:42:24,857 - root - INFO - GD-2025-77786_photo.pdf → 2 chunks (doc length: 1315 chars)
2026-04-29 16:42:24,857 - root - INFO - GD-2024-30545_invoice.pdf → 2 chunks (doc length: 873 chars)
2026-04-29 16:42:24,857 - root - INFO - SD-2025-10904_invoice.pdf → 2 chunks (doc length: 833 chars)
2026-04-29 16:42:24,857 - root - INFO - SD-2025-91639_invoice.pdf → 2 chunks (doc length: 975 chars)
2026-04-29 16:42:24,857 - root - INFO - WD-2024-75590_email.pdf → 2 chunks (doc length: 996 chars)
2026-04-29 16:42:24,858 - root - INFO - GD-2025-62479_invoice.pdf → 2 chunks (doc length: 883 chars)
2026-04-29 16:42:24,858 - root - INFO - SD-2024-62124_invoice.pdf → 2 chunks (doc length: 893 chars)
2026-04-29 16:42:24,858 - root - INFO - SD-2025-76817_email.pdf → 2 chunks (doc length: 988 chars)
2026-04-29 16:42:24,858 - root - INFO - WD-2024-33045_photo.pdf → 2 chunks (doc length: 1330 chars)
2026-04-29 16:42:24,858 - root - INFO - WD-2025-18506_email.pdf → 2 chunks (doc length: 1032 chars)
2026-04-29 16:42:24,859 - root - INFO - SD-2024-87638_invoice.pdf → 2 chunks (doc length: 861 chars)
2026-04-29 16:42:24,859 - root - INFO - WD-2024-36016_email.pdf → 2 chunks (doc length: 1003 chars)
2026-04-29 16:42:24,859 - root - INFO - GD-2024-25392_email.pdf → 2 chunks (doc length: 1012 chars)
2026-04-29 16:42:24,859 - root - INFO - WD-2024-68263_invoice.pdf → 2 chunks (doc length: 873 chars)
2026-04-29 16:42:24,859 - root - INFO - WD-2024-12909_photo.pdf → 2 chunks (doc length: 1293 chars)
2026-04-29 16:42:24,860 - root - INFO - SD-2024-29929_photo.pdf → 2 chunks (doc length: 1188 chars)
2026-04-29 16:42:24,860 - root - INFO - WD-2024-57218_email.pdf → 2 chunks (doc length: 1019 chars)
2026-04-29 16:42:24,860 - root - INFO - GD-2025-62479_email.pdf → 2 chunks (doc length: 1001 chars)
2026-04-29 16:42:24,860 - root - INFO - WD-2025-92273_email.pdf → 2 chunks (doc length: 1015 chars)
2026-04-29 16:42:24,860 - root - INFO - GD-2024-69595_invoice.pdf → 2 chunks (doc length: 918 chars)
2026-04-29 16:42:24,861 - root - INFO - GD-2024-54479_photo.pdf → 2 chunks (doc length: 1379 chars)
2026-04-29 16:42:24,861 - root - INFO - WD-2025-80329_email.pdf → 2 chunks (doc length: 1033 chars)
2026-04-29 16:42:24,861 - root - INFO - WD-2024-78805_email.pdf → 2 chunks (doc length: 1017 chars)
2026-04-29 16:42:24,861 - root - INFO - WD-2024-36016_invoice.pdf → 2 chunks (doc length: 839 chars)
2026-04-29 16:42:24,861 - root - INFO - GD-2025-41053_email.pdf → 2 chunks (doc length: 1005 chars)
2026-04-29 16:42:24,861 - root - INFO - SD-2025-10904_photo.pdf → 2 chunks (doc length: 1211 chars)
2026-04-29 16:42:24,862 - root - INFO - SD-2024-86251_email.pdf → 2 chunks (doc length: 1024 chars)
2026-04-29 16:42:24,862 - root - INFO - WD-2024-88715_photo.pdf → 2 chunks (doc length: 1329 chars)
2026-04-29 16:42:24,862 - root - INFO - GD-2024-82448_email.pdf → 2 chunks (doc length: 1050 chars)
2026-04-29 16:42:24,862 - root - INFO - SD-2025-98762_invoice.pdf → 2 chunks (doc length: 972 chars)
2026-04-29 16:42:24,863 - root - INFO - SD-2025-91216_photo.pdf → 2 chunks (doc length: 1199 chars)
2026-04-29 16:42:24,863 - root - INFO - SD-2025-76817_invoice.pdf → 2 chunks (doc length: 959 chars)
2026-04-29 16:42:24,863 - root - INFO - WD-2024-75590_invoice.pdf → 2 chunks (doc length: 852 chars)
2026-04-29 16:42:24,863 - root - INFO - GD-2024-25392_photo.pdf → 2 chunks (doc length: 1365 chars)
2026-04-29 16:42:24,863 - root - INFO - WD-2024-33045_invoice.pdf → 2 chunks (doc length: 919 chars)
2026-04-29 16:42:24,863 - root - INFO - WD-2025-18506_invoice.pdf → 2 chunks (doc length: 851 chars)
2026-04-29 16:42:24,863 - root - INFO - WD-2025-92273_photo.pdf → 2 chunks (doc length: 1325 chars)
2026-04-29 16:42:24,863 - root - INFO - GD-2024-34845_invoice.pdf → 2 chunks (doc length: 894 chars)
2026-04-29 16:42:24,863 - root - INFO - GD-2025-41053_photo.pdf → 2 chunks (doc length: 1294 chars)
2026-04-29 16:42:24,863 - root - INFO - WD-2024-88715_email.pdf → 2 chunks (doc length: 1021 chars)
2026-04-29 16:42:24,863 - root - INFO - GD-2025-79767_email.pdf → 2 chunks (doc length: 1056 chars)
2026-04-29 16:42:24,863 - root - INFO - GD-2025-74478_photo.pdf → 2 chunks (doc length: 1355 chars)
2026-04-29 16:42:24,863 - root - INFO - GD-2024-25392_invoice.pdf → 2 chunks (doc length: 976 chars)
2026-04-29 16:42:24,864 - root - INFO - WD-2024-78805_photo.pdf → 2 chunks (doc length: 1333 chars)
2026-04-29 16:42:24,864 - root - INFO - SD-2025-76439_email.pdf → 2 chunks (doc length: 983 chars)
2026-04-29 16:42:24,864 - root - INFO - SD-2024-99086_invoice.pdf → 2 chunks (doc length: 937 chars)
2026-04-29 16:42:24,864 - root - INFO - WD-2024-33045_email.pdf → 2 chunks (doc length: 1017 chars)
2026-04-29 16:42:24,864 - root - INFO - SD-2024-29929_email.pdf → 2 chunks (doc length: 1002 chars)
2026-04-29 16:42:24,864 - root - INFO - WD-2024-78805_invoice.pdf → 2 chunks (doc length: 989 chars)
2026-04-29 16:42:24,864 - root - INFO - SD-2024-62124_photo.pdf → 2 chunks (doc length: 1158 chars)
2026-04-29 16:42:24,864 - root - INFO - SD-2025-83522_photo.pdf → 2 chunks (doc length: 1180 chars)
2026-04-29 16:42:24,864 - root - INFO - SD-2025-83522_invoice.pdf → 2 chunks (doc length: 894 chars)
2026-04-29 16:42:24,864 - root - INFO - GD-2024-54479_invoice.pdf → 2 chunks (doc length: 931 chars)
2026-04-29 16:42:24,864 - root - INFO - GD-2025-66775_photo.pdf → 2 chunks (doc length: 1357 chars)
2026-04-29 16:42:24,864 - root - INFO - SD-2025-76439_invoice.pdf → 2 chunks (doc length: 1001 chars)
2026-04-29 16:42:24,865 - root - INFO - WD-2024-49237_email.pdf → 2 chunks (doc length: 1022 chars)
2026-04-29 16:42:24,865 - root - INFO - GD-2025-79767_photo.pdf → 2 chunks (doc length: 1354 chars)
2026-04-29 16:42:24,865 - root - INFO - SD-2024-99086_email.pdf → 2 chunks (doc length: 1035 chars)
2026-04-29 16:42:24,865 - root - INFO - GD-2024-30545_email.pdf → 2 chunks (doc length: 1046 chars)
2026-04-29 16:42:24,865 - root - INFO - WD-2024-68263_email.pdf → 2 chunks (doc length: 1024 chars)
2026-04-29 16:42:24,865 - root - INFO - SD-2025-76817_photo.pdf → 2 chunks (doc length: 1172 chars)
2026-04-29 16:42:24,865 - root - INFO - WD-2025-18506_photo.pdf → 2 chunks (doc length: 1317 chars)
2026-04-29 16:42:24,866 - root - INFO - SD-2024-86251_photo.pdf → 2 chunks (doc length: 1200 chars)
2026-04-29 16:42:24,866 - root - INFO - GD-2025-79767_invoice.pdf → 2 chunks (doc length: 904 chars)
2026-04-29 16:42:24,866 - root - INFO - SD-2025-98762_photo.pdf → 2 chunks (doc length: 1193 chars)
2026-04-29 16:42:24,866 - root - INFO - WD-2024-12909_invoice.pdf → 2 chunks (doc length: 991 chars)
2026-04-29 16:42:24,867 - root - INFO - GD-2025-74478_invoice.pdf → 2 chunks (doc length: 932 chars)
2026-04-29 16:42:24,886 - root - INFO - Chunking complete. 217 chunks from 108 documents.
2026-04-30 00:04:13,438 - root - INFO - Starting chunking for 90 documents.
2026-04-30 00:04:13,439 - root - INFO - SD-2024-15761_photo.pdf → 2 chunks (doc length: 1158 chars)
2026-04-30 00:04:13,439 - root - INFO - WD-2025-82051_invoice.pdf → 2 chunks (doc length: 1015 chars)
2026-04-30 00:04:13,439 - root - INFO - SD-2025-78390_photo.pdf → 2 chunks (doc length: 1193 chars)
2026-04-30 00:04:13,439 - root - INFO - GD-2024-64105_photo.pdf → 2 chunks (doc length: 1338 chars)
2026-04-30 00:04:13,439 - root - INFO - WD-2025-45159_email.pdf → 2 chunks (doc length: 1037 chars)
2026-04-30 00:04:13,440 - root - INFO - SD-2024-63436_invoice.pdf → 2 chunks (doc length: 897 chars)
2026-04-30 00:04:13,440 - root - INFO - GD-2024-64105_email.pdf → 2 chunks (doc length: 1055 chars)
2026-04-30 00:04:13,440 - root - INFO - GD-2025-25119_invoice.pdf → 2 chunks (doc length: 836 chars)
2026-04-30 00:04:13,440 - root - INFO - SD-2024-15761_email.pdf → 2 chunks (doc length: 965 chars)
2026-04-30 00:04:13,440 - root - INFO - WD-2025-51002_invoice.pdf → 2 chunks (doc length: 866 chars)
2026-04-30 00:04:13,440 - root - INFO - WD-2024-64844_email.pdf → 2 chunks (doc length: 1017 chars)
2026-04-30 00:04:13,440 - root - INFO - SD-2024-97986_photo.pdf → 2 chunks (doc length: 1192 chars)
2026-04-30 00:04:13,441 - root - INFO - GD-2025-49224_invoice.pdf → 2 chunks (doc length: 976 chars)
2026-04-30 00:04:13,441 - root - INFO - WD-2024-92654_photo.pdf → 2 chunks (doc length: 1335 chars)
2026-04-30 00:04:13,441 - root - INFO - WD-2024-92654_email.pdf → 2 chunks (doc length: 1032 chars)
2026-04-30 00:04:13,441 - root - INFO - GD-2025-45027_invoice.pdf → 2 chunks (doc length: 838 chars)
2026-04-30 00:04:13,441 - root - INFO - WD-2025-51002_photo.pdf → 2 chunks (doc length: 1367 chars)
2026-04-30 00:04:13,441 - root - INFO - GD-2024-19248_photo.pdf → 2 chunks (doc length: 1429 chars)
2026-04-30 00:04:13,441 - root - INFO - WD-2025-45159_invoice.pdf → 2 chunks (doc length: 918 chars)
2026-04-30 00:04:13,441 - root - INFO - WD-2025-39483_invoice.pdf → 2 chunks (doc length: 919 chars)
2026-04-30 00:04:13,442 - root - INFO - WD-2024-95178_invoice.pdf → 2 chunks (doc length: 1009 chars)
2026-04-30 00:04:13,442 - root - INFO - GD-2024-17223_invoice.pdf → 2 chunks (doc length: 897 chars)
2026-04-30 00:04:13,442 - root - INFO - GD-2025-25119_photo.pdf → 2 chunks (doc length: 1419 chars)
2026-04-30 00:04:13,442 - root - INFO - SD-2024-30991_invoice.pdf → 2 chunks (doc length: 1006 chars)
2026-04-30 00:04:13,442 - root - INFO - SD-2024-21255_email.pdf → 2 chunks (doc length: 1026 chars)
2026-04-30 00:04:13,442 - root - INFO - SD-2024-53791_invoice.pdf → 2 chunks (doc length: 893 chars)
2026-04-30 00:04:13,442 - root - INFO - GD-2025-49224_email.pdf → 2 chunks (doc length: 1017 chars)
2026-04-30 00:04:13,442 - root - INFO - SD-2024-61738_invoice.pdf → 2 chunks (doc length: 931 chars)
2026-04-30 00:04:13,443 - root - INFO - GD-2025-16193_invoice.pdf → 2 chunks (doc length: 838 chars)
2026-04-30 00:04:13,443 - root - INFO - WD-2025-51002_email.pdf → 2 chunks (doc length: 1038 chars)
2026-04-30 00:04:13,443 - root - INFO - GD-2024-17223_photo.pdf → 2 chunks (doc length: 1319 chars)
2026-04-30 00:04:13,443 - root - INFO - GD-2025-25119_email.pdf → 2 chunks (doc length: 1076 chars)
2026-04-30 00:04:13,443 - root - INFO - SD-2024-21255_photo.pdf → 2 chunks (doc length: 1208 chars)
2026-04-30 00:04:13,443 - root - INFO - SD-2024-30765_email.pdf → 2 chunks (doc length: 997 chars)
2026-04-30 00:04:13,444 - root - INFO - SD-2024-97986_invoice.pdf → 2 chunks (doc length: 862 chars)
2026-04-30 00:04:13,444 - root - INFO - SD-2024-30991_photo.pdf → 2 chunks (doc length: 1203 chars)
2026-04-30 00:04:13,444 - root - INFO - WD-2025-61838_invoice.pdf → 2 chunks (doc length: 860 chars)
2026-04-30 00:04:13,444 - root - INFO - SD-2024-97986_email.pdf → 2 chunks (doc length: 1001 chars)
2026-04-30 00:04:13,444 - root - INFO - GD-2024-76511_photo.pdf → 2 chunks (doc length: 1423 chars)
2026-04-30 00:04:13,444 - root - INFO - GD-2025-88837_email.pdf → 2 chunks (doc length: 1064 chars)
2026-04-30 00:04:13,444 - root - INFO - GD-2025-45027_email.pdf → 2 chunks (doc length: 1013 chars)
2026-04-30 00:04:13,444 - root - INFO - GD-2024-19248_invoice.pdf → 2 chunks (doc length: 1017 chars)
2026-04-30 00:04:13,445 - root - INFO - WD-2025-14301_invoice.pdf → 2 chunks (doc length: 998 chars)
2026-04-30 00:04:13,445 - root - INFO - SD-2024-63436_photo.pdf → 2 chunks (doc length: 1177 chars)
2026-04-30 00:04:13,445 - root - INFO - GD-2024-76511_email.pdf → 2 chunks (doc length: 1046 chars)
2026-04-30 00:04:13,445 - root - INFO - GD-2025-88837_invoice.pdf → 2 chunks (doc length: 838 chars)
2026-04-30 00:04:13,445 - root - INFO - WD-2025-14301_photo.pdf → 2 chunks (doc length: 1328 chars)
2026-04-30 00:04:13,445 - root - INFO - GD-2025-45027_photo.pdf → 2 chunks (doc length: 1374 chars)
2026-04-30 00:04:13,445 - root - INFO - SD-2024-53791_email.pdf → 2 chunks (doc length: 1011 chars)
2026-04-30 00:04:13,446 - root - INFO - SD-2024-63436_email.pdf → 2 chunks (doc length: 985 chars)
2026-04-30 00:04:13,446 - root - INFO - WD-2025-14301_email.pdf → 2 chunks (doc length: 1020 chars)
2026-04-30 00:04:13,446 - root - INFO - GD-2025-16193_email.pdf → 2 chunks (doc length: 1025 chars)
2026-04-30 00:04:13,446 - root - INFO - SD-2025-27498_email.pdf → 2 chunks (doc length: 974 chars)
2026-04-30 00:04:13,446 - root - INFO - SD-2025-27498_photo.pdf → 2 chunks (doc length: 1185 chars)
2026-04-30 00:04:13,446 - root - INFO - WD-2024-92654_invoice.pdf → 2 chunks (doc length: 995 chars)
2026-04-30 00:04:13,446 - root - INFO - WD-2025-82051_photo.pdf → 2 chunks (doc length: 1315 chars)
2026-04-30 00:04:13,446 - root - INFO - SD-2024-61738_photo.pdf → 2 chunks (doc length: 1171 chars)
2026-04-30 00:04:13,446 - root - INFO - GD-2025-16193_photo.pdf → 2 chunks (doc length: 1380 chars)
2026-04-30 00:04:13,447 - root - INFO - GD-2024-17223_email.pdf → 2 chunks (doc length: 1017 chars)
2026-04-30 00:04:13,447 - root - INFO - SD-2025-78390_invoice.pdf → 2 chunks (doc length: 968 chars)
2026-04-30 00:04:13,447 - root - INFO - WD-2025-45159_photo.pdf → 2 chunks (doc length: 1325 chars)
2026-04-30 00:04:13,447 - root - INFO - SD-2024-15761_invoice.pdf → 2 chunks (doc length: 999 chars)
2026-04-30 00:04:13,447 - root - INFO - SD-2024-30765_photo.pdf → 2 chunks (doc length: 1181 chars)
2026-04-30 00:04:13,447 - root - INFO - GD-2024-19248_email.pdf → 2 chunks (doc length: 1050 chars)
2026-04-30 00:04:13,447 - root - INFO - GD-2025-49224_photo.pdf → 2 chunks (doc length: 1327 chars)
2026-04-30 00:04:13,447 - root - INFO - SD-2024-53791_photo.pdf → 2 chunks (doc length: 1182 chars)
2026-04-30 00:04:13,448 - root - INFO - GD-2024-76511_invoice.pdf → 2 chunks (doc length: 919 chars)
2026-04-30 00:04:13,448 - root - INFO - WD-2025-39483_email.pdf → 2 chunks (doc length: 1036 chars)
2026-04-30 00:04:13,448 - root - INFO - SD-2024-21255_invoice.pdf → 2 chunks (doc length: 835 chars)
2026-04-30 00:04:13,448 - root - INFO - GD-2024-26792_invoice.pdf → 2 chunks (doc length: 849 chars)
2026-04-30 00:04:13,448 - root - INFO - WD-2024-95178_photo.pdf → 2 chunks (doc length: 1311 chars)
2026-04-30 00:04:13,448 - root - INFO - WD-2024-37703_email.pdf → 2 chunks (doc length: 1005 chars)
2026-04-30 00:04:13,448 - root - INFO - GD-2024-64105_invoice.pdf → 2 chunks (doc length: 813 chars)
2026-04-30 00:04:13,448 - root - INFO - SD-2024-30991_email.pdf → 2 chunks (doc length: 1026 chars)
2026-04-30 00:04:13,448 - root - INFO - SD-2024-30765_invoice.pdf → 2 chunks (doc length: 931 chars)
2026-04-30 00:04:13,449 - root - INFO - WD-2025-61838_photo.pdf → 2 chunks (doc length: 1335 chars)
2026-04-30 00:04:13,449 - root - INFO - GD-2024-26792_email.pdf → 2 chunks (doc length: 1063 chars)
2026-04-30 00:04:13,449 - root - INFO - WD-2025-39483_photo.pdf → 2 chunks (doc length: 1328 chars)
2026-04-30 00:04:13,449 - root - INFO - WD-2024-37703_invoice.pdf → 2 chunks (doc length: 839 chars)
2026-04-30 00:04:13,449 - root - INFO - WD-2025-82051_email.pdf → 2 chunks (doc length: 1018 chars)
2026-04-30 00:04:13,449 - root - INFO - SD-2024-61738_email.pdf → 2 chunks (doc length: 999 chars)
2026-04-30 00:04:13,449 - root - INFO - WD-2024-37703_photo.pdf → 2 chunks (doc length: 1303 chars)
2026-04-30 00:04:13,449 - root - INFO - GD-2024-26792_photo.pdf → 2 chunks (doc length: 1444 chars)
2026-04-30 00:04:13,450 - root - INFO - SD-2025-27498_invoice.pdf → 2 chunks (doc length: 863 chars)
2026-04-30 00:04:13,450 - root - INFO - WD-2024-64844_photo.pdf → 2 chunks (doc length: 1320 chars)
2026-04-30 00:04:13,450 - root - INFO - WD-2024-95178_email.pdf → 2 chunks (doc length: 1018 chars)
2026-04-30 00:04:13,450 - root - INFO - GD-2025-88837_photo.pdf → 2 chunks (doc length: 1438 chars)
2026-04-30 00:04:13,450 - root - INFO - WD-2024-64844_invoice.pdf → 2 chunks (doc length: 913 chars)
2026-04-30 00:04:13,450 - root - INFO - SD-2025-78390_email.pdf → 2 chunks (doc length: 1007 chars)
2026-04-30 00:04:13,450 - root - INFO - WD-2025-61838_email.pdf → 2 chunks (doc length: 1024 chars)
2026-04-30 00:04:13,466 - root - INFO - Chunking complete. 180 chunks from 90 documents.
