2026-02-23 20:02:58,141 - INFO - Anonymized telemetry enabled. See                     https://docs.trychroma.com/telemetry for more information.
2026-02-23 20:03:08,546 - INFO - Load pretrained SentenceTransformer: paraphrase-multilingual-MiniLM-L12-v2
2026-02-23 20:03:08,797 - INFO - HTTP Request: HEAD https://huggingface.co/sentence-transformers/paraphrase-multilingual-MiniLM-L12-v2/resolve/main/modules.json "HTTP/1.1 307 Temporary Redirect"
2026-02-23 20:03:08,822 - INFO - HTTP Request: HEAD https://huggingface.co/api/resolve-cache/models/sentence-transformers/paraphrase-multilingual-MiniLM-L12-v2/e8f8c211226b894fcb81acc59f3b34ba3efd5f42/modules.json "HTTP/1.1 200 OK"
2026-02-23 20:03:08,853 - INFO - HTTP Request: GET https://huggingface.co/api/resolve-cache/models/sentence-transformers/paraphrase-multilingual-MiniLM-L12-v2/e8f8c211226b894fcb81acc59f3b34ba3efd5f42/modules.json "HTTP/1.1 200 OK"
2026-02-23 20:03:08,980 - INFO - HTTP Request: HEAD https://huggingface.co/sentence-transformers/paraphrase-multilingual-MiniLM-L12-v2/resolve/main/config_sentence_transformers.json "HTTP/1.1 307 Temporary Redirect"
2026-02-23 20:03:09,004 - INFO - HTTP Request: HEAD https://huggingface.co/api/resolve-cache/models/sentence-transformers/paraphrase-multilingual-MiniLM-L12-v2/e8f8c211226b894fcb81acc59f3b34ba3efd5f42/config_sentence_transformers.json "HTTP/1.1 200 OK"
2026-02-23 20:03:09,029 - INFO - HTTP Request: GET https://huggingface.co/api/resolve-cache/models/sentence-transformers/paraphrase-multilingual-MiniLM-L12-v2/e8f8c211226b894fcb81acc59f3b34ba3efd5f42/config_sentence_transformers.json "HTTP/1.1 200 OK"
2026-02-23 20:03:09,160 - INFO - HTTP Request: HEAD https://huggingface.co/sentence-transformers/paraphrase-multilingual-MiniLM-L12-v2/resolve/main/config_sentence_transformers.json "HTTP/1.1 307 Temporary Redirect"
2026-02-23 20:03:09,185 - INFO - HTTP Request: HEAD https://huggingface.co/api/resolve-cache/models/sentence-transformers/paraphrase-multilingual-MiniLM-L12-v2/e8f8c211226b894fcb81acc59f3b34ba3efd5f42/config_sentence_transformers.json "HTTP/1.1 200 OK"
2026-02-23 20:03:09,311 - INFO - HTTP Request: HEAD https://huggingface.co/sentence-transformers/paraphrase-multilingual-MiniLM-L12-v2/resolve/main/README.md "HTTP/1.1 307 Temporary Redirect"
2026-02-23 20:03:09,336 - INFO - HTTP Request: HEAD https://huggingface.co/api/resolve-cache/models/sentence-transformers/paraphrase-multilingual-MiniLM-L12-v2/e8f8c211226b894fcb81acc59f3b34ba3efd5f42/README.md "HTTP/1.1 200 OK"
2026-02-23 20:03:09,362 - INFO - HTTP Request: GET https://huggingface.co/api/resolve-cache/models/sentence-transformers/paraphrase-multilingual-MiniLM-L12-v2/e8f8c211226b894fcb81acc59f3b34ba3efd5f42/README.md "HTTP/1.1 200 OK"
2026-02-23 20:03:09,489 - INFO - HTTP Request: HEAD https://huggingface.co/sentence-transformers/paraphrase-multilingual-MiniLM-L12-v2/resolve/main/modules.json "HTTP/1.1 307 Temporary Redirect"
2026-02-23 20:03:09,514 - INFO - HTTP Request: HEAD https://huggingface.co/api/resolve-cache/models/sentence-transformers/paraphrase-multilingual-MiniLM-L12-v2/e8f8c211226b894fcb81acc59f3b34ba3efd5f42/modules.json "HTTP/1.1 200 OK"
2026-02-23 20:03:09,639 - INFO - HTTP Request: HEAD https://huggingface.co/sentence-transformers/paraphrase-multilingual-MiniLM-L12-v2/resolve/main/sentence_bert_config.json "HTTP/1.1 307 Temporary Redirect"
2026-02-23 20:03:09,663 - INFO - HTTP Request: HEAD https://huggingface.co/api/resolve-cache/models/sentence-transformers/paraphrase-multilingual-MiniLM-L12-v2/e8f8c211226b894fcb81acc59f3b34ba3efd5f42/sentence_bert_config.json "HTTP/1.1 200 OK"
2026-02-23 20:03:09,688 - INFO - HTTP Request: GET https://huggingface.co/api/resolve-cache/models/sentence-transformers/paraphrase-multilingual-MiniLM-L12-v2/e8f8c211226b894fcb81acc59f3b34ba3efd5f42/sentence_bert_config.json "HTTP/1.1 200 OK"
2026-02-23 20:03:09,815 - INFO - HTTP Request: HEAD https://huggingface.co/sentence-transformers/paraphrase-multilingual-MiniLM-L12-v2/resolve/main/adapter_config.json "HTTP/1.1 404 Not Found"
2026-02-23 20:03:09,816 - WARNING - Warning: You are sending unauthenticated requests to the HF Hub. Please set a HF_TOKEN to enable higher rate limits and faster downloads.
2026-02-23 20:03:10,022 - INFO - HTTP Request: HEAD https://huggingface.co/sentence-transformers/paraphrase-multilingual-MiniLM-L12-v2/resolve/main/config.json "HTTP/1.1 307 Temporary Redirect"
2026-02-23 20:03:10,046 - INFO - HTTP Request: HEAD https://huggingface.co/api/resolve-cache/models/sentence-transformers/paraphrase-multilingual-MiniLM-L12-v2/e8f8c211226b894fcb81acc59f3b34ba3efd5f42/config.json "HTTP/1.1 200 OK"
2026-02-23 20:03:10,233 - INFO - HTTP Request: HEAD https://huggingface.co/sentence-transformers/paraphrase-multilingual-MiniLM-L12-v2/resolve/main/model.safetensors "HTTP/1.1 302 Found"
2026-02-23 20:03:10,841 - INFO - HTTP Request: HEAD https://huggingface.co/sentence-transformers/paraphrase-multilingual-MiniLM-L12-v2/resolve/main/config.json "HTTP/1.1 307 Temporary Redirect"
2026-02-23 20:03:10,865 - INFO - HTTP Request: HEAD https://huggingface.co/api/resolve-cache/models/sentence-transformers/paraphrase-multilingual-MiniLM-L12-v2/e8f8c211226b894fcb81acc59f3b34ba3efd5f42/config.json "HTTP/1.1 200 OK"
2026-02-23 20:03:10,992 - INFO - HTTP Request: HEAD https://huggingface.co/sentence-transformers/paraphrase-multilingual-MiniLM-L12-v2/resolve/main/tokenizer_config.json "HTTP/1.1 307 Temporary Redirect"
2026-02-23 20:03:11,016 - INFO - HTTP Request: HEAD https://huggingface.co/api/resolve-cache/models/sentence-transformers/paraphrase-multilingual-MiniLM-L12-v2/e8f8c211226b894fcb81acc59f3b34ba3efd5f42/tokenizer_config.json "HTTP/1.1 200 OK"
2026-02-23 20:03:11,041 - INFO - HTTP Request: GET https://huggingface.co/api/resolve-cache/models/sentence-transformers/paraphrase-multilingual-MiniLM-L12-v2/e8f8c211226b894fcb81acc59f3b34ba3efd5f42/tokenizer_config.json "HTTP/1.1 200 OK"
2026-02-23 20:03:11,169 - INFO - HTTP Request: HEAD https://huggingface.co/sentence-transformers/paraphrase-multilingual-MiniLM-L12-v2/resolve/main/tokenizer_config.json "HTTP/1.1 307 Temporary Redirect"
2026-02-23 20:03:11,193 - INFO - HTTP Request: HEAD https://huggingface.co/api/resolve-cache/models/sentence-transformers/paraphrase-multilingual-MiniLM-L12-v2/e8f8c211226b894fcb81acc59f3b34ba3efd5f42/tokenizer_config.json "HTTP/1.1 200 OK"
2026-02-23 20:03:11,325 - INFO - HTTP Request: GET https://huggingface.co/api/models/sentence-transformers/paraphrase-multilingual-MiniLM-L12-v2/tree/main/additional_chat_templates?recursive=false&expand=false "HTTP/1.1 404 Not Found"
2026-02-23 20:03:11,558 - INFO - HTTP Request: GET https://huggingface.co/api/models/sentence-transformers/paraphrase-multilingual-MiniLM-L12-v2/tree/main?recursive=true&expand=false "HTTP/1.1 200 OK"
2026-02-23 20:03:11,765 - INFO - HTTP Request: HEAD https://huggingface.co/sentence-transformers/paraphrase-multilingual-MiniLM-L12-v2/resolve/main/tokenizer.json "HTTP/1.1 302 Found"
2026-02-23 20:03:11,968 - INFO - HTTP Request: HEAD https://huggingface.co/sentence-transformers/paraphrase-multilingual-MiniLM-L12-v2/resolve/main/tokenizer.model "HTTP/1.1 404 Not Found"
2026-02-23 20:03:12,172 - INFO - HTTP Request: HEAD https://huggingface.co/sentence-transformers/paraphrase-multilingual-MiniLM-L12-v2/resolve/main/added_tokens.json "HTTP/1.1 404 Not Found"
2026-02-23 20:03:12,377 - INFO - HTTP Request: HEAD https://huggingface.co/sentence-transformers/paraphrase-multilingual-MiniLM-L12-v2/resolve/main/special_tokens_map.json "HTTP/1.1 307 Temporary Redirect"
2026-02-23 20:03:12,402 - INFO - HTTP Request: HEAD https://huggingface.co/api/resolve-cache/models/sentence-transformers/paraphrase-multilingual-MiniLM-L12-v2/e8f8c211226b894fcb81acc59f3b34ba3efd5f42/special_tokens_map.json "HTTP/1.1 200 OK"
2026-02-23 20:03:12,530 - INFO - HTTP Request: HEAD https://huggingface.co/sentence-transformers/paraphrase-multilingual-MiniLM-L12-v2/resolve/main/chat_template.jinja "HTTP/1.1 404 Not Found"
2026-02-23 20:03:15,041 - INFO - HTTP Request: GET https://huggingface.co/api/models/sentence-transformers/paraphrase-multilingual-MiniLM-L12-v2 "HTTP/1.1 200 OK"
2026-02-23 20:03:15,552 - INFO - HTTP Request: HEAD https://huggingface.co/sentence-transformers/paraphrase-multilingual-MiniLM-L12-v2/resolve/main/1_Pooling/config.json "HTTP/1.1 307 Temporary Redirect"
2026-02-23 20:03:15,575 - INFO - HTTP Request: HEAD https://huggingface.co/api/resolve-cache/models/sentence-transformers/paraphrase-multilingual-MiniLM-L12-v2/e8f8c211226b894fcb81acc59f3b34ba3efd5f42/1_Pooling%2Fconfig.json "HTTP/1.1 200 OK"
2026-02-23 20:03:15,601 - INFO - HTTP Request: GET https://huggingface.co/api/resolve-cache/models/sentence-transformers/paraphrase-multilingual-MiniLM-L12-v2/e8f8c211226b894fcb81acc59f3b34ba3efd5f42/1_Pooling%2Fconfig.json "HTTP/1.1 200 OK"
2026-02-23 20:03:15,732 - INFO - HTTP Request: GET https://huggingface.co/api/models/sentence-transformers/paraphrase-multilingual-MiniLM-L12-v2 "HTTP/1.1 200 OK"
2026-02-23 20:03:21,421 - INFO - Batch 1/6 stored (100 chunks)
2026-02-23 20:03:26,874 - INFO - Batch 2/6 stored (100 chunks)
2026-02-23 20:03:32,110 - INFO - Batch 3/6 stored (100 chunks)
2026-02-23 20:03:37,308 - INFO - Batch 4/6 stored (100 chunks)
2026-02-23 20:03:42,644 - INFO - Batch 5/6 stored (100 chunks)
2026-02-23 20:03:44,974 - INFO - Batch 6/6 stored (41 chunks)
2026-02-23 20:03:44,977 - INFO - Embedding complete. 541 stored, 0 failed. Duration: 29.2s
2026-03-08 14:30:49,473 - INFO - Anonymized telemetry enabled. See                     https://docs.trychroma.com/telemetry for more information.
2026-03-08 14:31:02,743 - INFO - Load pretrained SentenceTransformer: paraphrase-multilingual-MiniLM-L12-v2
2026-03-08 14:31:02,930 - INFO - HTTP Request: HEAD https://huggingface.co/sentence-transformers/paraphrase-multilingual-MiniLM-L12-v2/resolve/main/modules.json "HTTP/1.1 307 Temporary Redirect"
2026-03-08 14:31:02,948 - INFO - HTTP Request: HEAD https://huggingface.co/api/resolve-cache/models/sentence-transformers/paraphrase-multilingual-MiniLM-L12-v2/e8f8c211226b894fcb81acc59f3b34ba3efd5f42/modules.json "HTTP/1.1 200 OK"
2026-03-08 14:31:02,969 - INFO - HTTP Request: GET https://huggingface.co/api/resolve-cache/models/sentence-transformers/paraphrase-multilingual-MiniLM-L12-v2/e8f8c211226b894fcb81acc59f3b34ba3efd5f42/modules.json "HTTP/1.1 200 OK"
2026-03-08 14:31:03,093 - INFO - HTTP Request: HEAD https://huggingface.co/sentence-transformers/paraphrase-multilingual-MiniLM-L12-v2/resolve/main/config_sentence_transformers.json "HTTP/1.1 307 Temporary Redirect"
2026-03-08 14:31:03,095 - WARNING - Warning: You are sending unauthenticated requests to the HF Hub. Please set a HF_TOKEN to enable higher rate limits and faster downloads.
2026-03-08 14:31:03,114 - INFO - HTTP Request: HEAD https://huggingface.co/api/resolve-cache/models/sentence-transformers/paraphrase-multilingual-MiniLM-L12-v2/e8f8c211226b894fcb81acc59f3b34ba3efd5f42/config_sentence_transformers.json "HTTP/1.1 200 OK"
2026-03-08 14:31:03,134 - INFO - HTTP Request: GET https://huggingface.co/api/resolve-cache/models/sentence-transformers/paraphrase-multilingual-MiniLM-L12-v2/e8f8c211226b894fcb81acc59f3b34ba3efd5f42/config_sentence_transformers.json "HTTP/1.1 200 OK"
2026-03-08 14:31:03,262 - INFO - HTTP Request: HEAD https://huggingface.co/sentence-transformers/paraphrase-multilingual-MiniLM-L12-v2/resolve/main/config_sentence_transformers.json "HTTP/1.1 307 Temporary Redirect"
2026-03-08 14:31:03,280 - INFO - HTTP Request: HEAD https://huggingface.co/api/resolve-cache/models/sentence-transformers/paraphrase-multilingual-MiniLM-L12-v2/e8f8c211226b894fcb81acc59f3b34ba3efd5f42/config_sentence_transformers.json "HTTP/1.1 200 OK"
2026-03-08 14:31:03,403 - INFO - HTTP Request: HEAD https://huggingface.co/sentence-transformers/paraphrase-multilingual-MiniLM-L12-v2/resolve/main/README.md "HTTP/1.1 307 Temporary Redirect"
2026-03-08 14:31:03,426 - INFO - HTTP Request: HEAD https://huggingface.co/api/resolve-cache/models/sentence-transformers/paraphrase-multilingual-MiniLM-L12-v2/e8f8c211226b894fcb81acc59f3b34ba3efd5f42/README.md "HTTP/1.1 200 OK"
2026-03-08 14:31:03,447 - INFO - HTTP Request: GET https://huggingface.co/api/resolve-cache/models/sentence-transformers/paraphrase-multilingual-MiniLM-L12-v2/e8f8c211226b894fcb81acc59f3b34ba3efd5f42/README.md "HTTP/1.1 200 OK"
2026-03-08 14:31:03,574 - INFO - HTTP Request: HEAD https://huggingface.co/sentence-transformers/paraphrase-multilingual-MiniLM-L12-v2/resolve/main/modules.json "HTTP/1.1 307 Temporary Redirect"
2026-03-08 14:31:03,637 - INFO - HTTP Request: HEAD https://huggingface.co/api/resolve-cache/models/sentence-transformers/paraphrase-multilingual-MiniLM-L12-v2/e8f8c211226b894fcb81acc59f3b34ba3efd5f42/modules.json "HTTP/1.1 200 OK"
2026-03-08 14:31:03,800 - INFO - HTTP Request: HEAD https://huggingface.co/sentence-transformers/paraphrase-multilingual-MiniLM-L12-v2/resolve/main/sentence_bert_config.json "HTTP/1.1 307 Temporary Redirect"
2026-03-08 14:31:03,816 - INFO - HTTP Request: HEAD https://huggingface.co/api/resolve-cache/models/sentence-transformers/paraphrase-multilingual-MiniLM-L12-v2/e8f8c211226b894fcb81acc59f3b34ba3efd5f42/sentence_bert_config.json "HTTP/1.1 200 OK"
2026-03-08 14:31:03,833 - INFO - HTTP Request: GET https://huggingface.co/api/resolve-cache/models/sentence-transformers/paraphrase-multilingual-MiniLM-L12-v2/e8f8c211226b894fcb81acc59f3b34ba3efd5f42/sentence_bert_config.json "HTTP/1.1 200 OK"
2026-03-08 14:31:03,955 - INFO - HTTP Request: HEAD https://huggingface.co/sentence-transformers/paraphrase-multilingual-MiniLM-L12-v2/resolve/main/adapter_config.json "HTTP/1.1 404 Not Found"
2026-03-08 14:31:04,144 - INFO - HTTP Request: HEAD https://huggingface.co/sentence-transformers/paraphrase-multilingual-MiniLM-L12-v2/resolve/main/config.json "HTTP/1.1 307 Temporary Redirect"
2026-03-08 14:31:04,162 - INFO - HTTP Request: HEAD https://huggingface.co/api/resolve-cache/models/sentence-transformers/paraphrase-multilingual-MiniLM-L12-v2/e8f8c211226b894fcb81acc59f3b34ba3efd5f42/config.json "HTTP/1.1 200 OK"
2026-03-08 14:31:04,181 - INFO - HTTP Request: GET https://huggingface.co/api/resolve-cache/models/sentence-transformers/paraphrase-multilingual-MiniLM-L12-v2/e8f8c211226b894fcb81acc59f3b34ba3efd5f42/config.json "HTTP/1.1 200 OK"
2026-03-08 14:31:04,415 - INFO - HTTP Request: HEAD https://huggingface.co/sentence-transformers/paraphrase-multilingual-MiniLM-L12-v2/resolve/main/model.safetensors "HTTP/1.1 302 Found"
2026-03-08 14:31:04,656 - INFO - HTTP Request: GET https://huggingface.co/api/models/sentence-transformers/paraphrase-multilingual-MiniLM-L12-v2/xet-read-token/e8f8c211226b894fcb81acc59f3b34ba3efd5f42 "HTTP/1.1 200 OK"
2026-03-08 14:31:44,514 - INFO - HTTP Request: HEAD https://huggingface.co/sentence-transformers/paraphrase-multilingual-MiniLM-L12-v2/resolve/main/config.json "HTTP/1.1 307 Temporary Redirect"
2026-03-08 14:31:44,523 - INFO - HTTP Request: HEAD https://huggingface.co/api/resolve-cache/models/sentence-transformers/paraphrase-multilingual-MiniLM-L12-v2/e8f8c211226b894fcb81acc59f3b34ba3efd5f42/config.json "HTTP/1.1 200 OK"
2026-03-08 14:31:44,643 - INFO - HTTP Request: HEAD https://huggingface.co/sentence-transformers/paraphrase-multilingual-MiniLM-L12-v2/resolve/main/tokenizer_config.json "HTTP/1.1 307 Temporary Redirect"
2026-03-08 14:31:44,652 - INFO - HTTP Request: HEAD https://huggingface.co/api/resolve-cache/models/sentence-transformers/paraphrase-multilingual-MiniLM-L12-v2/e8f8c211226b894fcb81acc59f3b34ba3efd5f42/tokenizer_config.json "HTTP/1.1 200 OK"
2026-03-08 14:31:44,660 - INFO - HTTP Request: GET https://huggingface.co/api/resolve-cache/models/sentence-transformers/paraphrase-multilingual-MiniLM-L12-v2/e8f8c211226b894fcb81acc59f3b34ba3efd5f42/tokenizer_config.json "HTTP/1.1 200 OK"
2026-03-08 14:31:44,778 - INFO - HTTP Request: HEAD https://huggingface.co/sentence-transformers/paraphrase-multilingual-MiniLM-L12-v2/resolve/main/tokenizer_config.json "HTTP/1.1 307 Temporary Redirect"
2026-03-08 14:31:44,786 - INFO - HTTP Request: HEAD https://huggingface.co/api/resolve-cache/models/sentence-transformers/paraphrase-multilingual-MiniLM-L12-v2/e8f8c211226b894fcb81acc59f3b34ba3efd5f42/tokenizer_config.json "HTTP/1.1 200 OK"
2026-03-08 14:31:44,911 - INFO - HTTP Request: GET https://huggingface.co/api/models/sentence-transformers/paraphrase-multilingual-MiniLM-L12-v2/tree/main/additional_chat_templates?recursive=false&expand=false "HTTP/1.1 404 Not Found"
2026-03-08 14:31:45,052 - INFO - HTTP Request: GET https://huggingface.co/api/models/sentence-transformers/paraphrase-multilingual-MiniLM-L12-v2/tree/main?recursive=true&expand=false "HTTP/1.1 200 OK"
2026-03-08 14:31:45,193 - INFO - HTTP Request: HEAD https://huggingface.co/sentence-transformers/paraphrase-multilingual-MiniLM-L12-v2/resolve/main/tokenizer.json "HTTP/1.1 302 Found"
2026-03-08 14:31:46,217 - INFO - HTTP Request: HEAD https://huggingface.co/sentence-transformers/paraphrase-multilingual-MiniLM-L12-v2/resolve/main/tokenizer.model "HTTP/1.1 404 Not Found"
2026-03-08 14:31:46,336 - INFO - HTTP Request: HEAD https://huggingface.co/sentence-transformers/paraphrase-multilingual-MiniLM-L12-v2/resolve/main/added_tokens.json "HTTP/1.1 404 Not Found"
2026-03-08 14:31:46,536 - INFO - HTTP Request: HEAD https://huggingface.co/sentence-transformers/paraphrase-multilingual-MiniLM-L12-v2/resolve/main/special_tokens_map.json "HTTP/1.1 307 Temporary Redirect"
2026-03-08 14:31:46,545 - INFO - HTTP Request: HEAD https://huggingface.co/api/resolve-cache/models/sentence-transformers/paraphrase-multilingual-MiniLM-L12-v2/e8f8c211226b894fcb81acc59f3b34ba3efd5f42/special_tokens_map.json "HTTP/1.1 200 OK"
2026-03-08 14:31:46,553 - INFO - HTTP Request: GET https://huggingface.co/api/resolve-cache/models/sentence-transformers/paraphrase-multilingual-MiniLM-L12-v2/e8f8c211226b894fcb81acc59f3b34ba3efd5f42/special_tokens_map.json "HTTP/1.1 200 OK"
2026-03-08 14:31:46,679 - INFO - HTTP Request: HEAD https://huggingface.co/sentence-transformers/paraphrase-multilingual-MiniLM-L12-v2/resolve/main/chat_template.jinja "HTTP/1.1 404 Not Found"
2026-03-08 14:31:50,599 - INFO - HTTP Request: GET https://huggingface.co/api/models/sentence-transformers/paraphrase-multilingual-MiniLM-L12-v2 "HTTP/1.1 200 OK"
2026-03-08 14:31:51,134 - INFO - HTTP Request: HEAD https://huggingface.co/sentence-transformers/paraphrase-multilingual-MiniLM-L12-v2/resolve/main/1_Pooling/config.json "HTTP/1.1 307 Temporary Redirect"
2026-03-08 14:31:51,141 - INFO - HTTP Request: HEAD https://huggingface.co/api/resolve-cache/models/sentence-transformers/paraphrase-multilingual-MiniLM-L12-v2/e8f8c211226b894fcb81acc59f3b34ba3efd5f42/1_Pooling%2Fconfig.json "HTTP/1.1 200 OK"
2026-03-08 14:31:51,149 - INFO - HTTP Request: GET https://huggingface.co/api/resolve-cache/models/sentence-transformers/paraphrase-multilingual-MiniLM-L12-v2/e8f8c211226b894fcb81acc59f3b34ba3efd5f42/1_Pooling%2Fconfig.json "HTTP/1.1 200 OK"
2026-03-08 14:31:51,274 - INFO - HTTP Request: GET https://huggingface.co/api/models/sentence-transformers/paraphrase-multilingual-MiniLM-L12-v2 "HTTP/1.1 200 OK"
2026-03-08 14:31:51,399 - ERROR - Batch 1 failed: 'chunk_id'
2026-03-08 14:31:51,403 - INFO - Embedding complete. 0 stored, 89 failed. Duration: 0.0s
2026-03-08 14:42:17,550 - INFO - Anonymized telemetry enabled. See                     https://docs.trychroma.com/telemetry for more information.
2026-03-08 14:42:28,877 - INFO - Load pretrained SentenceTransformer: paraphrase-multilingual-MiniLM-L12-v2
2026-03-08 14:42:29,267 - INFO - HTTP Request: HEAD https://huggingface.co/sentence-transformers/paraphrase-multilingual-MiniLM-L12-v2/resolve/main/modules.json "HTTP/1.1 307 Temporary Redirect"
2026-03-08 14:42:29,287 - INFO - HTTP Request: HEAD https://huggingface.co/api/resolve-cache/models/sentence-transformers/paraphrase-multilingual-MiniLM-L12-v2/e8f8c211226b894fcb81acc59f3b34ba3efd5f42/modules.json "HTTP/1.1 200 OK"
2026-03-08 14:42:29,308 - INFO - HTTP Request: GET https://huggingface.co/api/resolve-cache/models/sentence-transformers/paraphrase-multilingual-MiniLM-L12-v2/e8f8c211226b894fcb81acc59f3b34ba3efd5f42/modules.json "HTTP/1.1 200 OK"
2026-03-08 14:42:29,429 - INFO - HTTP Request: HEAD https://huggingface.co/sentence-transformers/paraphrase-multilingual-MiniLM-L12-v2/resolve/main/config_sentence_transformers.json "HTTP/1.1 307 Temporary Redirect"
2026-03-08 14:42:29,447 - INFO - HTTP Request: HEAD https://huggingface.co/api/resolve-cache/models/sentence-transformers/paraphrase-multilingual-MiniLM-L12-v2/e8f8c211226b894fcb81acc59f3b34ba3efd5f42/config_sentence_transformers.json "HTTP/1.1 200 OK"
2026-03-08 14:42:29,465 - INFO - HTTP Request: GET https://huggingface.co/api/resolve-cache/models/sentence-transformers/paraphrase-multilingual-MiniLM-L12-v2/e8f8c211226b894fcb81acc59f3b34ba3efd5f42/config_sentence_transformers.json "HTTP/1.1 200 OK"
2026-03-08 14:42:29,593 - INFO - HTTP Request: HEAD https://huggingface.co/sentence-transformers/paraphrase-multilingual-MiniLM-L12-v2/resolve/main/config_sentence_transformers.json "HTTP/1.1 307 Temporary Redirect"
2026-03-08 14:42:29,610 - INFO - HTTP Request: HEAD https://huggingface.co/api/resolve-cache/models/sentence-transformers/paraphrase-multilingual-MiniLM-L12-v2/e8f8c211226b894fcb81acc59f3b34ba3efd5f42/config_sentence_transformers.json "HTTP/1.1 200 OK"
2026-03-08 14:42:29,732 - INFO - HTTP Request: HEAD https://huggingface.co/sentence-transformers/paraphrase-multilingual-MiniLM-L12-v2/resolve/main/README.md "HTTP/1.1 307 Temporary Redirect"
2026-03-08 14:42:29,751 - INFO - HTTP Request: HEAD https://huggingface.co/api/resolve-cache/models/sentence-transformers/paraphrase-multilingual-MiniLM-L12-v2/e8f8c211226b894fcb81acc59f3b34ba3efd5f42/README.md "HTTP/1.1 200 OK"
2026-03-08 14:42:29,770 - INFO - HTTP Request: GET https://huggingface.co/api/resolve-cache/models/sentence-transformers/paraphrase-multilingual-MiniLM-L12-v2/e8f8c211226b894fcb81acc59f3b34ba3efd5f42/README.md "HTTP/1.1 200 OK"
2026-03-08 14:42:29,889 - INFO - HTTP Request: HEAD https://huggingface.co/sentence-transformers/paraphrase-multilingual-MiniLM-L12-v2/resolve/main/modules.json "HTTP/1.1 307 Temporary Redirect"
2026-03-08 14:42:29,907 - INFO - HTTP Request: HEAD https://huggingface.co/api/resolve-cache/models/sentence-transformers/paraphrase-multilingual-MiniLM-L12-v2/e8f8c211226b894fcb81acc59f3b34ba3efd5f42/modules.json "HTTP/1.1 200 OK"
2026-03-08 14:42:30,030 - INFO - HTTP Request: HEAD https://huggingface.co/sentence-transformers/paraphrase-multilingual-MiniLM-L12-v2/resolve/main/sentence_bert_config.json "HTTP/1.1 307 Temporary Redirect"
2026-03-08 14:42:30,047 - INFO - HTTP Request: HEAD https://huggingface.co/api/resolve-cache/models/sentence-transformers/paraphrase-multilingual-MiniLM-L12-v2/e8f8c211226b894fcb81acc59f3b34ba3efd5f42/sentence_bert_config.json "HTTP/1.1 200 OK"
2026-03-08 14:42:30,063 - INFO - HTTP Request: GET https://huggingface.co/api/resolve-cache/models/sentence-transformers/paraphrase-multilingual-MiniLM-L12-v2/e8f8c211226b894fcb81acc59f3b34ba3efd5f42/sentence_bert_config.json "HTTP/1.1 200 OK"
2026-03-08 14:42:30,185 - INFO - HTTP Request: HEAD https://huggingface.co/sentence-transformers/paraphrase-multilingual-MiniLM-L12-v2/resolve/main/adapter_config.json "HTTP/1.1 404 Not Found"
2026-03-08 14:42:30,332 - INFO - HTTP Request: HEAD https://huggingface.co/sentence-transformers/paraphrase-multilingual-MiniLM-L12-v2/resolve/main/config.json "HTTP/1.1 307 Temporary Redirect"
2026-03-08 14:42:30,350 - INFO - HTTP Request: HEAD https://huggingface.co/api/resolve-cache/models/sentence-transformers/paraphrase-multilingual-MiniLM-L12-v2/e8f8c211226b894fcb81acc59f3b34ba3efd5f42/config.json "HTTP/1.1 200 OK"
2026-03-08 14:42:30,366 - INFO - HTTP Request: GET https://huggingface.co/api/resolve-cache/models/sentence-transformers/paraphrase-multilingual-MiniLM-L12-v2/e8f8c211226b894fcb81acc59f3b34ba3efd5f42/config.json "HTTP/1.1 200 OK"
2026-03-08 14:42:30,576 - INFO - HTTP Request: HEAD https://huggingface.co/sentence-transformers/paraphrase-multilingual-MiniLM-L12-v2/resolve/main/model.safetensors "HTTP/1.1 302 Found"
2026-03-08 14:42:30,718 - INFO - HTTP Request: GET https://huggingface.co/api/models/sentence-transformers/paraphrase-multilingual-MiniLM-L12-v2/xet-read-token/e8f8c211226b894fcb81acc59f3b34ba3efd5f42 "HTTP/1.1 200 OK"
2026-03-08 14:43:10,332 - INFO - HTTP Request: HEAD https://huggingface.co/sentence-transformers/paraphrase-multilingual-MiniLM-L12-v2/resolve/main/config.json "HTTP/1.1 307 Temporary Redirect"
2026-03-08 14:43:10,351 - INFO - HTTP Request: HEAD https://huggingface.co/api/resolve-cache/models/sentence-transformers/paraphrase-multilingual-MiniLM-L12-v2/e8f8c211226b894fcb81acc59f3b34ba3efd5f42/config.json "HTTP/1.1 200 OK"
2026-03-08 14:43:10,472 - INFO - HTTP Request: HEAD https://huggingface.co/sentence-transformers/paraphrase-multilingual-MiniLM-L12-v2/resolve/main/tokenizer_config.json "HTTP/1.1 307 Temporary Redirect"
2026-03-08 14:43:10,490 - INFO - HTTP Request: HEAD https://huggingface.co/api/resolve-cache/models/sentence-transformers/paraphrase-multilingual-MiniLM-L12-v2/e8f8c211226b894fcb81acc59f3b34ba3efd5f42/tokenizer_config.json "HTTP/1.1 200 OK"
2026-03-08 14:43:10,509 - INFO - HTTP Request: GET https://huggingface.co/api/resolve-cache/models/sentence-transformers/paraphrase-multilingual-MiniLM-L12-v2/e8f8c211226b894fcb81acc59f3b34ba3efd5f42/tokenizer_config.json "HTTP/1.1 200 OK"
2026-03-08 14:43:10,631 - INFO - HTTP Request: HEAD https://huggingface.co/sentence-transformers/paraphrase-multilingual-MiniLM-L12-v2/resolve/main/tokenizer_config.json "HTTP/1.1 307 Temporary Redirect"
2026-03-08 14:43:10,648 - INFO - HTTP Request: HEAD https://huggingface.co/api/resolve-cache/models/sentence-transformers/paraphrase-multilingual-MiniLM-L12-v2/e8f8c211226b894fcb81acc59f3b34ba3efd5f42/tokenizer_config.json "HTTP/1.1 200 OK"
2026-03-08 14:43:10,771 - INFO - HTTP Request: GET https://huggingface.co/api/models/sentence-transformers/paraphrase-multilingual-MiniLM-L12-v2/tree/main/additional_chat_templates?recursive=false&expand=false "HTTP/1.1 404 Not Found"
2026-03-08 14:43:10,984 - INFO - HTTP Request: GET https://huggingface.co/api/models/sentence-transformers/paraphrase-multilingual-MiniLM-L12-v2/tree/main?recursive=true&expand=false "HTTP/1.1 200 OK"
2026-03-08 14:43:11,191 - INFO - HTTP Request: HEAD https://huggingface.co/sentence-transformers/paraphrase-multilingual-MiniLM-L12-v2/resolve/main/tokenizer.json "HTTP/1.1 302 Found"
2026-03-08 14:43:12,214 - INFO - HTTP Request: HEAD https://huggingface.co/sentence-transformers/paraphrase-multilingual-MiniLM-L12-v2/resolve/main/tokenizer.model "HTTP/1.1 404 Not Found"
2026-03-08 14:43:12,336 - INFO - HTTP Request: HEAD https://huggingface.co/sentence-transformers/paraphrase-multilingual-MiniLM-L12-v2/resolve/main/added_tokens.json "HTTP/1.1 404 Not Found"
2026-03-08 14:43:12,457 - INFO - HTTP Request: HEAD https://huggingface.co/sentence-transformers/paraphrase-multilingual-MiniLM-L12-v2/resolve/main/special_tokens_map.json "HTTP/1.1 307 Temporary Redirect"
2026-03-08 14:43:12,459 - WARNING - Warning: You are sending unauthenticated requests to the HF Hub. Please set a HF_TOKEN to enable higher rate limits and faster downloads.
2026-03-08 14:43:12,475 - INFO - HTTP Request: HEAD https://huggingface.co/api/resolve-cache/models/sentence-transformers/paraphrase-multilingual-MiniLM-L12-v2/e8f8c211226b894fcb81acc59f3b34ba3efd5f42/special_tokens_map.json "HTTP/1.1 200 OK"
2026-03-08 14:43:12,496 - INFO - HTTP Request: GET https://huggingface.co/api/resolve-cache/models/sentence-transformers/paraphrase-multilingual-MiniLM-L12-v2/e8f8c211226b894fcb81acc59f3b34ba3efd5f42/special_tokens_map.json "HTTP/1.1 200 OK"
2026-03-08 14:43:12,622 - INFO - HTTP Request: HEAD https://huggingface.co/sentence-transformers/paraphrase-multilingual-MiniLM-L12-v2/resolve/main/chat_template.jinja "HTTP/1.1 404 Not Found"
2026-03-08 14:43:16,515 - INFO - HTTP Request: GET https://huggingface.co/api/models/sentence-transformers/paraphrase-multilingual-MiniLM-L12-v2 "HTTP/1.1 200 OK"
2026-03-08 14:43:17,028 - INFO - HTTP Request: HEAD https://huggingface.co/sentence-transformers/paraphrase-multilingual-MiniLM-L12-v2/resolve/main/1_Pooling/config.json "HTTP/1.1 307 Temporary Redirect"
2026-03-08 14:43:17,046 - INFO - HTTP Request: HEAD https://huggingface.co/api/resolve-cache/models/sentence-transformers/paraphrase-multilingual-MiniLM-L12-v2/e8f8c211226b894fcb81acc59f3b34ba3efd5f42/1_Pooling%2Fconfig.json "HTTP/1.1 200 OK"
2026-03-08 14:43:17,065 - INFO - HTTP Request: GET https://huggingface.co/api/resolve-cache/models/sentence-transformers/paraphrase-multilingual-MiniLM-L12-v2/e8f8c211226b894fcb81acc59f3b34ba3efd5f42/1_Pooling%2Fconfig.json "HTTP/1.1 200 OK"
2026-03-08 14:43:17,195 - INFO - HTTP Request: GET https://huggingface.co/api/models/sentence-transformers/paraphrase-multilingual-MiniLM-L12-v2 "HTTP/1.1 200 OK"
2026-03-08 14:43:17,332 - ERROR - Batch 1 failed: 'chunk_id'
2026-03-08 14:43:17,335 - INFO - Embedding complete. 0 stored, 89 failed. Duration: 0.0s
2026-03-08 14:45:48,273 - INFO - Anonymized telemetry enabled. See                     https://docs.trychroma.com/telemetry for more information.
2026-03-08 14:45:59,230 - INFO - Load pretrained SentenceTransformer: paraphrase-multilingual-MiniLM-L12-v2
2026-03-08 14:45:59,425 - INFO - HTTP Request: HEAD https://huggingface.co/sentence-transformers/paraphrase-multilingual-MiniLM-L12-v2/resolve/main/modules.json "HTTP/1.1 307 Temporary Redirect"
2026-03-08 14:45:59,444 - INFO - HTTP Request: HEAD https://huggingface.co/api/resolve-cache/models/sentence-transformers/paraphrase-multilingual-MiniLM-L12-v2/e8f8c211226b894fcb81acc59f3b34ba3efd5f42/modules.json "HTTP/1.1 200 OK"
2026-03-08 14:45:59,563 - INFO - HTTP Request: HEAD https://huggingface.co/sentence-transformers/paraphrase-multilingual-MiniLM-L12-v2/resolve/main/config_sentence_transformers.json "HTTP/1.1 307 Temporary Redirect"
2026-03-08 14:45:59,581 - INFO - HTTP Request: HEAD https://huggingface.co/api/resolve-cache/models/sentence-transformers/paraphrase-multilingual-MiniLM-L12-v2/e8f8c211226b894fcb81acc59f3b34ba3efd5f42/config_sentence_transformers.json "HTTP/1.1 200 OK"
2026-03-08 14:45:59,703 - INFO - HTTP Request: HEAD https://huggingface.co/sentence-transformers/paraphrase-multilingual-MiniLM-L12-v2/resolve/main/config_sentence_transformers.json "HTTP/1.1 307 Temporary Redirect"
2026-03-08 14:45:59,721 - INFO - HTTP Request: HEAD https://huggingface.co/api/resolve-cache/models/sentence-transformers/paraphrase-multilingual-MiniLM-L12-v2/e8f8c211226b894fcb81acc59f3b34ba3efd5f42/config_sentence_transformers.json "HTTP/1.1 200 OK"
2026-03-08 14:45:59,841 - INFO - HTTP Request: HEAD https://huggingface.co/sentence-transformers/paraphrase-multilingual-MiniLM-L12-v2/resolve/main/README.md "HTTP/1.1 307 Temporary Redirect"
2026-03-08 14:45:59,859 - INFO - HTTP Request: HEAD https://huggingface.co/api/resolve-cache/models/sentence-transformers/paraphrase-multilingual-MiniLM-L12-v2/e8f8c211226b894fcb81acc59f3b34ba3efd5f42/README.md "HTTP/1.1 200 OK"
2026-03-08 14:45:59,979 - INFO - HTTP Request: HEAD https://huggingface.co/sentence-transformers/paraphrase-multilingual-MiniLM-L12-v2/resolve/main/modules.json "HTTP/1.1 307 Temporary Redirect"
2026-03-08 14:45:59,980 - WARNING - Warning: You are sending unauthenticated requests to the HF Hub. Please set a HF_TOKEN to enable higher rate limits and faster downloads.
2026-03-08 14:45:59,997 - INFO - HTTP Request: HEAD https://huggingface.co/api/resolve-cache/models/sentence-transformers/paraphrase-multilingual-MiniLM-L12-v2/e8f8c211226b894fcb81acc59f3b34ba3efd5f42/modules.json "HTTP/1.1 200 OK"
2026-03-08 14:46:00,124 - INFO - HTTP Request: HEAD https://huggingface.co/sentence-transformers/paraphrase-multilingual-MiniLM-L12-v2/resolve/main/sentence_bert_config.json "HTTP/1.1 307 Temporary Redirect"
2026-03-08 14:46:00,145 - INFO - HTTP Request: HEAD https://huggingface.co/api/resolve-cache/models/sentence-transformers/paraphrase-multilingual-MiniLM-L12-v2/e8f8c211226b894fcb81acc59f3b34ba3efd5f42/sentence_bert_config.json "HTTP/1.1 200 OK"
2026-03-08 14:46:00,266 - INFO - HTTP Request: HEAD https://huggingface.co/sentence-transformers/paraphrase-multilingual-MiniLM-L12-v2/resolve/main/adapter_config.json "HTTP/1.1 404 Not Found"
2026-03-08 14:46:00,461 - INFO - HTTP Request: HEAD https://huggingface.co/sentence-transformers/paraphrase-multilingual-MiniLM-L12-v2/resolve/main/config.json "HTTP/1.1 307 Temporary Redirect"
2026-03-08 14:46:00,478 - INFO - HTTP Request: HEAD https://huggingface.co/api/resolve-cache/models/sentence-transformers/paraphrase-multilingual-MiniLM-L12-v2/e8f8c211226b894fcb81acc59f3b34ba3efd5f42/config.json "HTTP/1.1 200 OK"
2026-03-08 14:46:00,985 - INFO - HTTP Request: HEAD https://huggingface.co/sentence-transformers/paraphrase-multilingual-MiniLM-L12-v2/resolve/main/config.json "HTTP/1.1 307 Temporary Redirect"
2026-03-08 14:46:01,004 - INFO - HTTP Request: HEAD https://huggingface.co/api/resolve-cache/models/sentence-transformers/paraphrase-multilingual-MiniLM-L12-v2/e8f8c211226b894fcb81acc59f3b34ba3efd5f42/config.json "HTTP/1.1 200 OK"
2026-03-08 14:46:01,125 - INFO - HTTP Request: HEAD https://huggingface.co/sentence-transformers/paraphrase-multilingual-MiniLM-L12-v2/resolve/main/tokenizer_config.json "HTTP/1.1 307 Temporary Redirect"
2026-03-08 14:46:01,145 - INFO - HTTP Request: HEAD https://huggingface.co/api/resolve-cache/models/sentence-transformers/paraphrase-multilingual-MiniLM-L12-v2/e8f8c211226b894fcb81acc59f3b34ba3efd5f42/tokenizer_config.json "HTTP/1.1 200 OK"
2026-03-08 14:46:01,267 - INFO - HTTP Request: HEAD https://huggingface.co/sentence-transformers/paraphrase-multilingual-MiniLM-L12-v2/resolve/main/tokenizer_config.json "HTTP/1.1 307 Temporary Redirect"
2026-03-08 14:46:01,284 - INFO - HTTP Request: HEAD https://huggingface.co/api/resolve-cache/models/sentence-transformers/paraphrase-multilingual-MiniLM-L12-v2/e8f8c211226b894fcb81acc59f3b34ba3efd5f42/tokenizer_config.json "HTTP/1.1 200 OK"
2026-03-08 14:46:01,410 - INFO - HTTP Request: GET https://huggingface.co/api/models/sentence-transformers/paraphrase-multilingual-MiniLM-L12-v2/tree/main/additional_chat_templates?recursive=false&expand=false "HTTP/1.1 404 Not Found"
2026-03-08 14:46:01,583 - INFO - HTTP Request: GET https://huggingface.co/api/models/sentence-transformers/paraphrase-multilingual-MiniLM-L12-v2/tree/main?recursive=true&expand=false "HTTP/1.1 200 OK"
2026-03-08 14:46:05,577 - INFO - HTTP Request: GET https://huggingface.co/api/models/sentence-transformers/paraphrase-multilingual-MiniLM-L12-v2 "HTTP/1.1 200 OK"
2026-03-08 14:46:06,093 - INFO - HTTP Request: HEAD https://huggingface.co/sentence-transformers/paraphrase-multilingual-MiniLM-L12-v2/resolve/main/1_Pooling/config.json "HTTP/1.1 307 Temporary Redirect"
2026-03-08 14:46:06,110 - INFO - HTTP Request: HEAD https://huggingface.co/api/resolve-cache/models/sentence-transformers/paraphrase-multilingual-MiniLM-L12-v2/e8f8c211226b894fcb81acc59f3b34ba3efd5f42/1_Pooling%2Fconfig.json "HTTP/1.1 200 OK"
2026-03-08 14:46:06,232 - INFO - HTTP Request: GET https://huggingface.co/api/models/sentence-transformers/paraphrase-multilingual-MiniLM-L12-v2 "HTTP/1.1 200 OK"
2026-03-08 14:46:06,363 - ERROR - Batch 1 failed: 'chunk_id'
2026-03-08 14:46:06,366 - INFO - Embedding complete. 0 stored, 89 failed. Duration: 0.0s
2026-03-14 12:12:00,843 - INFO - Anonymized telemetry enabled. See                     https://docs.trychroma.com/telemetry for more information.
2026-03-14 12:12:16,343 - INFO - Load pretrained SentenceTransformer: paraphrase-multilingual-MiniLM-L12-v2
2026-03-14 12:12:16,646 - INFO - HTTP Request: HEAD https://huggingface.co/sentence-transformers/paraphrase-multilingual-MiniLM-L12-v2/resolve/main/modules.json "HTTP/1.1 307 Temporary Redirect"
2026-03-14 12:12:16,689 - INFO - HTTP Request: HEAD https://huggingface.co/api/resolve-cache/models/sentence-transformers/paraphrase-multilingual-MiniLM-L12-v2/e8f8c211226b894fcb81acc59f3b34ba3efd5f42/modules.json "HTTP/1.1 200 OK"
2026-03-14 12:12:16,851 - INFO - HTTP Request: HEAD https://huggingface.co/sentence-transformers/paraphrase-multilingual-MiniLM-L12-v2/resolve/main/config_sentence_transformers.json "HTTP/1.1 307 Temporary Redirect"
2026-03-14 12:12:16,892 - INFO - HTTP Request: HEAD https://huggingface.co/api/resolve-cache/models/sentence-transformers/paraphrase-multilingual-MiniLM-L12-v2/e8f8c211226b894fcb81acc59f3b34ba3efd5f42/config_sentence_transformers.json "HTTP/1.1 200 OK"
2026-03-14 12:12:17,051 - INFO - HTTP Request: HEAD https://huggingface.co/sentence-transformers/paraphrase-multilingual-MiniLM-L12-v2/resolve/main/config_sentence_transformers.json "HTTP/1.1 307 Temporary Redirect"
2026-03-14 12:12:17,092 - INFO - HTTP Request: HEAD https://huggingface.co/api/resolve-cache/models/sentence-transformers/paraphrase-multilingual-MiniLM-L12-v2/e8f8c211226b894fcb81acc59f3b34ba3efd5f42/config_sentence_transformers.json "HTTP/1.1 200 OK"
2026-03-14 12:12:17,248 - INFO - HTTP Request: HEAD https://huggingface.co/sentence-transformers/paraphrase-multilingual-MiniLM-L12-v2/resolve/main/README.md "HTTP/1.1 307 Temporary Redirect"
2026-03-14 12:12:17,286 - INFO - HTTP Request: HEAD https://huggingface.co/api/resolve-cache/models/sentence-transformers/paraphrase-multilingual-MiniLM-L12-v2/e8f8c211226b894fcb81acc59f3b34ba3efd5f42/README.md "HTTP/1.1 200 OK"
2026-03-14 12:12:17,443 - INFO - HTTP Request: HEAD https://huggingface.co/sentence-transformers/paraphrase-multilingual-MiniLM-L12-v2/resolve/main/modules.json "HTTP/1.1 307 Temporary Redirect"
2026-03-14 12:12:17,444 - WARNING - Warning: You are sending unauthenticated requests to the HF Hub. Please set a HF_TOKEN to enable higher rate limits and faster downloads.
2026-03-14 12:12:17,482 - INFO - HTTP Request: HEAD https://huggingface.co/api/resolve-cache/models/sentence-transformers/paraphrase-multilingual-MiniLM-L12-v2/e8f8c211226b894fcb81acc59f3b34ba3efd5f42/modules.json "HTTP/1.1 200 OK"
2026-03-14 12:12:17,647 - INFO - HTTP Request: HEAD https://huggingface.co/sentence-transformers/paraphrase-multilingual-MiniLM-L12-v2/resolve/main/sentence_bert_config.json "HTTP/1.1 307 Temporary Redirect"
2026-03-14 12:12:17,688 - INFO - HTTP Request: HEAD https://huggingface.co/api/resolve-cache/models/sentence-transformers/paraphrase-multilingual-MiniLM-L12-v2/e8f8c211226b894fcb81acc59f3b34ba3efd5f42/sentence_bert_config.json "HTTP/1.1 200 OK"
2026-03-14 12:12:17,848 - INFO - HTTP Request: HEAD https://huggingface.co/sentence-transformers/paraphrase-multilingual-MiniLM-L12-v2/resolve/main/adapter_config.json "HTTP/1.1 404 Not Found"
2026-03-14 12:12:18,005 - INFO - HTTP Request: HEAD https://huggingface.co/sentence-transformers/paraphrase-multilingual-MiniLM-L12-v2/resolve/main/config.json "HTTP/1.1 307 Temporary Redirect"
2026-03-14 12:12:18,045 - INFO - HTTP Request: HEAD https://huggingface.co/api/resolve-cache/models/sentence-transformers/paraphrase-multilingual-MiniLM-L12-v2/e8f8c211226b894fcb81acc59f3b34ba3efd5f42/config.json "HTTP/1.1 200 OK"
2026-03-14 12:12:18,663 - INFO - HTTP Request: HEAD https://huggingface.co/sentence-transformers/paraphrase-multilingual-MiniLM-L12-v2/resolve/main/config.json "HTTP/1.1 307 Temporary Redirect"
2026-03-14 12:12:18,705 - INFO - HTTP Request: HEAD https://huggingface.co/api/resolve-cache/models/sentence-transformers/paraphrase-multilingual-MiniLM-L12-v2/e8f8c211226b894fcb81acc59f3b34ba3efd5f42/config.json "HTTP/1.1 200 OK"
2026-03-14 12:12:18,866 - INFO - HTTP Request: HEAD https://huggingface.co/sentence-transformers/paraphrase-multilingual-MiniLM-L12-v2/resolve/main/tokenizer_config.json "HTTP/1.1 307 Temporary Redirect"
2026-03-14 12:12:18,905 - INFO - HTTP Request: HEAD https://huggingface.co/api/resolve-cache/models/sentence-transformers/paraphrase-multilingual-MiniLM-L12-v2/e8f8c211226b894fcb81acc59f3b34ba3efd5f42/tokenizer_config.json "HTTP/1.1 200 OK"
2026-03-14 12:12:19,061 - INFO - HTTP Request: HEAD https://huggingface.co/sentence-transformers/paraphrase-multilingual-MiniLM-L12-v2/resolve/main/tokenizer_config.json "HTTP/1.1 307 Temporary Redirect"
2026-03-14 12:12:19,104 - INFO - HTTP Request: HEAD https://huggingface.co/api/resolve-cache/models/sentence-transformers/paraphrase-multilingual-MiniLM-L12-v2/e8f8c211226b894fcb81acc59f3b34ba3efd5f42/tokenizer_config.json "HTTP/1.1 200 OK"
2026-03-14 12:12:19,262 - INFO - HTTP Request: GET https://huggingface.co/api/models/sentence-transformers/paraphrase-multilingual-MiniLM-L12-v2/tree/main/additional_chat_templates?recursive=false&expand=false "HTTP/1.1 404 Not Found"
2026-03-14 12:12:19,430 - INFO - HTTP Request: GET https://huggingface.co/api/models/sentence-transformers/paraphrase-multilingual-MiniLM-L12-v2/tree/main?recursive=true&expand=false "HTTP/1.1 200 OK"
2026-03-14 12:12:23,929 - INFO - HTTP Request: GET https://huggingface.co/api/models/sentence-transformers/paraphrase-multilingual-MiniLM-L12-v2 "HTTP/1.1 200 OK"
2026-03-14 12:12:24,485 - INFO - HTTP Request: HEAD https://huggingface.co/sentence-transformers/paraphrase-multilingual-MiniLM-L12-v2/resolve/main/1_Pooling/config.json "HTTP/1.1 307 Temporary Redirect"
2026-03-14 12:12:24,524 - INFO - HTTP Request: HEAD https://huggingface.co/api/resolve-cache/models/sentence-transformers/paraphrase-multilingual-MiniLM-L12-v2/e8f8c211226b894fcb81acc59f3b34ba3efd5f42/1_Pooling%2Fconfig.json "HTTP/1.1 200 OK"
2026-03-14 12:12:24,713 - INFO - HTTP Request: GET https://huggingface.co/api/models/sentence-transformers/paraphrase-multilingual-MiniLM-L12-v2 "HTTP/1.1 200 OK"
2026-03-14 12:12:24,850 - ERROR - Batch 1 failed: 'chunk_id'
2026-03-14 12:12:24,854 - INFO - Embedding complete. 0 stored, 89 failed. Duration: 0.0s
2026-03-15 17:47:29,714 - INFO - Load pretrained SentenceTransformer: paraphrase-multilingual-MiniLM-L12-v2
2026-03-15 17:47:30,195 - INFO - HTTP Request: HEAD https://huggingface.co/sentence-transformers/paraphrase-multilingual-MiniLM-L12-v2/resolve/main/modules.json "HTTP/1.1 307 Temporary Redirect"
2026-03-15 17:47:30,238 - INFO - HTTP Request: HEAD https://huggingface.co/api/resolve-cache/models/sentence-transformers/paraphrase-multilingual-MiniLM-L12-v2/e8f8c211226b894fcb81acc59f3b34ba3efd5f42/modules.json "HTTP/1.1 200 OK"
2026-03-15 17:47:30,285 - INFO - HTTP Request: GET https://huggingface.co/api/resolve-cache/models/sentence-transformers/paraphrase-multilingual-MiniLM-L12-v2/e8f8c211226b894fcb81acc59f3b34ba3efd5f42/modules.json "HTTP/1.1 200 OK"
2026-03-15 17:47:30,447 - INFO - HTTP Request: HEAD https://huggingface.co/sentence-transformers/paraphrase-multilingual-MiniLM-L12-v2/resolve/main/config_sentence_transformers.json "HTTP/1.1 307 Temporary Redirect"
2026-03-15 17:47:30,491 - INFO - HTTP Request: HEAD https://huggingface.co/api/resolve-cache/models/sentence-transformers/paraphrase-multilingual-MiniLM-L12-v2/e8f8c211226b894fcb81acc59f3b34ba3efd5f42/config_sentence_transformers.json "HTTP/1.1 200 OK"
2026-03-15 17:47:30,541 - INFO - HTTP Request: GET https://huggingface.co/api/resolve-cache/models/sentence-transformers/paraphrase-multilingual-MiniLM-L12-v2/e8f8c211226b894fcb81acc59f3b34ba3efd5f42/config_sentence_transformers.json "HTTP/1.1 200 OK"
2026-03-15 17:47:30,697 - INFO - HTTP Request: HEAD https://huggingface.co/sentence-transformers/paraphrase-multilingual-MiniLM-L12-v2/resolve/main/config_sentence_transformers.json "HTTP/1.1 307 Temporary Redirect"
2026-03-15 17:47:30,738 - INFO - HTTP Request: HEAD https://huggingface.co/api/resolve-cache/models/sentence-transformers/paraphrase-multilingual-MiniLM-L12-v2/e8f8c211226b894fcb81acc59f3b34ba3efd5f42/config_sentence_transformers.json "HTTP/1.1 200 OK"
2026-03-15 17:47:30,897 - INFO - HTTP Request: HEAD https://huggingface.co/sentence-transformers/paraphrase-multilingual-MiniLM-L12-v2/resolve/main/README.md "HTTP/1.1 307 Temporary Redirect"
2026-03-15 17:47:30,898 - WARNING - Warning: You are sending unauthenticated requests to the HF Hub. Please set a HF_TOKEN to enable higher rate limits and faster downloads.
2026-03-15 17:47:30,938 - INFO - HTTP Request: HEAD https://huggingface.co/api/resolve-cache/models/sentence-transformers/paraphrase-multilingual-MiniLM-L12-v2/e8f8c211226b894fcb81acc59f3b34ba3efd5f42/README.md "HTTP/1.1 200 OK"
2026-03-15 17:47:30,990 - INFO - HTTP Request: GET https://huggingface.co/api/resolve-cache/models/sentence-transformers/paraphrase-multilingual-MiniLM-L12-v2/e8f8c211226b894fcb81acc59f3b34ba3efd5f42/README.md "HTTP/1.1 200 OK"
2026-03-15 17:47:31,147 - INFO - HTTP Request: HEAD https://huggingface.co/sentence-transformers/paraphrase-multilingual-MiniLM-L12-v2/resolve/main/modules.json "HTTP/1.1 307 Temporary Redirect"
2026-03-15 17:47:31,193 - INFO - HTTP Request: HEAD https://huggingface.co/api/resolve-cache/models/sentence-transformers/paraphrase-multilingual-MiniLM-L12-v2/e8f8c211226b894fcb81acc59f3b34ba3efd5f42/modules.json "HTTP/1.1 200 OK"
2026-03-15 17:47:31,367 - INFO - HTTP Request: HEAD https://huggingface.co/sentence-transformers/paraphrase-multilingual-MiniLM-L12-v2/resolve/main/sentence_bert_config.json "HTTP/1.1 307 Temporary Redirect"
2026-03-15 17:47:31,409 - INFO - HTTP Request: HEAD https://huggingface.co/api/resolve-cache/models/sentence-transformers/paraphrase-multilingual-MiniLM-L12-v2/e8f8c211226b894fcb81acc59f3b34ba3efd5f42/sentence_bert_config.json "HTTP/1.1 200 OK"
2026-03-15 17:47:31,489 - INFO - HTTP Request: GET https://huggingface.co/api/resolve-cache/models/sentence-transformers/paraphrase-multilingual-MiniLM-L12-v2/e8f8c211226b894fcb81acc59f3b34ba3efd5f42/sentence_bert_config.json "HTTP/1.1 200 OK"
2026-03-15 17:47:31,657 - INFO - HTTP Request: HEAD https://huggingface.co/sentence-transformers/paraphrase-multilingual-MiniLM-L12-v2/resolve/main/adapter_config.json "HTTP/1.1 404 Not Found"
2026-03-15 17:47:31,916 - INFO - HTTP Request: HEAD https://huggingface.co/sentence-transformers/paraphrase-multilingual-MiniLM-L12-v2/resolve/main/config.json "HTTP/1.1 307 Temporary Redirect"
2026-03-15 17:47:31,962 - INFO - HTTP Request: HEAD https://huggingface.co/api/resolve-cache/models/sentence-transformers/paraphrase-multilingual-MiniLM-L12-v2/e8f8c211226b894fcb81acc59f3b34ba3efd5f42/config.json "HTTP/1.1 200 OK"
2026-03-15 17:47:32,008 - INFO - HTTP Request: GET https://huggingface.co/api/resolve-cache/models/sentence-transformers/paraphrase-multilingual-MiniLM-L12-v2/e8f8c211226b894fcb81acc59f3b34ba3efd5f42/config.json "HTTP/1.1 200 OK"
2026-03-15 17:47:32,463 - INFO - HTTP Request: HEAD https://huggingface.co/sentence-transformers/paraphrase-multilingual-MiniLM-L12-v2/resolve/main/model.safetensors "HTTP/1.1 302 Found"
2026-03-15 17:47:32,625 - INFO - HTTP Request: GET https://huggingface.co/api/models/sentence-transformers/paraphrase-multilingual-MiniLM-L12-v2/xet-read-token/e8f8c211226b894fcb81acc59f3b34ba3efd5f42 "HTTP/1.1 200 OK"
2026-03-15 17:52:19,185 - INFO - Load pretrained SentenceTransformer: paraphrase-multilingual-MiniLM-L12-v2
2026-03-15 17:52:19,486 - INFO - HTTP Request: HEAD https://huggingface.co/sentence-transformers/paraphrase-multilingual-MiniLM-L12-v2/resolve/main/modules.json "HTTP/1.1 307 Temporary Redirect"
2026-03-15 17:52:19,526 - INFO - HTTP Request: HEAD https://huggingface.co/api/resolve-cache/models/sentence-transformers/paraphrase-multilingual-MiniLM-L12-v2/e8f8c211226b894fcb81acc59f3b34ba3efd5f42/modules.json "HTTP/1.1 200 OK"
2026-03-15 17:52:19,687 - INFO - HTTP Request: HEAD https://huggingface.co/sentence-transformers/paraphrase-multilingual-MiniLM-L12-v2/resolve/main/config_sentence_transformers.json "HTTP/1.1 307 Temporary Redirect"
2026-03-15 17:52:19,729 - INFO - HTTP Request: HEAD https://huggingface.co/api/resolve-cache/models/sentence-transformers/paraphrase-multilingual-MiniLM-L12-v2/e8f8c211226b894fcb81acc59f3b34ba3efd5f42/config_sentence_transformers.json "HTTP/1.1 200 OK"
2026-03-15 17:52:19,885 - INFO - HTTP Request: HEAD https://huggingface.co/sentence-transformers/paraphrase-multilingual-MiniLM-L12-v2/resolve/main/config_sentence_transformers.json "HTTP/1.1 307 Temporary Redirect"
2026-03-15 17:52:19,927 - INFO - HTTP Request: HEAD https://huggingface.co/api/resolve-cache/models/sentence-transformers/paraphrase-multilingual-MiniLM-L12-v2/e8f8c211226b894fcb81acc59f3b34ba3efd5f42/config_sentence_transformers.json "HTTP/1.1 200 OK"
2026-03-15 17:52:20,087 - INFO - HTTP Request: HEAD https://huggingface.co/sentence-transformers/paraphrase-multilingual-MiniLM-L12-v2/resolve/main/README.md "HTTP/1.1 307 Temporary Redirect"
2026-03-15 17:52:20,128 - INFO - HTTP Request: HEAD https://huggingface.co/api/resolve-cache/models/sentence-transformers/paraphrase-multilingual-MiniLM-L12-v2/e8f8c211226b894fcb81acc59f3b34ba3efd5f42/README.md "HTTP/1.1 200 OK"
2026-03-15 17:52:20,284 - INFO - HTTP Request: HEAD https://huggingface.co/sentence-transformers/paraphrase-multilingual-MiniLM-L12-v2/resolve/main/modules.json "HTTP/1.1 307 Temporary Redirect"
2026-03-15 17:52:20,285 - WARNING - Warning: You are sending unauthenticated requests to the HF Hub. Please set a HF_TOKEN to enable higher rate limits and faster downloads.
2026-03-15 17:52:20,328 - INFO - HTTP Request: HEAD https://huggingface.co/api/resolve-cache/models/sentence-transformers/paraphrase-multilingual-MiniLM-L12-v2/e8f8c211226b894fcb81acc59f3b34ba3efd5f42/modules.json "HTTP/1.1 200 OK"
2026-03-15 17:52:20,483 - INFO - HTTP Request: HEAD https://huggingface.co/sentence-transformers/paraphrase-multilingual-MiniLM-L12-v2/resolve/main/sentence_bert_config.json "HTTP/1.1 307 Temporary Redirect"
2026-03-15 17:52:20,528 - INFO - HTTP Request: HEAD https://huggingface.co/api/resolve-cache/models/sentence-transformers/paraphrase-multilingual-MiniLM-L12-v2/e8f8c211226b894fcb81acc59f3b34ba3efd5f42/sentence_bert_config.json "HTTP/1.1 200 OK"
2026-03-15 17:52:20,696 - INFO - HTTP Request: HEAD https://huggingface.co/sentence-transformers/paraphrase-multilingual-MiniLM-L12-v2/resolve/main/adapter_config.json "HTTP/1.1 404 Not Found"
2026-03-15 17:52:20,897 - INFO - HTTP Request: HEAD https://huggingface.co/sentence-transformers/paraphrase-multilingual-MiniLM-L12-v2/resolve/main/config.json "HTTP/1.1 307 Temporary Redirect"
2026-03-15 17:52:20,941 - INFO - HTTP Request: HEAD https://huggingface.co/api/resolve-cache/models/sentence-transformers/paraphrase-multilingual-MiniLM-L12-v2/e8f8c211226b894fcb81acc59f3b34ba3efd5f42/config.json "HTTP/1.1 200 OK"
2026-03-15 17:52:21,395 - INFO - HTTP Request: HEAD https://huggingface.co/sentence-transformers/paraphrase-multilingual-MiniLM-L12-v2/resolve/main/model.safetensors "HTTP/1.1 302 Found"
2026-03-15 17:52:21,559 - INFO - HTTP Request: GET https://huggingface.co/api/models/sentence-transformers/paraphrase-multilingual-MiniLM-L12-v2/xet-read-token/e8f8c211226b894fcb81acc59f3b34ba3efd5f42 "HTTP/1.1 200 OK"
2026-03-15 17:53:24,983 - INFO - HTTP Request: HEAD https://huggingface.co/sentence-transformers/paraphrase-multilingual-MiniLM-L12-v2/resolve/main/config.json "HTTP/1.1 307 Temporary Redirect"
2026-03-15 17:53:25,022 - INFO - HTTP Request: HEAD https://huggingface.co/api/resolve-cache/models/sentence-transformers/paraphrase-multilingual-MiniLM-L12-v2/e8f8c211226b894fcb81acc59f3b34ba3efd5f42/config.json "HTTP/1.1 200 OK"
2026-03-15 17:53:25,189 - INFO - HTTP Request: HEAD https://huggingface.co/sentence-transformers/paraphrase-multilingual-MiniLM-L12-v2/resolve/main/tokenizer_config.json "HTTP/1.1 307 Temporary Redirect"
2026-03-15 17:53:25,232 - INFO - HTTP Request: HEAD https://huggingface.co/api/resolve-cache/models/sentence-transformers/paraphrase-multilingual-MiniLM-L12-v2/e8f8c211226b894fcb81acc59f3b34ba3efd5f42/tokenizer_config.json "HTTP/1.1 200 OK"
2026-03-15 17:53:25,307 - INFO - HTTP Request: GET https://huggingface.co/api/resolve-cache/models/sentence-transformers/paraphrase-multilingual-MiniLM-L12-v2/e8f8c211226b894fcb81acc59f3b34ba3efd5f42/tokenizer_config.json "HTTP/1.1 200 OK"
2026-03-15 17:53:25,469 - INFO - HTTP Request: HEAD https://huggingface.co/sentence-transformers/paraphrase-multilingual-MiniLM-L12-v2/resolve/main/tokenizer_config.json "HTTP/1.1 307 Temporary Redirect"
2026-03-15 17:53:25,514 - INFO - HTTP Request: HEAD https://huggingface.co/api/resolve-cache/models/sentence-transformers/paraphrase-multilingual-MiniLM-L12-v2/e8f8c211226b894fcb81acc59f3b34ba3efd5f42/tokenizer_config.json "HTTP/1.1 200 OK"
2026-03-15 17:53:25,678 - INFO - HTTP Request: GET https://huggingface.co/api/models/sentence-transformers/paraphrase-multilingual-MiniLM-L12-v2/tree/main/additional_chat_templates?recursive=false&expand=false "HTTP/1.1 404 Not Found"
2026-03-15 17:53:25,862 - INFO - HTTP Request: GET https://huggingface.co/api/models/sentence-transformers/paraphrase-multilingual-MiniLM-L12-v2/tree/main?recursive=true&expand=false "HTTP/1.1 200 OK"
2026-03-15 17:53:26,021 - INFO - HTTP Request: HEAD https://huggingface.co/sentence-transformers/paraphrase-multilingual-MiniLM-L12-v2/resolve/main/tokenizer.json "HTTP/1.1 302 Found"
2026-03-15 17:53:27,596 - INFO - HTTP Request: HEAD https://huggingface.co/sentence-transformers/paraphrase-multilingual-MiniLM-L12-v2/resolve/main/tokenizer.model "HTTP/1.1 404 Not Found"
2026-03-15 17:53:27,756 - INFO - HTTP Request: HEAD https://huggingface.co/sentence-transformers/paraphrase-multilingual-MiniLM-L12-v2/resolve/main/added_tokens.json "HTTP/1.1 404 Not Found"
2026-03-15 17:53:27,925 - INFO - HTTP Request: HEAD https://huggingface.co/sentence-transformers/paraphrase-multilingual-MiniLM-L12-v2/resolve/main/special_tokens_map.json "HTTP/1.1 307 Temporary Redirect"
2026-03-15 17:53:27,973 - INFO - HTTP Request: HEAD https://huggingface.co/api/resolve-cache/models/sentence-transformers/paraphrase-multilingual-MiniLM-L12-v2/e8f8c211226b894fcb81acc59f3b34ba3efd5f42/special_tokens_map.json "HTTP/1.1 200 OK"
2026-03-15 17:53:28,057 - INFO - HTTP Request: GET https://huggingface.co/api/resolve-cache/models/sentence-transformers/paraphrase-multilingual-MiniLM-L12-v2/e8f8c211226b894fcb81acc59f3b34ba3efd5f42/special_tokens_map.json "HTTP/1.1 200 OK"
2026-03-15 17:53:28,222 - INFO - HTTP Request: HEAD https://huggingface.co/sentence-transformers/paraphrase-multilingual-MiniLM-L12-v2/resolve/main/chat_template.jinja "HTTP/1.1 404 Not Found"
2026-03-15 17:53:30,431 - INFO - HTTP Request: GET https://huggingface.co/api/models/sentence-transformers/paraphrase-multilingual-MiniLM-L12-v2 "HTTP/1.1 200 OK"
2026-03-15 17:53:30,941 - INFO - HTTP Request: HEAD https://huggingface.co/sentence-transformers/paraphrase-multilingual-MiniLM-L12-v2/resolve/main/1_Pooling/config.json "HTTP/1.1 307 Temporary Redirect"
2026-03-15 17:53:30,998 - INFO - HTTP Request: HEAD https://huggingface.co/api/resolve-cache/models/sentence-transformers/paraphrase-multilingual-MiniLM-L12-v2/e8f8c211226b894fcb81acc59f3b34ba3efd5f42/1_Pooling%2Fconfig.json "HTTP/1.1 200 OK"
2026-03-15 17:53:31,056 - INFO - HTTP Request: GET https://huggingface.co/api/resolve-cache/models/sentence-transformers/paraphrase-multilingual-MiniLM-L12-v2/e8f8c211226b894fcb81acc59f3b34ba3efd5f42/1_Pooling%2Fconfig.json "HTTP/1.1 200 OK"
2026-03-15 17:53:31,227 - INFO - HTTP Request: GET https://huggingface.co/api/models/sentence-transformers/paraphrase-multilingual-MiniLM-L12-v2 "HTTP/1.1 200 OK"
2026-03-15 17:53:31,242 - ERROR - Batch 1 failed: 'chunk_id'
2026-03-15 17:53:31,243 - INFO - Embedding complete. 0 stored, 90 failed. Duration: 0.0s
2026-03-29 21:08:36,385 - INFO - Load pretrained SentenceTransformer: paraphrase-multilingual-MiniLM-L12-v2
2026-03-29 21:08:36,748 - INFO - HTTP Request: HEAD https://huggingface.co/sentence-transformers/paraphrase-multilingual-MiniLM-L12-v2/resolve/main/modules.json "HTTP/1.1 307 Temporary Redirect"
2026-03-29 21:08:36,772 - INFO - HTTP Request: HEAD https://huggingface.co/api/resolve-cache/models/sentence-transformers/paraphrase-multilingual-MiniLM-L12-v2/e8f8c211226b894fcb81acc59f3b34ba3efd5f42/modules.json "HTTP/1.1 200 OK"
2026-03-29 21:08:36,805 - INFO - HTTP Request: GET https://huggingface.co/api/resolve-cache/models/sentence-transformers/paraphrase-multilingual-MiniLM-L12-v2/e8f8c211226b894fcb81acc59f3b34ba3efd5f42/modules.json "HTTP/1.1 200 OK"
2026-03-29 21:08:36,935 - INFO - HTTP Request: HEAD https://huggingface.co/sentence-transformers/paraphrase-multilingual-MiniLM-L12-v2/resolve/main/config_sentence_transformers.json "HTTP/1.1 307 Temporary Redirect"
2026-03-29 21:08:36,960 - INFO - HTTP Request: HEAD https://huggingface.co/api/resolve-cache/models/sentence-transformers/paraphrase-multilingual-MiniLM-L12-v2/e8f8c211226b894fcb81acc59f3b34ba3efd5f42/config_sentence_transformers.json "HTTP/1.1 200 OK"
2026-03-29 21:08:36,986 - INFO - HTTP Request: GET https://huggingface.co/api/resolve-cache/models/sentence-transformers/paraphrase-multilingual-MiniLM-L12-v2/e8f8c211226b894fcb81acc59f3b34ba3efd5f42/config_sentence_transformers.json "HTTP/1.1 200 OK"
2026-03-29 21:08:37,114 - INFO - HTTP Request: HEAD https://huggingface.co/sentence-transformers/paraphrase-multilingual-MiniLM-L12-v2/resolve/main/config_sentence_transformers.json "HTTP/1.1 307 Temporary Redirect"
2026-03-29 21:08:37,139 - INFO - HTTP Request: HEAD https://huggingface.co/api/resolve-cache/models/sentence-transformers/paraphrase-multilingual-MiniLM-L12-v2/e8f8c211226b894fcb81acc59f3b34ba3efd5f42/config_sentence_transformers.json "HTTP/1.1 200 OK"
2026-03-29 21:08:37,268 - INFO - HTTP Request: HEAD https://huggingface.co/sentence-transformers/paraphrase-multilingual-MiniLM-L12-v2/resolve/main/README.md "HTTP/1.1 307 Temporary Redirect"
2026-03-29 21:08:37,296 - INFO - HTTP Request: HEAD https://huggingface.co/api/resolve-cache/models/sentence-transformers/paraphrase-multilingual-MiniLM-L12-v2/e8f8c211226b894fcb81acc59f3b34ba3efd5f42/README.md "HTTP/1.1 200 OK"
2026-03-29 21:08:37,321 - INFO - HTTP Request: GET https://huggingface.co/api/resolve-cache/models/sentence-transformers/paraphrase-multilingual-MiniLM-L12-v2/e8f8c211226b894fcb81acc59f3b34ba3efd5f42/README.md "HTTP/1.1 200 OK"
2026-03-29 21:08:37,449 - INFO - HTTP Request: HEAD https://huggingface.co/sentence-transformers/paraphrase-multilingual-MiniLM-L12-v2/resolve/main/modules.json "HTTP/1.1 307 Temporary Redirect"
2026-03-29 21:08:37,474 - INFO - HTTP Request: HEAD https://huggingface.co/api/resolve-cache/models/sentence-transformers/paraphrase-multilingual-MiniLM-L12-v2/e8f8c211226b894fcb81acc59f3b34ba3efd5f42/modules.json "HTTP/1.1 200 OK"
2026-03-29 21:08:37,603 - INFO - HTTP Request: HEAD https://huggingface.co/sentence-transformers/paraphrase-multilingual-MiniLM-L12-v2/resolve/main/sentence_bert_config.json "HTTP/1.1 307 Temporary Redirect"
2026-03-29 21:08:37,604 - WARNING - Warning: You are sending unauthenticated requests to the HF Hub. Please set a HF_TOKEN to enable higher rate limits and faster downloads.
2026-03-29 21:08:37,634 - INFO - HTTP Request: HEAD https://huggingface.co/api/resolve-cache/models/sentence-transformers/paraphrase-multilingual-MiniLM-L12-v2/e8f8c211226b894fcb81acc59f3b34ba3efd5f42/sentence_bert_config.json "HTTP/1.1 200 OK"
2026-03-29 21:08:37,659 - INFO - HTTP Request: GET https://huggingface.co/api/resolve-cache/models/sentence-transformers/paraphrase-multilingual-MiniLM-L12-v2/e8f8c211226b894fcb81acc59f3b34ba3efd5f42/sentence_bert_config.json "HTTP/1.1 200 OK"
2026-03-29 21:08:37,790 - INFO - HTTP Request: HEAD https://huggingface.co/sentence-transformers/paraphrase-multilingual-MiniLM-L12-v2/resolve/main/adapter_config.json "HTTP/1.1 404 Not Found"
2026-03-29 21:08:37,920 - INFO - HTTP Request: HEAD https://huggingface.co/sentence-transformers/paraphrase-multilingual-MiniLM-L12-v2/resolve/main/config.json "HTTP/1.1 307 Temporary Redirect"
2026-03-29 21:08:37,945 - INFO - HTTP Request: HEAD https://huggingface.co/api/resolve-cache/models/sentence-transformers/paraphrase-multilingual-MiniLM-L12-v2/e8f8c211226b894fcb81acc59f3b34ba3efd5f42/config.json "HTTP/1.1 200 OK"
2026-03-29 21:08:37,971 - INFO - HTTP Request: GET https://huggingface.co/api/resolve-cache/models/sentence-transformers/paraphrase-multilingual-MiniLM-L12-v2/e8f8c211226b894fcb81acc59f3b34ba3efd5f42/config.json "HTTP/1.1 200 OK"
2026-03-29 21:08:38,183 - INFO - HTTP Request: HEAD https://huggingface.co/sentence-transformers/paraphrase-multilingual-MiniLM-L12-v2/resolve/main/model.safetensors "HTTP/1.1 302 Found"
2026-03-29 21:08:38,386 - INFO - HTTP Request: GET https://huggingface.co/api/models/sentence-transformers/paraphrase-multilingual-MiniLM-L12-v2/xet-read-token/e8f8c211226b894fcb81acc59f3b34ba3efd5f42 "HTTP/1.1 200 OK"
2026-03-29 21:09:43,307 - INFO - HTTP Request: HEAD https://huggingface.co/sentence-transformers/paraphrase-multilingual-MiniLM-L12-v2/resolve/main/config.json "HTTP/1.1 307 Temporary Redirect"
2026-03-29 21:09:43,333 - INFO - HTTP Request: HEAD https://huggingface.co/api/resolve-cache/models/sentence-transformers/paraphrase-multilingual-MiniLM-L12-v2/e8f8c211226b894fcb81acc59f3b34ba3efd5f42/config.json "HTTP/1.1 200 OK"
2026-03-29 21:09:43,464 - INFO - HTTP Request: HEAD https://huggingface.co/sentence-transformers/paraphrase-multilingual-MiniLM-L12-v2/resolve/main/tokenizer_config.json "HTTP/1.1 307 Temporary Redirect"
2026-03-29 21:09:43,488 - INFO - HTTP Request: HEAD https://huggingface.co/api/resolve-cache/models/sentence-transformers/paraphrase-multilingual-MiniLM-L12-v2/e8f8c211226b894fcb81acc59f3b34ba3efd5f42/tokenizer_config.json "HTTP/1.1 200 OK"
2026-03-29 21:09:43,514 - INFO - HTTP Request: GET https://huggingface.co/api/resolve-cache/models/sentence-transformers/paraphrase-multilingual-MiniLM-L12-v2/e8f8c211226b894fcb81acc59f3b34ba3efd5f42/tokenizer_config.json "HTTP/1.1 200 OK"
2026-03-29 21:09:43,640 - INFO - HTTP Request: HEAD https://huggingface.co/sentence-transformers/paraphrase-multilingual-MiniLM-L12-v2/resolve/main/tokenizer_config.json "HTTP/1.1 307 Temporary Redirect"
2026-03-29 21:09:43,669 - INFO - HTTP Request: HEAD https://huggingface.co/api/resolve-cache/models/sentence-transformers/paraphrase-multilingual-MiniLM-L12-v2/e8f8c211226b894fcb81acc59f3b34ba3efd5f42/tokenizer_config.json "HTTP/1.1 200 OK"
2026-03-29 21:09:43,801 - INFO - HTTP Request: GET https://huggingface.co/api/models/sentence-transformers/paraphrase-multilingual-MiniLM-L12-v2/tree/main/additional_chat_templates?recursive=false&expand=false "HTTP/1.1 404 Not Found"
2026-03-29 21:09:43,963 - INFO - HTTP Request: GET https://huggingface.co/api/models/sentence-transformers/paraphrase-multilingual-MiniLM-L12-v2/tree/main?recursive=true&expand=false "HTTP/1.1 200 OK"
2026-03-29 21:09:44,092 - INFO - HTTP Request: HEAD https://huggingface.co/sentence-transformers/paraphrase-multilingual-MiniLM-L12-v2/resolve/main/tokenizer.json "HTTP/1.1 302 Found"
2026-03-29 21:09:45,846 - INFO - HTTP Request: HEAD https://huggingface.co/sentence-transformers/paraphrase-multilingual-MiniLM-L12-v2/resolve/main/tokenizer.model "HTTP/1.1 404 Not Found"
2026-03-29 21:09:45,984 - INFO - HTTP Request: HEAD https://huggingface.co/sentence-transformers/paraphrase-multilingual-MiniLM-L12-v2/resolve/main/added_tokens.json "HTTP/1.1 404 Not Found"
2026-03-29 21:09:46,177 - INFO - HTTP Request: HEAD https://huggingface.co/sentence-transformers/paraphrase-multilingual-MiniLM-L12-v2/resolve/main/special_tokens_map.json "HTTP/1.1 307 Temporary Redirect"
2026-03-29 21:09:46,202 - INFO - HTTP Request: HEAD https://huggingface.co/api/resolve-cache/models/sentence-transformers/paraphrase-multilingual-MiniLM-L12-v2/e8f8c211226b894fcb81acc59f3b34ba3efd5f42/special_tokens_map.json "HTTP/1.1 200 OK"
2026-03-29 21:09:46,230 - INFO - HTTP Request: GET https://huggingface.co/api/resolve-cache/models/sentence-transformers/paraphrase-multilingual-MiniLM-L12-v2/e8f8c211226b894fcb81acc59f3b34ba3efd5f42/special_tokens_map.json "HTTP/1.1 200 OK"
2026-03-29 21:09:46,357 - INFO - HTTP Request: HEAD https://huggingface.co/sentence-transformers/paraphrase-multilingual-MiniLM-L12-v2/resolve/main/chat_template.jinja "HTTP/1.1 404 Not Found"
2026-03-29 21:09:50,284 - INFO - HTTP Request: GET https://huggingface.co/api/models/sentence-transformers/paraphrase-multilingual-MiniLM-L12-v2 "HTTP/1.1 200 OK"
2026-03-29 21:09:50,888 - INFO - HTTP Request: HEAD https://huggingface.co/sentence-transformers/paraphrase-multilingual-MiniLM-L12-v2/resolve/main/1_Pooling/config.json "HTTP/1.1 307 Temporary Redirect"
2026-03-29 21:09:50,915 - INFO - HTTP Request: HEAD https://huggingface.co/api/resolve-cache/models/sentence-transformers/paraphrase-multilingual-MiniLM-L12-v2/e8f8c211226b894fcb81acc59f3b34ba3efd5f42/1_Pooling%2Fconfig.json "HTTP/1.1 200 OK"
2026-03-29 21:09:50,944 - INFO - HTTP Request: GET https://huggingface.co/api/resolve-cache/models/sentence-transformers/paraphrase-multilingual-MiniLM-L12-v2/e8f8c211226b894fcb81acc59f3b34ba3efd5f42/1_Pooling%2Fconfig.json "HTTP/1.1 200 OK"
2026-03-29 21:09:51,082 - INFO - HTTP Request: GET https://huggingface.co/api/models/sentence-transformers/paraphrase-multilingual-MiniLM-L12-v2 "HTTP/1.1 200 OK"
2026-03-29 21:09:51,120 - ERROR - Batch 1 failed: 'chunk_id'
2026-03-29 21:09:51,124 - INFO - Embedding complete. 0 stored, 90 failed. Duration: 0.0s
2026-03-29 21:11:45,154 - INFO - Load pretrained SentenceTransformer: paraphrase-multilingual-MiniLM-L12-v2
2026-03-29 21:11:46,462 - INFO - HTTP Request: HEAD https://huggingface.co/sentence-transformers/paraphrase-multilingual-MiniLM-L12-v2/resolve/main/modules.json "HTTP/1.1 307 Temporary Redirect"
2026-03-29 21:11:46,519 - INFO - HTTP Request: HEAD https://huggingface.co/api/resolve-cache/models/sentence-transformers/paraphrase-multilingual-MiniLM-L12-v2/e8f8c211226b894fcb81acc59f3b34ba3efd5f42/modules.json "HTTP/1.1 200 OK"
2026-03-29 21:11:46,671 - INFO - HTTP Request: HEAD https://huggingface.co/sentence-transformers/paraphrase-multilingual-MiniLM-L12-v2/resolve/main/config_sentence_transformers.json "HTTP/1.1 307 Temporary Redirect"
2026-03-29 21:11:46,698 - INFO - HTTP Request: HEAD https://huggingface.co/api/resolve-cache/models/sentence-transformers/paraphrase-multilingual-MiniLM-L12-v2/e8f8c211226b894fcb81acc59f3b34ba3efd5f42/config_sentence_transformers.json "HTTP/1.1 200 OK"
2026-03-29 21:11:46,826 - INFO - HTTP Request: HEAD https://huggingface.co/sentence-transformers/paraphrase-multilingual-MiniLM-L12-v2/resolve/main/config_sentence_transformers.json "HTTP/1.1 307 Temporary Redirect"
2026-03-29 21:11:46,853 - INFO - HTTP Request: HEAD https://huggingface.co/api/resolve-cache/models/sentence-transformers/paraphrase-multilingual-MiniLM-L12-v2/e8f8c211226b894fcb81acc59f3b34ba3efd5f42/config_sentence_transformers.json "HTTP/1.1 200 OK"
2026-03-29 21:11:46,988 - INFO - HTTP Request: HEAD https://huggingface.co/sentence-transformers/paraphrase-multilingual-MiniLM-L12-v2/resolve/main/README.md "HTTP/1.1 307 Temporary Redirect"
2026-03-29 21:11:46,989 - WARNING - Warning: You are sending unauthenticated requests to the HF Hub. Please set a HF_TOKEN to enable higher rate limits and faster downloads.
2026-03-29 21:11:47,016 - INFO - HTTP Request: HEAD https://huggingface.co/api/resolve-cache/models/sentence-transformers/paraphrase-multilingual-MiniLM-L12-v2/e8f8c211226b894fcb81acc59f3b34ba3efd5f42/README.md "HTTP/1.1 200 OK"
2026-03-29 21:11:47,152 - INFO - HTTP Request: HEAD https://huggingface.co/sentence-transformers/paraphrase-multilingual-MiniLM-L12-v2/resolve/main/modules.json "HTTP/1.1 307 Temporary Redirect"
2026-03-29 21:11:47,178 - INFO - HTTP Request: HEAD https://huggingface.co/api/resolve-cache/models/sentence-transformers/paraphrase-multilingual-MiniLM-L12-v2/e8f8c211226b894fcb81acc59f3b34ba3efd5f42/modules.json "HTTP/1.1 200 OK"
2026-03-29 21:11:47,314 - INFO - HTTP Request: HEAD https://huggingface.co/sentence-transformers/paraphrase-multilingual-MiniLM-L12-v2/resolve/main/sentence_bert_config.json "HTTP/1.1 307 Temporary Redirect"
2026-03-29 21:11:47,341 - INFO - HTTP Request: HEAD https://huggingface.co/api/resolve-cache/models/sentence-transformers/paraphrase-multilingual-MiniLM-L12-v2/e8f8c211226b894fcb81acc59f3b34ba3efd5f42/sentence_bert_config.json "HTTP/1.1 200 OK"
2026-03-29 21:11:47,479 - INFO - HTTP Request: HEAD https://huggingface.co/sentence-transformers/paraphrase-multilingual-MiniLM-L12-v2/resolve/main/adapter_config.json "HTTP/1.1 404 Not Found"
2026-03-29 21:11:47,627 - INFO - HTTP Request: HEAD https://huggingface.co/sentence-transformers/paraphrase-multilingual-MiniLM-L12-v2/resolve/main/config.json "HTTP/1.1 307 Temporary Redirect"
2026-03-29 21:11:47,652 - INFO - HTTP Request: HEAD https://huggingface.co/api/resolve-cache/models/sentence-transformers/paraphrase-multilingual-MiniLM-L12-v2/e8f8c211226b894fcb81acc59f3b34ba3efd5f42/config.json "HTTP/1.1 200 OK"
2026-03-29 21:11:48,191 - INFO - HTTP Request: HEAD https://huggingface.co/sentence-transformers/paraphrase-multilingual-MiniLM-L12-v2/resolve/main/config.json "HTTP/1.1 307 Temporary Redirect"
2026-03-29 21:11:48,217 - INFO - HTTP Request: HEAD https://huggingface.co/api/resolve-cache/models/sentence-transformers/paraphrase-multilingual-MiniLM-L12-v2/e8f8c211226b894fcb81acc59f3b34ba3efd5f42/config.json "HTTP/1.1 200 OK"
2026-03-29 21:11:48,348 - INFO - HTTP Request: HEAD https://huggingface.co/sentence-transformers/paraphrase-multilingual-MiniLM-L12-v2/resolve/main/tokenizer_config.json "HTTP/1.1 307 Temporary Redirect"
2026-03-29 21:11:48,374 - INFO - HTTP Request: HEAD https://huggingface.co/api/resolve-cache/models/sentence-transformers/paraphrase-multilingual-MiniLM-L12-v2/e8f8c211226b894fcb81acc59f3b34ba3efd5f42/tokenizer_config.json "HTTP/1.1 200 OK"
2026-03-29 21:11:48,528 - INFO - HTTP Request: HEAD https://huggingface.co/sentence-transformers/paraphrase-multilingual-MiniLM-L12-v2/resolve/main/tokenizer_config.json "HTTP/1.1 307 Temporary Redirect"
2026-03-29 21:11:48,555 - INFO - HTTP Request: HEAD https://huggingface.co/api/resolve-cache/models/sentence-transformers/paraphrase-multilingual-MiniLM-L12-v2/e8f8c211226b894fcb81acc59f3b34ba3efd5f42/tokenizer_config.json "HTTP/1.1 200 OK"
2026-03-29 21:11:48,683 - INFO - HTTP Request: GET https://huggingface.co/api/models/sentence-transformers/paraphrase-multilingual-MiniLM-L12-v2/tree/main/additional_chat_templates?recursive=false&expand=false "HTTP/1.1 404 Not Found"
2026-03-29 21:11:48,818 - INFO - HTTP Request: GET https://huggingface.co/api/models/sentence-transformers/paraphrase-multilingual-MiniLM-L12-v2/tree/main?recursive=true&expand=false "HTTP/1.1 200 OK"
2026-03-29 21:11:53,363 - INFO - HTTP Request: GET https://huggingface.co/api/models/sentence-transformers/paraphrase-multilingual-MiniLM-L12-v2 "HTTP/1.1 200 OK"
2026-03-29 21:11:54,037 - INFO - HTTP Request: HEAD https://huggingface.co/sentence-transformers/paraphrase-multilingual-MiniLM-L12-v2/resolve/main/1_Pooling/config.json "HTTP/1.1 307 Temporary Redirect"
2026-03-29 21:11:54,064 - INFO - HTTP Request: HEAD https://huggingface.co/api/resolve-cache/models/sentence-transformers/paraphrase-multilingual-MiniLM-L12-v2/e8f8c211226b894fcb81acc59f3b34ba3efd5f42/1_Pooling%2Fconfig.json "HTTP/1.1 200 OK"
2026-03-29 21:11:54,198 - INFO - HTTP Request: GET https://huggingface.co/api/models/sentence-transformers/paraphrase-multilingual-MiniLM-L12-v2 "HTTP/1.1 200 OK"
2026-03-29 21:11:54,223 - ERROR - Batch 1 failed: 'chunk_id'
2026-03-29 21:11:54,228 - INFO - Embedding complete. 0 stored, 90 failed. Duration: 0.0s
2026-03-29 21:23:44,751 - INFO - Load pretrained SentenceTransformer: paraphrase-multilingual-MiniLM-L12-v2
2026-03-29 21:23:45,010 - INFO - HTTP Request: HEAD https://huggingface.co/sentence-transformers/paraphrase-multilingual-MiniLM-L12-v2/resolve/main/modules.json "HTTP/1.1 307 Temporary Redirect"
2026-03-29 21:23:45,036 - INFO - HTTP Request: HEAD https://huggingface.co/api/resolve-cache/models/sentence-transformers/paraphrase-multilingual-MiniLM-L12-v2/e8f8c211226b894fcb81acc59f3b34ba3efd5f42/modules.json "HTTP/1.1 200 OK"
2026-03-29 21:23:45,064 - INFO - HTTP Request: GET https://huggingface.co/api/resolve-cache/models/sentence-transformers/paraphrase-multilingual-MiniLM-L12-v2/e8f8c211226b894fcb81acc59f3b34ba3efd5f42/modules.json "HTTP/1.1 200 OK"
2026-03-29 21:23:45,194 - INFO - HTTP Request: HEAD https://huggingface.co/sentence-transformers/paraphrase-multilingual-MiniLM-L12-v2/resolve/main/config_sentence_transformers.json "HTTP/1.1 307 Temporary Redirect"
2026-03-29 21:23:45,222 - INFO - HTTP Request: HEAD https://huggingface.co/api/resolve-cache/models/sentence-transformers/paraphrase-multilingual-MiniLM-L12-v2/e8f8c211226b894fcb81acc59f3b34ba3efd5f42/config_sentence_transformers.json "HTTP/1.1 200 OK"
2026-03-29 21:23:45,249 - INFO - HTTP Request: GET https://huggingface.co/api/resolve-cache/models/sentence-transformers/paraphrase-multilingual-MiniLM-L12-v2/e8f8c211226b894fcb81acc59f3b34ba3efd5f42/config_sentence_transformers.json "HTTP/1.1 200 OK"
2026-03-29 21:23:45,381 - INFO - HTTP Request: HEAD https://huggingface.co/sentence-transformers/paraphrase-multilingual-MiniLM-L12-v2/resolve/main/config_sentence_transformers.json "HTTP/1.1 307 Temporary Redirect"
2026-03-29 21:23:45,407 - INFO - HTTP Request: HEAD https://huggingface.co/api/resolve-cache/models/sentence-transformers/paraphrase-multilingual-MiniLM-L12-v2/e8f8c211226b894fcb81acc59f3b34ba3efd5f42/config_sentence_transformers.json "HTTP/1.1 200 OK"
2026-03-29 21:23:45,539 - INFO - HTTP Request: HEAD https://huggingface.co/sentence-transformers/paraphrase-multilingual-MiniLM-L12-v2/resolve/main/README.md "HTTP/1.1 307 Temporary Redirect"
2026-03-29 21:23:45,541 - WARNING - Warning: You are sending unauthenticated requests to the HF Hub. Please set a HF_TOKEN to enable higher rate limits and faster downloads.
2026-03-29 21:23:45,565 - INFO - HTTP Request: HEAD https://huggingface.co/api/resolve-cache/models/sentence-transformers/paraphrase-multilingual-MiniLM-L12-v2/e8f8c211226b894fcb81acc59f3b34ba3efd5f42/README.md "HTTP/1.1 200 OK"
2026-03-29 21:23:45,597 - INFO - HTTP Request: GET https://huggingface.co/api/resolve-cache/models/sentence-transformers/paraphrase-multilingual-MiniLM-L12-v2/e8f8c211226b894fcb81acc59f3b34ba3efd5f42/README.md "HTTP/1.1 200 OK"
2026-03-29 21:23:45,726 - INFO - HTTP Request: HEAD https://huggingface.co/sentence-transformers/paraphrase-multilingual-MiniLM-L12-v2/resolve/main/modules.json "HTTP/1.1 307 Temporary Redirect"
2026-03-29 21:23:45,753 - INFO - HTTP Request: HEAD https://huggingface.co/api/resolve-cache/models/sentence-transformers/paraphrase-multilingual-MiniLM-L12-v2/e8f8c211226b894fcb81acc59f3b34ba3efd5f42/modules.json "HTTP/1.1 200 OK"
2026-03-29 21:23:45,888 - INFO - HTTP Request: HEAD https://huggingface.co/sentence-transformers/paraphrase-multilingual-MiniLM-L12-v2/resolve/main/sentence_bert_config.json "HTTP/1.1 307 Temporary Redirect"
2026-03-29 21:23:45,915 - INFO - HTTP Request: HEAD https://huggingface.co/api/resolve-cache/models/sentence-transformers/paraphrase-multilingual-MiniLM-L12-v2/e8f8c211226b894fcb81acc59f3b34ba3efd5f42/sentence_bert_config.json "HTTP/1.1 200 OK"
2026-03-29 21:23:45,942 - INFO - HTTP Request: GET https://huggingface.co/api/resolve-cache/models/sentence-transformers/paraphrase-multilingual-MiniLM-L12-v2/e8f8c211226b894fcb81acc59f3b34ba3efd5f42/sentence_bert_config.json "HTTP/1.1 200 OK"
2026-03-29 21:23:46,072 - INFO - HTTP Request: HEAD https://huggingface.co/sentence-transformers/paraphrase-multilingual-MiniLM-L12-v2/resolve/main/adapter_config.json "HTTP/1.1 404 Not Found"
2026-03-29 21:23:46,203 - INFO - HTTP Request: HEAD https://huggingface.co/sentence-transformers/paraphrase-multilingual-MiniLM-L12-v2/resolve/main/config.json "HTTP/1.1 307 Temporary Redirect"
2026-03-29 21:23:46,228 - INFO - HTTP Request: HEAD https://huggingface.co/api/resolve-cache/models/sentence-transformers/paraphrase-multilingual-MiniLM-L12-v2/e8f8c211226b894fcb81acc59f3b34ba3efd5f42/config.json "HTTP/1.1 200 OK"
2026-03-29 21:23:46,255 - INFO - HTTP Request: GET https://huggingface.co/api/resolve-cache/models/sentence-transformers/paraphrase-multilingual-MiniLM-L12-v2/e8f8c211226b894fcb81acc59f3b34ba3efd5f42/config.json "HTTP/1.1 200 OK"
2026-03-29 21:23:46,483 - INFO - HTTP Request: HEAD https://huggingface.co/sentence-transformers/paraphrase-multilingual-MiniLM-L12-v2/resolve/main/model.safetensors "HTTP/1.1 302 Found"
2026-03-29 21:23:46,695 - INFO - HTTP Request: GET https://huggingface.co/api/models/sentence-transformers/paraphrase-multilingual-MiniLM-L12-v2/xet-read-token/e8f8c211226b894fcb81acc59f3b34ba3efd5f42 "HTTP/1.1 200 OK"
2026-03-29 21:24:51,461 - INFO - HTTP Request: HEAD https://huggingface.co/sentence-transformers/paraphrase-multilingual-MiniLM-L12-v2/resolve/main/config.json "HTTP/1.1 307 Temporary Redirect"
2026-03-29 21:24:51,487 - INFO - HTTP Request: HEAD https://huggingface.co/api/resolve-cache/models/sentence-transformers/paraphrase-multilingual-MiniLM-L12-v2/e8f8c211226b894fcb81acc59f3b34ba3efd5f42/config.json "HTTP/1.1 200 OK"
2026-03-29 21:24:51,619 - INFO - HTTP Request: HEAD https://huggingface.co/sentence-transformers/paraphrase-multilingual-MiniLM-L12-v2/resolve/main/tokenizer_config.json "HTTP/1.1 307 Temporary Redirect"
2026-03-29 21:24:51,647 - INFO - HTTP Request: HEAD https://huggingface.co/api/resolve-cache/models/sentence-transformers/paraphrase-multilingual-MiniLM-L12-v2/e8f8c211226b894fcb81acc59f3b34ba3efd5f42/tokenizer_config.json "HTTP/1.1 200 OK"
2026-03-29 21:24:51,677 - INFO - HTTP Request: GET https://huggingface.co/api/resolve-cache/models/sentence-transformers/paraphrase-multilingual-MiniLM-L12-v2/e8f8c211226b894fcb81acc59f3b34ba3efd5f42/tokenizer_config.json "HTTP/1.1 200 OK"
2026-03-29 21:24:51,809 - INFO - HTTP Request: HEAD https://huggingface.co/sentence-transformers/paraphrase-multilingual-MiniLM-L12-v2/resolve/main/tokenizer_config.json "HTTP/1.1 307 Temporary Redirect"
2026-03-29 21:24:51,843 - INFO - HTTP Request: HEAD https://huggingface.co/api/resolve-cache/models/sentence-transformers/paraphrase-multilingual-MiniLM-L12-v2/e8f8c211226b894fcb81acc59f3b34ba3efd5f42/tokenizer_config.json "HTTP/1.1 200 OK"
2026-03-29 21:24:51,984 - INFO - HTTP Request: GET https://huggingface.co/api/models/sentence-transformers/paraphrase-multilingual-MiniLM-L12-v2/tree/main/additional_chat_templates?recursive=false&expand=false "HTTP/1.1 404 Not Found"
2026-03-29 21:24:52,127 - INFO - HTTP Request: GET https://huggingface.co/api/models/sentence-transformers/paraphrase-multilingual-MiniLM-L12-v2/tree/main?recursive=true&expand=false "HTTP/1.1 200 OK"
2026-03-29 21:24:52,256 - INFO - HTTP Request: HEAD https://huggingface.co/sentence-transformers/paraphrase-multilingual-MiniLM-L12-v2/resolve/main/tokenizer.json "HTTP/1.1 302 Found"
2026-03-29 21:24:53,612 - INFO - HTTP Request: HEAD https://huggingface.co/sentence-transformers/paraphrase-multilingual-MiniLM-L12-v2/resolve/main/tokenizer.model "HTTP/1.1 404 Not Found"
2026-03-29 21:24:53,751 - INFO - HTTP Request: HEAD https://huggingface.co/sentence-transformers/paraphrase-multilingual-MiniLM-L12-v2/resolve/main/added_tokens.json "HTTP/1.1 404 Not Found"
2026-03-29 21:24:53,974 - INFO - HTTP Request: HEAD https://huggingface.co/sentence-transformers/paraphrase-multilingual-MiniLM-L12-v2/resolve/main/special_tokens_map.json "HTTP/1.1 307 Temporary Redirect"
2026-03-29 21:24:54,002 - INFO - HTTP Request: HEAD https://huggingface.co/api/resolve-cache/models/sentence-transformers/paraphrase-multilingual-MiniLM-L12-v2/e8f8c211226b894fcb81acc59f3b34ba3efd5f42/special_tokens_map.json "HTTP/1.1 200 OK"
2026-03-29 21:24:54,029 - INFO - HTTP Request: GET https://huggingface.co/api/resolve-cache/models/sentence-transformers/paraphrase-multilingual-MiniLM-L12-v2/e8f8c211226b894fcb81acc59f3b34ba3efd5f42/special_tokens_map.json "HTTP/1.1 200 OK"
2026-03-29 21:24:54,160 - INFO - HTTP Request: HEAD https://huggingface.co/sentence-transformers/paraphrase-multilingual-MiniLM-L12-v2/resolve/main/chat_template.jinja "HTTP/1.1 404 Not Found"
2026-03-29 21:24:58,456 - INFO - HTTP Request: GET https://huggingface.co/api/models/sentence-transformers/paraphrase-multilingual-MiniLM-L12-v2 "HTTP/1.1 200 OK"
2026-03-29 21:24:59,091 - INFO - HTTP Request: HEAD https://huggingface.co/sentence-transformers/paraphrase-multilingual-MiniLM-L12-v2/resolve/main/1_Pooling/config.json "HTTP/1.1 307 Temporary Redirect"
2026-03-29 21:24:59,119 - INFO - HTTP Request: HEAD https://huggingface.co/api/resolve-cache/models/sentence-transformers/paraphrase-multilingual-MiniLM-L12-v2/e8f8c211226b894fcb81acc59f3b34ba3efd5f42/1_Pooling%2Fconfig.json "HTTP/1.1 200 OK"
2026-03-29 21:24:59,151 - INFO - HTTP Request: GET https://huggingface.co/api/resolve-cache/models/sentence-transformers/paraphrase-multilingual-MiniLM-L12-v2/e8f8c211226b894fcb81acc59f3b34ba3efd5f42/1_Pooling%2Fconfig.json "HTTP/1.1 200 OK"
2026-03-29 21:24:59,284 - INFO - HTTP Request: GET https://huggingface.co/api/models/sentence-transformers/paraphrase-multilingual-MiniLM-L12-v2 "HTTP/1.1 200 OK"
2026-03-29 21:24:59,314 - ERROR - Batch 1 failed: 'chunk_id'
2026-03-29 21:24:59,317 - INFO - Embedding complete. 0 stored, 90 failed. Duration: 0.0s
2026-03-29 21:27:03,566 - INFO - Load pretrained SentenceTransformer: paraphrase-multilingual-MiniLM-L12-v2
2026-03-29 21:27:03,774 - INFO - HTTP Request: HEAD https://huggingface.co/sentence-transformers/paraphrase-multilingual-MiniLM-L12-v2/resolve/main/modules.json "HTTP/1.1 307 Temporary Redirect"
2026-03-29 21:27:03,801 - INFO - HTTP Request: HEAD https://huggingface.co/api/resolve-cache/models/sentence-transformers/paraphrase-multilingual-MiniLM-L12-v2/e8f8c211226b894fcb81acc59f3b34ba3efd5f42/modules.json "HTTP/1.1 200 OK"
2026-03-29 21:27:03,829 - INFO - HTTP Request: GET https://huggingface.co/api/resolve-cache/models/sentence-transformers/paraphrase-multilingual-MiniLM-L12-v2/e8f8c211226b894fcb81acc59f3b34ba3efd5f42/modules.json "HTTP/1.1 200 OK"
2026-03-29 21:27:03,961 - INFO - HTTP Request: HEAD https://huggingface.co/sentence-transformers/paraphrase-multilingual-MiniLM-L12-v2/resolve/main/config_sentence_transformers.json "HTTP/1.1 307 Temporary Redirect"
2026-03-29 21:27:03,990 - INFO - HTTP Request: HEAD https://huggingface.co/api/resolve-cache/models/sentence-transformers/paraphrase-multilingual-MiniLM-L12-v2/e8f8c211226b894fcb81acc59f3b34ba3efd5f42/config_sentence_transformers.json "HTTP/1.1 200 OK"
2026-03-29 21:27:04,017 - INFO - HTTP Request: GET https://huggingface.co/api/resolve-cache/models/sentence-transformers/paraphrase-multilingual-MiniLM-L12-v2/e8f8c211226b894fcb81acc59f3b34ba3efd5f42/config_sentence_transformers.json "HTTP/1.1 200 OK"
2026-03-29 21:27:04,149 - INFO - HTTP Request: HEAD https://huggingface.co/sentence-transformers/paraphrase-multilingual-MiniLM-L12-v2/resolve/main/config_sentence_transformers.json "HTTP/1.1 307 Temporary Redirect"
2026-03-29 21:27:04,174 - INFO - HTTP Request: HEAD https://huggingface.co/api/resolve-cache/models/sentence-transformers/paraphrase-multilingual-MiniLM-L12-v2/e8f8c211226b894fcb81acc59f3b34ba3efd5f42/config_sentence_transformers.json "HTTP/1.1 200 OK"
2026-03-29 21:27:04,301 - INFO - HTTP Request: HEAD https://huggingface.co/sentence-transformers/paraphrase-multilingual-MiniLM-L12-v2/resolve/main/README.md "HTTP/1.1 307 Temporary Redirect"
2026-03-29 21:27:04,325 - INFO - HTTP Request: HEAD https://huggingface.co/api/resolve-cache/models/sentence-transformers/paraphrase-multilingual-MiniLM-L12-v2/e8f8c211226b894fcb81acc59f3b34ba3efd5f42/README.md "HTTP/1.1 200 OK"
2026-03-29 21:27:04,352 - INFO - HTTP Request: GET https://huggingface.co/api/resolve-cache/models/sentence-transformers/paraphrase-multilingual-MiniLM-L12-v2/e8f8c211226b894fcb81acc59f3b34ba3efd5f42/README.md "HTTP/1.1 200 OK"
2026-03-29 21:27:04,481 - INFO - HTTP Request: HEAD https://huggingface.co/sentence-transformers/paraphrase-multilingual-MiniLM-L12-v2/resolve/main/modules.json "HTTP/1.1 307 Temporary Redirect"
2026-03-29 21:27:04,507 - INFO - HTTP Request: HEAD https://huggingface.co/api/resolve-cache/models/sentence-transformers/paraphrase-multilingual-MiniLM-L12-v2/e8f8c211226b894fcb81acc59f3b34ba3efd5f42/modules.json "HTTP/1.1 200 OK"
2026-03-29 21:27:04,636 - INFO - HTTP Request: HEAD https://huggingface.co/sentence-transformers/paraphrase-multilingual-MiniLM-L12-v2/resolve/main/sentence_bert_config.json "HTTP/1.1 307 Temporary Redirect"
2026-03-29 21:27:04,638 - WARNING - Warning: You are sending unauthenticated requests to the HF Hub. Please set a HF_TOKEN to enable higher rate limits and faster downloads.
2026-03-29 21:27:04,665 - INFO - HTTP Request: HEAD https://huggingface.co/api/resolve-cache/models/sentence-transformers/paraphrase-multilingual-MiniLM-L12-v2/e8f8c211226b894fcb81acc59f3b34ba3efd5f42/sentence_bert_config.json "HTTP/1.1 200 OK"
2026-03-29 21:27:04,693 - INFO - HTTP Request: GET https://huggingface.co/api/resolve-cache/models/sentence-transformers/paraphrase-multilingual-MiniLM-L12-v2/e8f8c211226b894fcb81acc59f3b34ba3efd5f42/sentence_bert_config.json "HTTP/1.1 200 OK"
2026-03-29 21:27:04,822 - INFO - HTTP Request: HEAD https://huggingface.co/sentence-transformers/paraphrase-multilingual-MiniLM-L12-v2/resolve/main/adapter_config.json "HTTP/1.1 404 Not Found"
2026-03-29 21:27:05,045 - INFO - HTTP Request: HEAD https://huggingface.co/sentence-transformers/paraphrase-multilingual-MiniLM-L12-v2/resolve/main/config.json "HTTP/1.1 307 Temporary Redirect"
2026-03-29 21:27:05,070 - INFO - HTTP Request: HEAD https://huggingface.co/api/resolve-cache/models/sentence-transformers/paraphrase-multilingual-MiniLM-L12-v2/e8f8c211226b894fcb81acc59f3b34ba3efd5f42/config.json "HTTP/1.1 200 OK"
2026-03-29 21:27:05,098 - INFO - HTTP Request: GET https://huggingface.co/api/resolve-cache/models/sentence-transformers/paraphrase-multilingual-MiniLM-L12-v2/e8f8c211226b894fcb81acc59f3b34ba3efd5f42/config.json "HTTP/1.1 200 OK"
2026-03-29 21:27:05,314 - INFO - HTTP Request: HEAD https://huggingface.co/sentence-transformers/paraphrase-multilingual-MiniLM-L12-v2/resolve/main/model.safetensors "HTTP/1.1 302 Found"
2026-03-29 21:27:05,558 - INFO - HTTP Request: GET https://huggingface.co/api/models/sentence-transformers/paraphrase-multilingual-MiniLM-L12-v2/xet-read-token/e8f8c211226b894fcb81acc59f3b34ba3efd5f42 "HTTP/1.1 200 OK"
2026-03-29 21:28:09,270 - INFO - HTTP Request: HEAD https://huggingface.co/sentence-transformers/paraphrase-multilingual-MiniLM-L12-v2/resolve/main/config.json "HTTP/1.1 307 Temporary Redirect"
2026-03-29 21:28:09,297 - INFO - HTTP Request: HEAD https://huggingface.co/api/resolve-cache/models/sentence-transformers/paraphrase-multilingual-MiniLM-L12-v2/e8f8c211226b894fcb81acc59f3b34ba3efd5f42/config.json "HTTP/1.1 200 OK"
2026-03-29 21:28:09,435 - INFO - HTTP Request: HEAD https://huggingface.co/sentence-transformers/paraphrase-multilingual-MiniLM-L12-v2/resolve/main/tokenizer_config.json "HTTP/1.1 307 Temporary Redirect"
2026-03-29 21:28:09,461 - INFO - HTTP Request: HEAD https://huggingface.co/api/resolve-cache/models/sentence-transformers/paraphrase-multilingual-MiniLM-L12-v2/e8f8c211226b894fcb81acc59f3b34ba3efd5f42/tokenizer_config.json "HTTP/1.1 200 OK"
2026-03-29 21:28:09,489 - INFO - HTTP Request: GET https://huggingface.co/api/resolve-cache/models/sentence-transformers/paraphrase-multilingual-MiniLM-L12-v2/e8f8c211226b894fcb81acc59f3b34ba3efd5f42/tokenizer_config.json "HTTP/1.1 200 OK"
2026-03-29 21:28:09,618 - INFO - HTTP Request: HEAD https://huggingface.co/sentence-transformers/paraphrase-multilingual-MiniLM-L12-v2/resolve/main/tokenizer_config.json "HTTP/1.1 307 Temporary Redirect"
2026-03-29 21:28:09,643 - INFO - HTTP Request: HEAD https://huggingface.co/api/resolve-cache/models/sentence-transformers/paraphrase-multilingual-MiniLM-L12-v2/e8f8c211226b894fcb81acc59f3b34ba3efd5f42/tokenizer_config.json "HTTP/1.1 200 OK"
2026-03-29 21:28:09,775 - INFO - HTTP Request: GET https://huggingface.co/api/models/sentence-transformers/paraphrase-multilingual-MiniLM-L12-v2/tree/main/additional_chat_templates?recursive=false&expand=false "HTTP/1.1 404 Not Found"
2026-03-29 21:28:09,910 - INFO - HTTP Request: GET https://huggingface.co/api/models/sentence-transformers/paraphrase-multilingual-MiniLM-L12-v2/tree/main?recursive=true&expand=false "HTTP/1.1 200 OK"
2026-03-29 21:28:10,073 - INFO - HTTP Request: HEAD https://huggingface.co/sentence-transformers/paraphrase-multilingual-MiniLM-L12-v2/resolve/main/tokenizer.json "HTTP/1.1 302 Found"
2026-03-29 21:28:11,426 - INFO - HTTP Request: HEAD https://huggingface.co/sentence-transformers/paraphrase-multilingual-MiniLM-L12-v2/resolve/main/tokenizer.model "HTTP/1.1 404 Not Found"
2026-03-29 21:28:11,608 - INFO - HTTP Request: HEAD https://huggingface.co/sentence-transformers/paraphrase-multilingual-MiniLM-L12-v2/resolve/main/added_tokens.json "HTTP/1.1 404 Not Found"
2026-03-29 21:28:11,812 - INFO - HTTP Request: HEAD https://huggingface.co/sentence-transformers/paraphrase-multilingual-MiniLM-L12-v2/resolve/main/special_tokens_map.json "HTTP/1.1 307 Temporary Redirect"
2026-03-29 21:28:11,838 - INFO - HTTP Request: HEAD https://huggingface.co/api/resolve-cache/models/sentence-transformers/paraphrase-multilingual-MiniLM-L12-v2/e8f8c211226b894fcb81acc59f3b34ba3efd5f42/special_tokens_map.json "HTTP/1.1 200 OK"
2026-03-29 21:28:11,869 - INFO - HTTP Request: GET https://huggingface.co/api/resolve-cache/models/sentence-transformers/paraphrase-multilingual-MiniLM-L12-v2/e8f8c211226b894fcb81acc59f3b34ba3efd5f42/special_tokens_map.json "HTTP/1.1 200 OK"
2026-03-29 21:28:11,998 - INFO - HTTP Request: HEAD https://huggingface.co/sentence-transformers/paraphrase-multilingual-MiniLM-L12-v2/resolve/main/chat_template.jinja "HTTP/1.1 404 Not Found"
2026-03-29 21:28:15,396 - INFO - HTTP Request: GET https://huggingface.co/api/models/sentence-transformers/paraphrase-multilingual-MiniLM-L12-v2 "HTTP/1.1 200 OK"
2026-03-29 21:28:15,907 - INFO - HTTP Request: HEAD https://huggingface.co/sentence-transformers/paraphrase-multilingual-MiniLM-L12-v2/resolve/main/1_Pooling/config.json "HTTP/1.1 307 Temporary Redirect"
2026-03-29 21:28:15,932 - INFO - HTTP Request: HEAD https://huggingface.co/api/resolve-cache/models/sentence-transformers/paraphrase-multilingual-MiniLM-L12-v2/e8f8c211226b894fcb81acc59f3b34ba3efd5f42/1_Pooling%2Fconfig.json "HTTP/1.1 200 OK"
2026-03-29 21:28:15,960 - INFO - HTTP Request: GET https://huggingface.co/api/resolve-cache/models/sentence-transformers/paraphrase-multilingual-MiniLM-L12-v2/e8f8c211226b894fcb81acc59f3b34ba3efd5f42/1_Pooling%2Fconfig.json "HTTP/1.1 200 OK"
2026-03-29 21:28:16,093 - INFO - HTTP Request: GET https://huggingface.co/api/models/sentence-transformers/paraphrase-multilingual-MiniLM-L12-v2 "HTTP/1.1 200 OK"
2026-03-29 21:28:16,119 - ERROR - Batch 1 failed: 'chunk_id'
2026-03-29 21:28:16,122 - INFO - Embedding complete. 0 stored, 90 failed. Duration: 0.0s
2026-03-29 21:39:10,890 - INFO - Load pretrained SentenceTransformer: paraphrase-multilingual-MiniLM-L12-v2
2026-03-29 21:39:11,121 - INFO - HTTP Request: HEAD https://huggingface.co/sentence-transformers/paraphrase-multilingual-MiniLM-L12-v2/resolve/main/modules.json "HTTP/1.1 307 Temporary Redirect"
2026-03-29 21:39:11,146 - INFO - HTTP Request: HEAD https://huggingface.co/api/resolve-cache/models/sentence-transformers/paraphrase-multilingual-MiniLM-L12-v2/e8f8c211226b894fcb81acc59f3b34ba3efd5f42/modules.json "HTTP/1.1 200 OK"
2026-03-29 21:39:11,175 - INFO - HTTP Request: GET https://huggingface.co/api/resolve-cache/models/sentence-transformers/paraphrase-multilingual-MiniLM-L12-v2/e8f8c211226b894fcb81acc59f3b34ba3efd5f42/modules.json "HTTP/1.1 200 OK"
2026-03-29 21:39:11,302 - INFO - HTTP Request: HEAD https://huggingface.co/sentence-transformers/paraphrase-multilingual-MiniLM-L12-v2/resolve/main/config_sentence_transformers.json "HTTP/1.1 307 Temporary Redirect"
2026-03-29 21:39:11,303 - WARNING - Warning: You are sending unauthenticated requests to the HF Hub. Please set a HF_TOKEN to enable higher rate limits and faster downloads.
2026-03-29 21:39:11,328 - INFO - HTTP Request: HEAD https://huggingface.co/api/resolve-cache/models/sentence-transformers/paraphrase-multilingual-MiniLM-L12-v2/e8f8c211226b894fcb81acc59f3b34ba3efd5f42/config_sentence_transformers.json "HTTP/1.1 200 OK"
2026-03-29 21:39:11,355 - INFO - HTTP Request: GET https://huggingface.co/api/resolve-cache/models/sentence-transformers/paraphrase-multilingual-MiniLM-L12-v2/e8f8c211226b894fcb81acc59f3b34ba3efd5f42/config_sentence_transformers.json "HTTP/1.1 200 OK"
2026-03-29 21:39:11,479 - INFO - HTTP Request: HEAD https://huggingface.co/sentence-transformers/paraphrase-multilingual-MiniLM-L12-v2/resolve/main/config_sentence_transformers.json "HTTP/1.1 307 Temporary Redirect"
2026-03-29 21:39:11,502 - INFO - HTTP Request: HEAD https://huggingface.co/api/resolve-cache/models/sentence-transformers/paraphrase-multilingual-MiniLM-L12-v2/e8f8c211226b894fcb81acc59f3b34ba3efd5f42/config_sentence_transformers.json "HTTP/1.1 200 OK"
2026-03-29 21:39:11,627 - INFO - HTTP Request: HEAD https://huggingface.co/sentence-transformers/paraphrase-multilingual-MiniLM-L12-v2/resolve/main/README.md "HTTP/1.1 307 Temporary Redirect"
2026-03-29 21:39:11,650 - INFO - HTTP Request: HEAD https://huggingface.co/api/resolve-cache/models/sentence-transformers/paraphrase-multilingual-MiniLM-L12-v2/e8f8c211226b894fcb81acc59f3b34ba3efd5f42/README.md "HTTP/1.1 200 OK"
2026-03-29 21:39:11,674 - INFO - HTTP Request: GET https://huggingface.co/api/resolve-cache/models/sentence-transformers/paraphrase-multilingual-MiniLM-L12-v2/e8f8c211226b894fcb81acc59f3b34ba3efd5f42/README.md "HTTP/1.1 200 OK"
2026-03-29 21:39:11,803 - INFO - HTTP Request: HEAD https://huggingface.co/sentence-transformers/paraphrase-multilingual-MiniLM-L12-v2/resolve/main/modules.json "HTTP/1.1 307 Temporary Redirect"
2026-03-29 21:39:11,827 - INFO - HTTP Request: HEAD https://huggingface.co/api/resolve-cache/models/sentence-transformers/paraphrase-multilingual-MiniLM-L12-v2/e8f8c211226b894fcb81acc59f3b34ba3efd5f42/modules.json "HTTP/1.1 200 OK"
2026-03-29 21:39:11,955 - INFO - HTTP Request: HEAD https://huggingface.co/sentence-transformers/paraphrase-multilingual-MiniLM-L12-v2/resolve/main/sentence_bert_config.json "HTTP/1.1 307 Temporary Redirect"
2026-03-29 21:39:11,979 - INFO - HTTP Request: HEAD https://huggingface.co/api/resolve-cache/models/sentence-transformers/paraphrase-multilingual-MiniLM-L12-v2/e8f8c211226b894fcb81acc59f3b34ba3efd5f42/sentence_bert_config.json "HTTP/1.1 200 OK"
2026-03-29 21:39:12,003 - INFO - HTTP Request: GET https://huggingface.co/api/resolve-cache/models/sentence-transformers/paraphrase-multilingual-MiniLM-L12-v2/e8f8c211226b894fcb81acc59f3b34ba3efd5f42/sentence_bert_config.json "HTTP/1.1 200 OK"
2026-03-29 21:39:12,129 - INFO - HTTP Request: HEAD https://huggingface.co/sentence-transformers/paraphrase-multilingual-MiniLM-L12-v2/resolve/main/adapter_config.json "HTTP/1.1 404 Not Found"
2026-03-29 21:39:12,296 - INFO - HTTP Request: HEAD https://huggingface.co/sentence-transformers/paraphrase-multilingual-MiniLM-L12-v2/resolve/main/config.json "HTTP/1.1 307 Temporary Redirect"
2026-03-29 21:39:12,319 - INFO - HTTP Request: HEAD https://huggingface.co/api/resolve-cache/models/sentence-transformers/paraphrase-multilingual-MiniLM-L12-v2/e8f8c211226b894fcb81acc59f3b34ba3efd5f42/config.json "HTTP/1.1 200 OK"
2026-03-29 21:39:12,344 - INFO - HTTP Request: GET https://huggingface.co/api/resolve-cache/models/sentence-transformers/paraphrase-multilingual-MiniLM-L12-v2/e8f8c211226b894fcb81acc59f3b34ba3efd5f42/config.json "HTTP/1.1 200 OK"
2026-03-29 21:39:12,532 - INFO - HTTP Request: HEAD https://huggingface.co/sentence-transformers/paraphrase-multilingual-MiniLM-L12-v2/resolve/main/model.safetensors "HTTP/1.1 302 Found"
2026-03-29 21:39:12,704 - INFO - HTTP Request: GET https://huggingface.co/api/models/sentence-transformers/paraphrase-multilingual-MiniLM-L12-v2/xet-read-token/e8f8c211226b894fcb81acc59f3b34ba3efd5f42 "HTTP/1.1 200 OK"
2026-03-29 21:40:16,487 - INFO - HTTP Request: HEAD https://huggingface.co/sentence-transformers/paraphrase-multilingual-MiniLM-L12-v2/resolve/main/config.json "HTTP/1.1 307 Temporary Redirect"
2026-03-29 21:40:16,513 - INFO - HTTP Request: HEAD https://huggingface.co/api/resolve-cache/models/sentence-transformers/paraphrase-multilingual-MiniLM-L12-v2/e8f8c211226b894fcb81acc59f3b34ba3efd5f42/config.json "HTTP/1.1 200 OK"
2026-03-29 21:40:16,647 - INFO - HTTP Request: HEAD https://huggingface.co/sentence-transformers/paraphrase-multilingual-MiniLM-L12-v2/resolve/main/tokenizer_config.json "HTTP/1.1 307 Temporary Redirect"
2026-03-29 21:40:16,674 - INFO - HTTP Request: HEAD https://huggingface.co/api/resolve-cache/models/sentence-transformers/paraphrase-multilingual-MiniLM-L12-v2/e8f8c211226b894fcb81acc59f3b34ba3efd5f42/tokenizer_config.json "HTTP/1.1 200 OK"
2026-03-29 21:40:16,704 - INFO - HTTP Request: GET https://huggingface.co/api/resolve-cache/models/sentence-transformers/paraphrase-multilingual-MiniLM-L12-v2/e8f8c211226b894fcb81acc59f3b34ba3efd5f42/tokenizer_config.json "HTTP/1.1 200 OK"
2026-03-29 21:40:16,836 - INFO - HTTP Request: HEAD https://huggingface.co/sentence-transformers/paraphrase-multilingual-MiniLM-L12-v2/resolve/main/tokenizer_config.json "HTTP/1.1 307 Temporary Redirect"
2026-03-29 21:40:16,862 - INFO - HTTP Request: HEAD https://huggingface.co/api/resolve-cache/models/sentence-transformers/paraphrase-multilingual-MiniLM-L12-v2/e8f8c211226b894fcb81acc59f3b34ba3efd5f42/tokenizer_config.json "HTTP/1.1 200 OK"
2026-03-29 21:40:16,993 - INFO - HTTP Request: GET https://huggingface.co/api/models/sentence-transformers/paraphrase-multilingual-MiniLM-L12-v2/tree/main/additional_chat_templates?recursive=false&expand=false "HTTP/1.1 404 Not Found"
2026-03-29 21:40:17,136 - INFO - HTTP Request: GET https://huggingface.co/api/models/sentence-transformers/paraphrase-multilingual-MiniLM-L12-v2/tree/main?recursive=true&expand=false "HTTP/1.1 200 OK"
2026-03-29 21:40:17,320 - INFO - HTTP Request: HEAD https://huggingface.co/sentence-transformers/paraphrase-multilingual-MiniLM-L12-v2/resolve/main/tokenizer.json "HTTP/1.1 302 Found"
2026-03-29 21:40:19,163 - INFO - HTTP Request: HEAD https://huggingface.co/sentence-transformers/paraphrase-multilingual-MiniLM-L12-v2/resolve/main/tokenizer.model "HTTP/1.1 404 Not Found"
2026-03-29 21:40:19,368 - INFO - HTTP Request: HEAD https://huggingface.co/sentence-transformers/paraphrase-multilingual-MiniLM-L12-v2/resolve/main/added_tokens.json "HTTP/1.1 404 Not Found"
2026-03-29 21:40:19,573 - INFO - HTTP Request: HEAD https://huggingface.co/sentence-transformers/paraphrase-multilingual-MiniLM-L12-v2/resolve/main/special_tokens_map.json "HTTP/1.1 307 Temporary Redirect"
2026-03-29 21:40:19,602 - INFO - HTTP Request: HEAD https://huggingface.co/api/resolve-cache/models/sentence-transformers/paraphrase-multilingual-MiniLM-L12-v2/e8f8c211226b894fcb81acc59f3b34ba3efd5f42/special_tokens_map.json "HTTP/1.1 200 OK"
2026-03-29 21:40:19,630 - INFO - HTTP Request: GET https://huggingface.co/api/resolve-cache/models/sentence-transformers/paraphrase-multilingual-MiniLM-L12-v2/e8f8c211226b894fcb81acc59f3b34ba3efd5f42/special_tokens_map.json "HTTP/1.1 200 OK"
2026-03-29 21:40:19,773 - INFO - HTTP Request: HEAD https://huggingface.co/sentence-transformers/paraphrase-multilingual-MiniLM-L12-v2/resolve/main/chat_template.jinja "HTTP/1.1 404 Not Found"
2026-03-29 21:40:22,644 - INFO - HTTP Request: GET https://huggingface.co/api/models/sentence-transformers/paraphrase-multilingual-MiniLM-L12-v2 "HTTP/1.1 200 OK"
2026-03-29 21:40:23,149 - INFO - HTTP Request: HEAD https://huggingface.co/sentence-transformers/paraphrase-multilingual-MiniLM-L12-v2/resolve/main/1_Pooling/config.json "HTTP/1.1 307 Temporary Redirect"
2026-03-29 21:40:23,175 - INFO - HTTP Request: HEAD https://huggingface.co/api/resolve-cache/models/sentence-transformers/paraphrase-multilingual-MiniLM-L12-v2/e8f8c211226b894fcb81acc59f3b34ba3efd5f42/1_Pooling%2Fconfig.json "HTTP/1.1 200 OK"
2026-03-29 21:40:23,202 - INFO - HTTP Request: GET https://huggingface.co/api/resolve-cache/models/sentence-transformers/paraphrase-multilingual-MiniLM-L12-v2/e8f8c211226b894fcb81acc59f3b34ba3efd5f42/1_Pooling%2Fconfig.json "HTTP/1.1 200 OK"
2026-03-29 21:40:23,339 - INFO - HTTP Request: GET https://huggingface.co/api/models/sentence-transformers/paraphrase-multilingual-MiniLM-L12-v2 "HTTP/1.1 200 OK"
2026-03-29 21:40:23,364 - ERROR - Batch 1 failed: 'chunk_id'
2026-03-29 21:40:23,366 - INFO - Embedding complete. 0 stored, 90 failed. Duration: 0.0s
2026-03-31 19:10:16,135 - INFO - Load pretrained SentenceTransformer: paraphrase-multilingual-MiniLM-L12-v2
2026-03-31 19:10:16,366 - INFO - HTTP Request: HEAD https://huggingface.co/sentence-transformers/paraphrase-multilingual-MiniLM-L12-v2/resolve/main/modules.json "HTTP/1.1 307 Temporary Redirect"
2026-03-31 19:10:16,367 - WARNING - Warning: You are sending unauthenticated requests to the HF Hub. Please set a HF_TOKEN to enable higher rate limits and faster downloads.
2026-03-31 19:10:16,395 - INFO - HTTP Request: HEAD https://huggingface.co/api/resolve-cache/models/sentence-transformers/paraphrase-multilingual-MiniLM-L12-v2/e8f8c211226b894fcb81acc59f3b34ba3efd5f42/modules.json "HTTP/1.1 200 OK"
2026-03-31 19:10:16,428 - INFO - HTTP Request: GET https://huggingface.co/api/resolve-cache/models/sentence-transformers/paraphrase-multilingual-MiniLM-L12-v2/e8f8c211226b894fcb81acc59f3b34ba3efd5f42/modules.json "HTTP/1.1 200 OK"
2026-03-31 19:10:16,559 - INFO - HTTP Request: HEAD https://huggingface.co/sentence-transformers/paraphrase-multilingual-MiniLM-L12-v2/resolve/main/config_sentence_transformers.json "HTTP/1.1 307 Temporary Redirect"
2026-03-31 19:10:16,584 - INFO - HTTP Request: HEAD https://huggingface.co/api/resolve-cache/models/sentence-transformers/paraphrase-multilingual-MiniLM-L12-v2/e8f8c211226b894fcb81acc59f3b34ba3efd5f42/config_sentence_transformers.json "HTTP/1.1 200 OK"
2026-03-31 19:10:16,612 - INFO - HTTP Request: GET https://huggingface.co/api/resolve-cache/models/sentence-transformers/paraphrase-multilingual-MiniLM-L12-v2/e8f8c211226b894fcb81acc59f3b34ba3efd5f42/config_sentence_transformers.json "HTTP/1.1 200 OK"
2026-03-31 19:10:16,745 - INFO - HTTP Request: HEAD https://huggingface.co/sentence-transformers/paraphrase-multilingual-MiniLM-L12-v2/resolve/main/config_sentence_transformers.json "HTTP/1.1 307 Temporary Redirect"
2026-03-31 19:10:16,772 - INFO - HTTP Request: HEAD https://huggingface.co/api/resolve-cache/models/sentence-transformers/paraphrase-multilingual-MiniLM-L12-v2/e8f8c211226b894fcb81acc59f3b34ba3efd5f42/config_sentence_transformers.json "HTTP/1.1 200 OK"
2026-03-31 19:10:16,899 - INFO - HTTP Request: HEAD https://huggingface.co/sentence-transformers/paraphrase-multilingual-MiniLM-L12-v2/resolve/main/README.md "HTTP/1.1 307 Temporary Redirect"
2026-03-31 19:10:16,925 - INFO - HTTP Request: HEAD https://huggingface.co/api/resolve-cache/models/sentence-transformers/paraphrase-multilingual-MiniLM-L12-v2/e8f8c211226b894fcb81acc59f3b34ba3efd5f42/README.md "HTTP/1.1 200 OK"
2026-03-31 19:10:16,950 - INFO - HTTP Request: GET https://huggingface.co/api/resolve-cache/models/sentence-transformers/paraphrase-multilingual-MiniLM-L12-v2/e8f8c211226b894fcb81acc59f3b34ba3efd5f42/README.md "HTTP/1.1 200 OK"
2026-03-31 19:10:17,078 - INFO - HTTP Request: HEAD https://huggingface.co/sentence-transformers/paraphrase-multilingual-MiniLM-L12-v2/resolve/main/modules.json "HTTP/1.1 307 Temporary Redirect"
2026-03-31 19:10:17,104 - INFO - HTTP Request: HEAD https://huggingface.co/api/resolve-cache/models/sentence-transformers/paraphrase-multilingual-MiniLM-L12-v2/e8f8c211226b894fcb81acc59f3b34ba3efd5f42/modules.json "HTTP/1.1 200 OK"
2026-03-31 19:10:17,234 - INFO - HTTP Request: HEAD https://huggingface.co/sentence-transformers/paraphrase-multilingual-MiniLM-L12-v2/resolve/main/sentence_bert_config.json "HTTP/1.1 307 Temporary Redirect"
2026-03-31 19:10:17,261 - INFO - HTTP Request: HEAD https://huggingface.co/api/resolve-cache/models/sentence-transformers/paraphrase-multilingual-MiniLM-L12-v2/e8f8c211226b894fcb81acc59f3b34ba3efd5f42/sentence_bert_config.json "HTTP/1.1 200 OK"
2026-03-31 19:10:17,286 - INFO - HTTP Request: GET https://huggingface.co/api/resolve-cache/models/sentence-transformers/paraphrase-multilingual-MiniLM-L12-v2/e8f8c211226b894fcb81acc59f3b34ba3efd5f42/sentence_bert_config.json "HTTP/1.1 200 OK"
2026-03-31 19:10:17,445 - INFO - HTTP Request: HEAD https://huggingface.co/sentence-transformers/paraphrase-multilingual-MiniLM-L12-v2/resolve/main/adapter_config.json "HTTP/1.1 404 Not Found"
2026-03-31 19:10:17,627 - INFO - HTTP Request: HEAD https://huggingface.co/sentence-transformers/paraphrase-multilingual-MiniLM-L12-v2/resolve/main/config.json "HTTP/1.1 307 Temporary Redirect"
2026-03-31 19:10:17,654 - INFO - HTTP Request: HEAD https://huggingface.co/api/resolve-cache/models/sentence-transformers/paraphrase-multilingual-MiniLM-L12-v2/e8f8c211226b894fcb81acc59f3b34ba3efd5f42/config.json "HTTP/1.1 200 OK"
2026-03-31 19:10:17,685 - INFO - HTTP Request: GET https://huggingface.co/api/resolve-cache/models/sentence-transformers/paraphrase-multilingual-MiniLM-L12-v2/e8f8c211226b894fcb81acc59f3b34ba3efd5f42/config.json "HTTP/1.1 200 OK"
2026-03-31 19:10:17,870 - INFO - HTTP Request: HEAD https://huggingface.co/sentence-transformers/paraphrase-multilingual-MiniLM-L12-v2/resolve/main/model.safetensors "HTTP/1.1 302 Found"
2026-03-31 19:10:18,037 - INFO - HTTP Request: GET https://huggingface.co/api/models/sentence-transformers/paraphrase-multilingual-MiniLM-L12-v2/xet-read-token/e8f8c211226b894fcb81acc59f3b34ba3efd5f42 "HTTP/1.1 200 OK"
2026-03-31 19:11:22,679 - INFO - HTTP Request: HEAD https://huggingface.co/sentence-transformers/paraphrase-multilingual-MiniLM-L12-v2/resolve/main/config.json "HTTP/1.1 307 Temporary Redirect"
2026-03-31 19:11:22,704 - INFO - HTTP Request: HEAD https://huggingface.co/api/resolve-cache/models/sentence-transformers/paraphrase-multilingual-MiniLM-L12-v2/e8f8c211226b894fcb81acc59f3b34ba3efd5f42/config.json "HTTP/1.1 200 OK"
2026-03-31 19:11:22,834 - INFO - HTTP Request: HEAD https://huggingface.co/sentence-transformers/paraphrase-multilingual-MiniLM-L12-v2/resolve/main/tokenizer_config.json "HTTP/1.1 307 Temporary Redirect"
2026-03-31 19:11:22,860 - INFO - HTTP Request: HEAD https://huggingface.co/api/resolve-cache/models/sentence-transformers/paraphrase-multilingual-MiniLM-L12-v2/e8f8c211226b894fcb81acc59f3b34ba3efd5f42/tokenizer_config.json "HTTP/1.1 200 OK"
2026-03-31 19:11:22,886 - INFO - HTTP Request: GET https://huggingface.co/api/resolve-cache/models/sentence-transformers/paraphrase-multilingual-MiniLM-L12-v2/e8f8c211226b894fcb81acc59f3b34ba3efd5f42/tokenizer_config.json "HTTP/1.1 200 OK"
2026-03-31 19:11:23,030 - INFO - HTTP Request: HEAD https://huggingface.co/sentence-transformers/paraphrase-multilingual-MiniLM-L12-v2/resolve/main/tokenizer_config.json "HTTP/1.1 307 Temporary Redirect"
2026-03-31 19:11:23,055 - INFO - HTTP Request: HEAD https://huggingface.co/api/resolve-cache/models/sentence-transformers/paraphrase-multilingual-MiniLM-L12-v2/e8f8c211226b894fcb81acc59f3b34ba3efd5f42/tokenizer_config.json "HTTP/1.1 200 OK"
2026-03-31 19:11:23,191 - INFO - HTTP Request: GET https://huggingface.co/api/models/sentence-transformers/paraphrase-multilingual-MiniLM-L12-v2/tree/main/additional_chat_templates?recursive=false&expand=false "HTTP/1.1 404 Not Found"
2026-03-31 19:11:23,322 - INFO - HTTP Request: GET https://huggingface.co/api/models/sentence-transformers/paraphrase-multilingual-MiniLM-L12-v2/tree/main?recursive=true&expand=false "HTTP/1.1 200 OK"
2026-03-31 19:11:23,455 - INFO - HTTP Request: HEAD https://huggingface.co/sentence-transformers/paraphrase-multilingual-MiniLM-L12-v2/resolve/main/tokenizer.json "HTTP/1.1 302 Found"
2026-03-31 19:11:25,109 - INFO - HTTP Request: HEAD https://huggingface.co/sentence-transformers/paraphrase-multilingual-MiniLM-L12-v2/resolve/main/tokenizer.model "HTTP/1.1 404 Not Found"
2026-03-31 19:11:25,314 - INFO - HTTP Request: HEAD https://huggingface.co/sentence-transformers/paraphrase-multilingual-MiniLM-L12-v2/resolve/main/added_tokens.json "HTTP/1.1 404 Not Found"
2026-03-31 19:11:25,519 - INFO - HTTP Request: HEAD https://huggingface.co/sentence-transformers/paraphrase-multilingual-MiniLM-L12-v2/resolve/main/special_tokens_map.json "HTTP/1.1 307 Temporary Redirect"
2026-03-31 19:11:25,546 - INFO - HTTP Request: HEAD https://huggingface.co/api/resolve-cache/models/sentence-transformers/paraphrase-multilingual-MiniLM-L12-v2/e8f8c211226b894fcb81acc59f3b34ba3efd5f42/special_tokens_map.json "HTTP/1.1 200 OK"
2026-03-31 19:11:25,573 - INFO - HTTP Request: GET https://huggingface.co/api/resolve-cache/models/sentence-transformers/paraphrase-multilingual-MiniLM-L12-v2/e8f8c211226b894fcb81acc59f3b34ba3efd5f42/special_tokens_map.json "HTTP/1.1 200 OK"
2026-03-31 19:11:25,826 - INFO - HTTP Request: HEAD https://huggingface.co/sentence-transformers/paraphrase-multilingual-MiniLM-L12-v2/resolve/main/chat_template.jinja "HTTP/1.1 404 Not Found"
2026-03-31 19:11:28,854 - INFO - HTTP Request: GET https://huggingface.co/api/models/sentence-transformers/paraphrase-multilingual-MiniLM-L12-v2 "HTTP/1.1 200 OK"
2026-03-31 19:11:29,308 - INFO - HTTP Request: HEAD https://huggingface.co/sentence-transformers/paraphrase-multilingual-MiniLM-L12-v2/resolve/main/1_Pooling/config.json "HTTP/1.1 307 Temporary Redirect"
2026-03-31 19:11:29,335 - INFO - HTTP Request: HEAD https://huggingface.co/api/resolve-cache/models/sentence-transformers/paraphrase-multilingual-MiniLM-L12-v2/e8f8c211226b894fcb81acc59f3b34ba3efd5f42/1_Pooling%2Fconfig.json "HTTP/1.1 200 OK"
2026-03-31 19:11:29,363 - INFO - HTTP Request: GET https://huggingface.co/api/resolve-cache/models/sentence-transformers/paraphrase-multilingual-MiniLM-L12-v2/e8f8c211226b894fcb81acc59f3b34ba3efd5f42/1_Pooling%2Fconfig.json "HTTP/1.1 200 OK"
2026-03-31 19:11:29,493 - INFO - HTTP Request: GET https://huggingface.co/api/models/sentence-transformers/paraphrase-multilingual-MiniLM-L12-v2 "HTTP/1.1 200 OK"
2026-03-31 19:11:29,522 - INFO - Embedding complete. 0 stored, 0 failed. Duration: 0.0s
2026-03-31 19:11:50,833 - INFO - Load pretrained SentenceTransformer: paraphrase-multilingual-MiniLM-L12-v2
2026-03-31 19:11:51,038 - INFO - HTTP Request: HEAD https://huggingface.co/sentence-transformers/paraphrase-multilingual-MiniLM-L12-v2/resolve/main/modules.json "HTTP/1.1 307 Temporary Redirect"
2026-03-31 19:11:51,071 - INFO - HTTP Request: HEAD https://huggingface.co/api/resolve-cache/models/sentence-transformers/paraphrase-multilingual-MiniLM-L12-v2/e8f8c211226b894fcb81acc59f3b34ba3efd5f42/modules.json "HTTP/1.1 200 OK"
2026-03-31 19:11:51,104 - INFO - HTTP Request: GET https://huggingface.co/api/resolve-cache/models/sentence-transformers/paraphrase-multilingual-MiniLM-L12-v2/e8f8c211226b894fcb81acc59f3b34ba3efd5f42/modules.json "HTTP/1.1 200 OK"
2026-03-31 19:11:51,234 - INFO - HTTP Request: HEAD https://huggingface.co/sentence-transformers/paraphrase-multilingual-MiniLM-L12-v2/resolve/main/config_sentence_transformers.json "HTTP/1.1 307 Temporary Redirect"
2026-03-31 19:11:51,235 - WARNING - Warning: You are sending unauthenticated requests to the HF Hub. Please set a HF_TOKEN to enable higher rate limits and faster downloads.
2026-03-31 19:11:51,261 - INFO - HTTP Request: HEAD https://huggingface.co/api/resolve-cache/models/sentence-transformers/paraphrase-multilingual-MiniLM-L12-v2/e8f8c211226b894fcb81acc59f3b34ba3efd5f42/config_sentence_transformers.json "HTTP/1.1 200 OK"
2026-03-31 19:11:51,287 - INFO - HTTP Request: GET https://huggingface.co/api/resolve-cache/models/sentence-transformers/paraphrase-multilingual-MiniLM-L12-v2/e8f8c211226b894fcb81acc59f3b34ba3efd5f42/config_sentence_transformers.json "HTTP/1.1 200 OK"
2026-03-31 19:11:51,418 - INFO - HTTP Request: HEAD https://huggingface.co/sentence-transformers/paraphrase-multilingual-MiniLM-L12-v2/resolve/main/config_sentence_transformers.json "HTTP/1.1 307 Temporary Redirect"
2026-03-31 19:11:51,442 - INFO - HTTP Request: HEAD https://huggingface.co/api/resolve-cache/models/sentence-transformers/paraphrase-multilingual-MiniLM-L12-v2/e8f8c211226b894fcb81acc59f3b34ba3efd5f42/config_sentence_transformers.json "HTTP/1.1 200 OK"
2026-03-31 19:11:51,570 - INFO - HTTP Request: HEAD https://huggingface.co/sentence-transformers/paraphrase-multilingual-MiniLM-L12-v2/resolve/main/README.md "HTTP/1.1 307 Temporary Redirect"
2026-03-31 19:11:51,597 - INFO - HTTP Request: HEAD https://huggingface.co/api/resolve-cache/models/sentence-transformers/paraphrase-multilingual-MiniLM-L12-v2/e8f8c211226b894fcb81acc59f3b34ba3efd5f42/README.md "HTTP/1.1 200 OK"
2026-03-31 19:11:51,623 - INFO - HTTP Request: GET https://huggingface.co/api/resolve-cache/models/sentence-transformers/paraphrase-multilingual-MiniLM-L12-v2/e8f8c211226b894fcb81acc59f3b34ba3efd5f42/README.md "HTTP/1.1 200 OK"
2026-03-31 19:11:51,765 - INFO - HTTP Request: HEAD https://huggingface.co/sentence-transformers/paraphrase-multilingual-MiniLM-L12-v2/resolve/main/modules.json "HTTP/1.1 307 Temporary Redirect"
2026-03-31 19:11:51,789 - INFO - HTTP Request: HEAD https://huggingface.co/api/resolve-cache/models/sentence-transformers/paraphrase-multilingual-MiniLM-L12-v2/e8f8c211226b894fcb81acc59f3b34ba3efd5f42/modules.json "HTTP/1.1 200 OK"
2026-03-31 19:11:51,918 - INFO - HTTP Request: HEAD https://huggingface.co/sentence-transformers/paraphrase-multilingual-MiniLM-L12-v2/resolve/main/sentence_bert_config.json "HTTP/1.1 307 Temporary Redirect"
2026-03-31 19:11:51,945 - INFO - HTTP Request: HEAD https://huggingface.co/api/resolve-cache/models/sentence-transformers/paraphrase-multilingual-MiniLM-L12-v2/e8f8c211226b894fcb81acc59f3b34ba3efd5f42/sentence_bert_config.json "HTTP/1.1 200 OK"
2026-03-31 19:11:51,972 - INFO - HTTP Request: GET https://huggingface.co/api/resolve-cache/models/sentence-transformers/paraphrase-multilingual-MiniLM-L12-v2/e8f8c211226b894fcb81acc59f3b34ba3efd5f42/sentence_bert_config.json "HTTP/1.1 200 OK"
2026-03-31 19:11:52,103 - INFO - HTTP Request: HEAD https://huggingface.co/sentence-transformers/paraphrase-multilingual-MiniLM-L12-v2/resolve/main/adapter_config.json "HTTP/1.1 404 Not Found"
2026-03-31 19:11:52,245 - INFO - HTTP Request: HEAD https://huggingface.co/sentence-transformers/paraphrase-multilingual-MiniLM-L12-v2/resolve/main/config.json "HTTP/1.1 307 Temporary Redirect"
2026-03-31 19:11:52,274 - INFO - HTTP Request: HEAD https://huggingface.co/api/resolve-cache/models/sentence-transformers/paraphrase-multilingual-MiniLM-L12-v2/e8f8c211226b894fcb81acc59f3b34ba3efd5f42/config.json "HTTP/1.1 200 OK"
2026-03-31 19:11:52,302 - INFO - HTTP Request: GET https://huggingface.co/api/resolve-cache/models/sentence-transformers/paraphrase-multilingual-MiniLM-L12-v2/e8f8c211226b894fcb81acc59f3b34ba3efd5f42/config.json "HTTP/1.1 200 OK"
2026-03-31 19:11:52,484 - INFO - HTTP Request: HEAD https://huggingface.co/sentence-transformers/paraphrase-multilingual-MiniLM-L12-v2/resolve/main/model.safetensors "HTTP/1.1 302 Found"
2026-03-31 19:11:52,659 - INFO - HTTP Request: GET https://huggingface.co/api/models/sentence-transformers/paraphrase-multilingual-MiniLM-L12-v2/xet-read-token/e8f8c211226b894fcb81acc59f3b34ba3efd5f42 "HTTP/1.1 200 OK"
2026-03-31 19:12:56,098 - INFO - HTTP Request: HEAD https://huggingface.co/sentence-transformers/paraphrase-multilingual-MiniLM-L12-v2/resolve/main/config.json "HTTP/1.1 307 Temporary Redirect"
2026-03-31 19:12:56,144 - INFO - HTTP Request: HEAD https://huggingface.co/api/resolve-cache/models/sentence-transformers/paraphrase-multilingual-MiniLM-L12-v2/e8f8c211226b894fcb81acc59f3b34ba3efd5f42/config.json "HTTP/1.1 200 OK"
2026-03-31 19:12:56,292 - INFO - HTTP Request: HEAD https://huggingface.co/sentence-transformers/paraphrase-multilingual-MiniLM-L12-v2/resolve/main/tokenizer_config.json "HTTP/1.1 307 Temporary Redirect"
2026-03-31 19:12:56,334 - INFO - HTTP Request: HEAD https://huggingface.co/api/resolve-cache/models/sentence-transformers/paraphrase-multilingual-MiniLM-L12-v2/e8f8c211226b894fcb81acc59f3b34ba3efd5f42/tokenizer_config.json "HTTP/1.1 200 OK"
2026-03-31 19:12:56,378 - INFO - HTTP Request: GET https://huggingface.co/api/resolve-cache/models/sentence-transformers/paraphrase-multilingual-MiniLM-L12-v2/e8f8c211226b894fcb81acc59f3b34ba3efd5f42/tokenizer_config.json "HTTP/1.1 200 OK"
2026-03-31 19:12:56,530 - INFO - HTTP Request: HEAD https://huggingface.co/sentence-transformers/paraphrase-multilingual-MiniLM-L12-v2/resolve/main/tokenizer_config.json "HTTP/1.1 307 Temporary Redirect"
2026-03-31 19:12:56,573 - INFO - HTTP Request: HEAD https://huggingface.co/api/resolve-cache/models/sentence-transformers/paraphrase-multilingual-MiniLM-L12-v2/e8f8c211226b894fcb81acc59f3b34ba3efd5f42/tokenizer_config.json "HTTP/1.1 200 OK"
2026-03-31 19:12:56,727 - INFO - HTTP Request: GET https://huggingface.co/api/models/sentence-transformers/paraphrase-multilingual-MiniLM-L12-v2/tree/main/additional_chat_templates?recursive=false&expand=false "HTTP/1.1 404 Not Found"
2026-03-31 19:12:56,949 - INFO - HTTP Request: GET https://huggingface.co/api/models/sentence-transformers/paraphrase-multilingual-MiniLM-L12-v2/tree/main?recursive=true&expand=false "HTTP/1.1 200 OK"
2026-03-31 19:12:57,108 - INFO - HTTP Request: HEAD https://huggingface.co/sentence-transformers/paraphrase-multilingual-MiniLM-L12-v2/resolve/main/tokenizer.json "HTTP/1.1 302 Found"
2026-03-31 19:12:58,704 - INFO - HTTP Request: HEAD https://huggingface.co/sentence-transformers/paraphrase-multilingual-MiniLM-L12-v2/resolve/main/tokenizer.model "HTTP/1.1 404 Not Found"
2026-03-31 19:12:58,909 - INFO - HTTP Request: HEAD https://huggingface.co/sentence-transformers/paraphrase-multilingual-MiniLM-L12-v2/resolve/main/added_tokens.json "HTTP/1.1 404 Not Found"
2026-03-31 19:12:59,114 - INFO - HTTP Request: HEAD https://huggingface.co/sentence-transformers/paraphrase-multilingual-MiniLM-L12-v2/resolve/main/special_tokens_map.json "HTTP/1.1 307 Temporary Redirect"
2026-03-31 19:12:59,157 - INFO - HTTP Request: HEAD https://huggingface.co/api/resolve-cache/models/sentence-transformers/paraphrase-multilingual-MiniLM-L12-v2/e8f8c211226b894fcb81acc59f3b34ba3efd5f42/special_tokens_map.json "HTTP/1.1 200 OK"
2026-03-31 19:12:59,199 - INFO - HTTP Request: GET https://huggingface.co/api/resolve-cache/models/sentence-transformers/paraphrase-multilingual-MiniLM-L12-v2/e8f8c211226b894fcb81acc59f3b34ba3efd5f42/special_tokens_map.json "HTTP/1.1 200 OK"
2026-03-31 19:12:59,350 - INFO - HTTP Request: HEAD https://huggingface.co/sentence-transformers/paraphrase-multilingual-MiniLM-L12-v2/resolve/main/chat_template.jinja "HTTP/1.1 404 Not Found"
2026-03-31 19:13:02,192 - INFO - HTTP Request: GET https://huggingface.co/api/models/sentence-transformers/paraphrase-multilingual-MiniLM-L12-v2 "HTTP/1.1 200 OK"
2026-03-31 19:13:02,649 - INFO - HTTP Request: HEAD https://huggingface.co/sentence-transformers/paraphrase-multilingual-MiniLM-L12-v2/resolve/main/1_Pooling/config.json "HTTP/1.1 307 Temporary Redirect"
2026-03-31 19:13:02,689 - INFO - HTTP Request: HEAD https://huggingface.co/api/resolve-cache/models/sentence-transformers/paraphrase-multilingual-MiniLM-L12-v2/e8f8c211226b894fcb81acc59f3b34ba3efd5f42/1_Pooling%2Fconfig.json "HTTP/1.1 200 OK"
2026-03-31 19:13:02,730 - INFO - HTTP Request: GET https://huggingface.co/api/resolve-cache/models/sentence-transformers/paraphrase-multilingual-MiniLM-L12-v2/e8f8c211226b894fcb81acc59f3b34ba3efd5f42/1_Pooling%2Fconfig.json "HTTP/1.1 200 OK"
2026-03-31 19:13:02,884 - INFO - HTTP Request: GET https://huggingface.co/api/models/sentence-transformers/paraphrase-multilingual-MiniLM-L12-v2 "HTTP/1.1 200 OK"
2026-03-31 19:13:02,898 - INFO - Embedding complete. 0 stored, 0 failed. Duration: 0.0s
2026-03-31 19:16:47,193 - INFO - Load pretrained SentenceTransformer: paraphrase-multilingual-MiniLM-L12-v2
2026-03-31 19:16:47,466 - INFO - HTTP Request: HEAD https://huggingface.co/sentence-transformers/paraphrase-multilingual-MiniLM-L12-v2/resolve/main/modules.json "HTTP/1.1 307 Temporary Redirect"
2026-03-31 19:16:47,510 - INFO - HTTP Request: HEAD https://huggingface.co/api/resolve-cache/models/sentence-transformers/paraphrase-multilingual-MiniLM-L12-v2/e8f8c211226b894fcb81acc59f3b34ba3efd5f42/modules.json "HTTP/1.1 200 OK"
2026-03-31 19:16:47,559 - INFO - HTTP Request: GET https://huggingface.co/api/resolve-cache/models/sentence-transformers/paraphrase-multilingual-MiniLM-L12-v2/e8f8c211226b894fcb81acc59f3b34ba3efd5f42/modules.json "HTTP/1.1 200 OK"
2026-03-31 19:16:47,709 - INFO - HTTP Request: HEAD https://huggingface.co/sentence-transformers/paraphrase-multilingual-MiniLM-L12-v2/resolve/main/config_sentence_transformers.json "HTTP/1.1 307 Temporary Redirect"
2026-03-31 19:16:47,711 - WARNING - Warning: You are sending unauthenticated requests to the HF Hub. Please set a HF_TOKEN to enable higher rate limits and faster downloads.
2026-03-31 19:16:47,751 - INFO - HTTP Request: HEAD https://huggingface.co/api/resolve-cache/models/sentence-transformers/paraphrase-multilingual-MiniLM-L12-v2/e8f8c211226b894fcb81acc59f3b34ba3efd5f42/config_sentence_transformers.json "HTTP/1.1 200 OK"
2026-03-31 19:16:47,794 - INFO - HTTP Request: GET https://huggingface.co/api/resolve-cache/models/sentence-transformers/paraphrase-multilingual-MiniLM-L12-v2/e8f8c211226b894fcb81acc59f3b34ba3efd5f42/config_sentence_transformers.json "HTTP/1.1 200 OK"
2026-03-31 19:16:47,945 - INFO - HTTP Request: HEAD https://huggingface.co/sentence-transformers/paraphrase-multilingual-MiniLM-L12-v2/resolve/main/config_sentence_transformers.json "HTTP/1.1 307 Temporary Redirect"
2026-03-31 19:16:47,987 - INFO - HTTP Request: HEAD https://huggingface.co/api/resolve-cache/models/sentence-transformers/paraphrase-multilingual-MiniLM-L12-v2/e8f8c211226b894fcb81acc59f3b34ba3efd5f42/config_sentence_transformers.json "HTTP/1.1 200 OK"
2026-03-31 19:16:48,134 - INFO - HTTP Request: HEAD https://huggingface.co/sentence-transformers/paraphrase-multilingual-MiniLM-L12-v2/resolve/main/README.md "HTTP/1.1 307 Temporary Redirect"
2026-03-31 19:16:48,175 - INFO - HTTP Request: HEAD https://huggingface.co/api/resolve-cache/models/sentence-transformers/paraphrase-multilingual-MiniLM-L12-v2/e8f8c211226b894fcb81acc59f3b34ba3efd5f42/README.md "HTTP/1.1 200 OK"
2026-03-31 19:16:48,219 - INFO - HTTP Request: GET https://huggingface.co/api/resolve-cache/models/sentence-transformers/paraphrase-multilingual-MiniLM-L12-v2/e8f8c211226b894fcb81acc59f3b34ba3efd5f42/README.md "HTTP/1.1 200 OK"
2026-03-31 19:16:48,365 - INFO - HTTP Request: HEAD https://huggingface.co/sentence-transformers/paraphrase-multilingual-MiniLM-L12-v2/resolve/main/modules.json "HTTP/1.1 307 Temporary Redirect"
2026-03-31 19:16:48,408 - INFO - HTTP Request: HEAD https://huggingface.co/api/resolve-cache/models/sentence-transformers/paraphrase-multilingual-MiniLM-L12-v2/e8f8c211226b894fcb81acc59f3b34ba3efd5f42/modules.json "HTTP/1.1 200 OK"
2026-03-31 19:16:48,554 - INFO - HTTP Request: HEAD https://huggingface.co/sentence-transformers/paraphrase-multilingual-MiniLM-L12-v2/resolve/main/sentence_bert_config.json "HTTP/1.1 307 Temporary Redirect"
2026-03-31 19:16:48,597 - INFO - HTTP Request: HEAD https://huggingface.co/api/resolve-cache/models/sentence-transformers/paraphrase-multilingual-MiniLM-L12-v2/e8f8c211226b894fcb81acc59f3b34ba3efd5f42/sentence_bert_config.json "HTTP/1.1 200 OK"
2026-03-31 19:16:48,639 - INFO - HTTP Request: GET https://huggingface.co/api/resolve-cache/models/sentence-transformers/paraphrase-multilingual-MiniLM-L12-v2/e8f8c211226b894fcb81acc59f3b34ba3efd5f42/sentence_bert_config.json "HTTP/1.1 200 OK"
2026-03-31 19:16:48,788 - INFO - HTTP Request: HEAD https://huggingface.co/sentence-transformers/paraphrase-multilingual-MiniLM-L12-v2/resolve/main/adapter_config.json "HTTP/1.1 404 Not Found"
2026-03-31 19:16:49,006 - INFO - HTTP Request: HEAD https://huggingface.co/sentence-transformers/paraphrase-multilingual-MiniLM-L12-v2/resolve/main/config.json "HTTP/1.1 307 Temporary Redirect"
2026-03-31 19:16:49,049 - INFO - HTTP Request: HEAD https://huggingface.co/api/resolve-cache/models/sentence-transformers/paraphrase-multilingual-MiniLM-L12-v2/e8f8c211226b894fcb81acc59f3b34ba3efd5f42/config.json "HTTP/1.1 200 OK"
2026-03-31 19:16:49,091 - INFO - HTTP Request: GET https://huggingface.co/api/resolve-cache/models/sentence-transformers/paraphrase-multilingual-MiniLM-L12-v2/e8f8c211226b894fcb81acc59f3b34ba3efd5f42/config.json "HTTP/1.1 200 OK"
2026-03-31 19:16:49,304 - INFO - HTTP Request: HEAD https://huggingface.co/sentence-transformers/paraphrase-multilingual-MiniLM-L12-v2/resolve/main/model.safetensors "HTTP/1.1 302 Found"
2026-03-31 19:16:49,456 - INFO - HTTP Request: GET https://huggingface.co/api/models/sentence-transformers/paraphrase-multilingual-MiniLM-L12-v2/xet-read-token/e8f8c211226b894fcb81acc59f3b34ba3efd5f42 "HTTP/1.1 200 OK"
2026-03-31 19:17:53,298 - INFO - HTTP Request: HEAD https://huggingface.co/sentence-transformers/paraphrase-multilingual-MiniLM-L12-v2/resolve/main/config.json "HTTP/1.1 307 Temporary Redirect"
2026-03-31 19:17:53,342 - INFO - HTTP Request: HEAD https://huggingface.co/api/resolve-cache/models/sentence-transformers/paraphrase-multilingual-MiniLM-L12-v2/e8f8c211226b894fcb81acc59f3b34ba3efd5f42/config.json "HTTP/1.1 200 OK"
2026-03-31 19:17:53,492 - INFO - HTTP Request: HEAD https://huggingface.co/sentence-transformers/paraphrase-multilingual-MiniLM-L12-v2/resolve/main/tokenizer_config.json "HTTP/1.1 307 Temporary Redirect"
2026-03-31 19:17:53,535 - INFO - HTTP Request: HEAD https://huggingface.co/api/resolve-cache/models/sentence-transformers/paraphrase-multilingual-MiniLM-L12-v2/e8f8c211226b894fcb81acc59f3b34ba3efd5f42/tokenizer_config.json "HTTP/1.1 200 OK"
2026-03-31 19:17:53,578 - INFO - HTTP Request: GET https://huggingface.co/api/resolve-cache/models/sentence-transformers/paraphrase-multilingual-MiniLM-L12-v2/e8f8c211226b894fcb81acc59f3b34ba3efd5f42/tokenizer_config.json "HTTP/1.1 200 OK"
2026-03-31 19:17:53,723 - INFO - HTTP Request: HEAD https://huggingface.co/sentence-transformers/paraphrase-multilingual-MiniLM-L12-v2/resolve/main/tokenizer_config.json "HTTP/1.1 307 Temporary Redirect"
2026-03-31 19:17:53,763 - INFO - HTTP Request: HEAD https://huggingface.co/api/resolve-cache/models/sentence-transformers/paraphrase-multilingual-MiniLM-L12-v2/e8f8c211226b894fcb81acc59f3b34ba3efd5f42/tokenizer_config.json "HTTP/1.1 200 OK"
2026-03-31 19:17:53,914 - INFO - HTTP Request: GET https://huggingface.co/api/models/sentence-transformers/paraphrase-multilingual-MiniLM-L12-v2/tree/main/additional_chat_templates?recursive=false&expand=false "HTTP/1.1 404 Not Found"
2026-03-31 19:17:54,135 - INFO - HTTP Request: GET https://huggingface.co/api/models/sentence-transformers/paraphrase-multilingual-MiniLM-L12-v2/tree/main?recursive=true&expand=false "HTTP/1.1 200 OK"
2026-03-31 19:17:54,280 - INFO - HTTP Request: HEAD https://huggingface.co/sentence-transformers/paraphrase-multilingual-MiniLM-L12-v2/resolve/main/tokenizer.json "HTTP/1.1 302 Found"
2026-03-31 19:17:55,850 - INFO - HTTP Request: HEAD https://huggingface.co/sentence-transformers/paraphrase-multilingual-MiniLM-L12-v2/resolve/main/tokenizer.model "HTTP/1.1 404 Not Found"
2026-03-31 19:17:55,997 - INFO - HTTP Request: HEAD https://huggingface.co/sentence-transformers/paraphrase-multilingual-MiniLM-L12-v2/resolve/main/added_tokens.json "HTTP/1.1 404 Not Found"
2026-03-31 19:17:56,145 - INFO - HTTP Request: HEAD https://huggingface.co/sentence-transformers/paraphrase-multilingual-MiniLM-L12-v2/resolve/main/special_tokens_map.json "HTTP/1.1 307 Temporary Redirect"
2026-03-31 19:17:56,188 - INFO - HTTP Request: HEAD https://huggingface.co/api/resolve-cache/models/sentence-transformers/paraphrase-multilingual-MiniLM-L12-v2/e8f8c211226b894fcb81acc59f3b34ba3efd5f42/special_tokens_map.json "HTTP/1.1 200 OK"
2026-03-31 19:17:56,231 - INFO - HTTP Request: GET https://huggingface.co/api/resolve-cache/models/sentence-transformers/paraphrase-multilingual-MiniLM-L12-v2/e8f8c211226b894fcb81acc59f3b34ba3efd5f42/special_tokens_map.json "HTTP/1.1 200 OK"
2026-03-31 19:17:56,384 - INFO - HTTP Request: HEAD https://huggingface.co/sentence-transformers/paraphrase-multilingual-MiniLM-L12-v2/resolve/main/chat_template.jinja "HTTP/1.1 404 Not Found"
2026-03-31 19:18:00,252 - INFO - HTTP Request: GET https://huggingface.co/api/models/sentence-transformers/paraphrase-multilingual-MiniLM-L12-v2 "HTTP/1.1 200 OK"
2026-03-31 19:18:00,813 - INFO - HTTP Request: HEAD https://huggingface.co/sentence-transformers/paraphrase-multilingual-MiniLM-L12-v2/resolve/main/1_Pooling/config.json "HTTP/1.1 307 Temporary Redirect"
2026-03-31 19:18:00,855 - INFO - HTTP Request: HEAD https://huggingface.co/api/resolve-cache/models/sentence-transformers/paraphrase-multilingual-MiniLM-L12-v2/e8f8c211226b894fcb81acc59f3b34ba3efd5f42/1_Pooling%2Fconfig.json "HTTP/1.1 200 OK"
2026-03-31 19:18:00,899 - INFO - HTTP Request: GET https://huggingface.co/api/resolve-cache/models/sentence-transformers/paraphrase-multilingual-MiniLM-L12-v2/e8f8c211226b894fcb81acc59f3b34ba3efd5f42/1_Pooling%2Fconfig.json "HTTP/1.1 200 OK"
2026-03-31 19:18:01,056 - INFO - HTTP Request: GET https://huggingface.co/api/models/sentence-transformers/paraphrase-multilingual-MiniLM-L12-v2 "HTTP/1.1 200 OK"
2026-03-31 19:18:06,393 - INFO - Batch 1/2 stored (100 chunks)
2026-03-31 19:18:06,826 - INFO - Batch 2/2 stored (5 chunks)
2026-03-31 19:18:06,830 - INFO - Embedding complete. 105 stored, 0 failed. Duration: 5.7s
2026-03-31 19:21:00,826 - INFO - Load pretrained SentenceTransformer: paraphrase-multilingual-MiniLM-L12-v2
2026-03-31 19:21:01,109 - INFO - HTTP Request: HEAD https://huggingface.co/sentence-transformers/paraphrase-multilingual-MiniLM-L12-v2/resolve/main/modules.json "HTTP/1.1 307 Temporary Redirect"
2026-03-31 19:21:01,152 - INFO - HTTP Request: HEAD https://huggingface.co/api/resolve-cache/models/sentence-transformers/paraphrase-multilingual-MiniLM-L12-v2/e8f8c211226b894fcb81acc59f3b34ba3efd5f42/modules.json "HTTP/1.1 200 OK"
2026-03-31 19:21:01,201 - INFO - HTTP Request: GET https://huggingface.co/api/resolve-cache/models/sentence-transformers/paraphrase-multilingual-MiniLM-L12-v2/e8f8c211226b894fcb81acc59f3b34ba3efd5f42/modules.json "HTTP/1.1 200 OK"
2026-03-31 19:21:01,352 - INFO - HTTP Request: HEAD https://huggingface.co/sentence-transformers/paraphrase-multilingual-MiniLM-L12-v2/resolve/main/config_sentence_transformers.json "HTTP/1.1 307 Temporary Redirect"
2026-03-31 19:21:01,353 - WARNING - Warning: You are sending unauthenticated requests to the HF Hub. Please set a HF_TOKEN to enable higher rate limits and faster downloads.
2026-03-31 19:21:01,394 - INFO - HTTP Request: HEAD https://huggingface.co/api/resolve-cache/models/sentence-transformers/paraphrase-multilingual-MiniLM-L12-v2/e8f8c211226b894fcb81acc59f3b34ba3efd5f42/config_sentence_transformers.json "HTTP/1.1 200 OK"
2026-03-31 19:21:01,438 - INFO - HTTP Request: GET https://huggingface.co/api/resolve-cache/models/sentence-transformers/paraphrase-multilingual-MiniLM-L12-v2/e8f8c211226b894fcb81acc59f3b34ba3efd5f42/config_sentence_transformers.json "HTTP/1.1 200 OK"
2026-03-31 19:21:01,585 - INFO - HTTP Request: HEAD https://huggingface.co/sentence-transformers/paraphrase-multilingual-MiniLM-L12-v2/resolve/main/config_sentence_transformers.json "HTTP/1.1 307 Temporary Redirect"
2026-03-31 19:21:01,625 - INFO - HTTP Request: HEAD https://huggingface.co/api/resolve-cache/models/sentence-transformers/paraphrase-multilingual-MiniLM-L12-v2/e8f8c211226b894fcb81acc59f3b34ba3efd5f42/config_sentence_transformers.json "HTTP/1.1 200 OK"
2026-03-31 19:21:01,776 - INFO - HTTP Request: HEAD https://huggingface.co/sentence-transformers/paraphrase-multilingual-MiniLM-L12-v2/resolve/main/README.md "HTTP/1.1 307 Temporary Redirect"
2026-03-31 19:21:01,818 - INFO - HTTP Request: HEAD https://huggingface.co/api/resolve-cache/models/sentence-transformers/paraphrase-multilingual-MiniLM-L12-v2/e8f8c211226b894fcb81acc59f3b34ba3efd5f42/README.md "HTTP/1.1 200 OK"
2026-03-31 19:21:01,861 - INFO - HTTP Request: GET https://huggingface.co/api/resolve-cache/models/sentence-transformers/paraphrase-multilingual-MiniLM-L12-v2/e8f8c211226b894fcb81acc59f3b34ba3efd5f42/README.md "HTTP/1.1 200 OK"
2026-03-31 19:21:02,009 - INFO - HTTP Request: HEAD https://huggingface.co/sentence-transformers/paraphrase-multilingual-MiniLM-L12-v2/resolve/main/modules.json "HTTP/1.1 307 Temporary Redirect"
2026-03-31 19:21:02,050 - INFO - HTTP Request: HEAD https://huggingface.co/api/resolve-cache/models/sentence-transformers/paraphrase-multilingual-MiniLM-L12-v2/e8f8c211226b894fcb81acc59f3b34ba3efd5f42/modules.json "HTTP/1.1 200 OK"
2026-03-31 19:21:02,195 - INFO - HTTP Request: HEAD https://huggingface.co/sentence-transformers/paraphrase-multilingual-MiniLM-L12-v2/resolve/main/sentence_bert_config.json "HTTP/1.1 307 Temporary Redirect"
2026-03-31 19:21:02,239 - INFO - HTTP Request: HEAD https://huggingface.co/api/resolve-cache/models/sentence-transformers/paraphrase-multilingual-MiniLM-L12-v2/e8f8c211226b894fcb81acc59f3b34ba3efd5f42/sentence_bert_config.json "HTTP/1.1 200 OK"
2026-03-31 19:21:02,283 - INFO - HTTP Request: GET https://huggingface.co/api/resolve-cache/models/sentence-transformers/paraphrase-multilingual-MiniLM-L12-v2/e8f8c211226b894fcb81acc59f3b34ba3efd5f42/sentence_bert_config.json "HTTP/1.1 200 OK"
2026-03-31 19:21:02,434 - INFO - HTTP Request: HEAD https://huggingface.co/sentence-transformers/paraphrase-multilingual-MiniLM-L12-v2/resolve/main/adapter_config.json "HTTP/1.1 404 Not Found"
2026-03-31 19:21:02,654 - INFO - HTTP Request: HEAD https://huggingface.co/sentence-transformers/paraphrase-multilingual-MiniLM-L12-v2/resolve/main/config.json "HTTP/1.1 307 Temporary Redirect"
2026-03-31 19:21:02,696 - INFO - HTTP Request: HEAD https://huggingface.co/api/resolve-cache/models/sentence-transformers/paraphrase-multilingual-MiniLM-L12-v2/e8f8c211226b894fcb81acc59f3b34ba3efd5f42/config.json "HTTP/1.1 200 OK"
2026-03-31 19:21:02,740 - INFO - HTTP Request: GET https://huggingface.co/api/resolve-cache/models/sentence-transformers/paraphrase-multilingual-MiniLM-L12-v2/e8f8c211226b894fcb81acc59f3b34ba3efd5f42/config.json "HTTP/1.1 200 OK"
2026-03-31 19:21:02,982 - INFO - HTTP Request: HEAD https://huggingface.co/sentence-transformers/paraphrase-multilingual-MiniLM-L12-v2/resolve/main/model.safetensors "HTTP/1.1 302 Found"
2026-03-31 19:21:03,166 - INFO - HTTP Request: GET https://huggingface.co/api/models/sentence-transformers/paraphrase-multilingual-MiniLM-L12-v2/xet-read-token/e8f8c211226b894fcb81acc59f3b34ba3efd5f42 "HTTP/1.1 200 OK"
2026-03-31 19:22:07,239 - INFO - HTTP Request: HEAD https://huggingface.co/sentence-transformers/paraphrase-multilingual-MiniLM-L12-v2/resolve/main/config.json "HTTP/1.1 307 Temporary Redirect"
2026-03-31 19:22:07,282 - INFO - HTTP Request: HEAD https://huggingface.co/api/resolve-cache/models/sentence-transformers/paraphrase-multilingual-MiniLM-L12-v2/e8f8c211226b894fcb81acc59f3b34ba3efd5f42/config.json "HTTP/1.1 200 OK"
2026-03-31 19:22:07,433 - INFO - HTTP Request: HEAD https://huggingface.co/sentence-transformers/paraphrase-multilingual-MiniLM-L12-v2/resolve/main/tokenizer_config.json "HTTP/1.1 307 Temporary Redirect"
2026-03-31 19:22:07,474 - INFO - HTTP Request: HEAD https://huggingface.co/api/resolve-cache/models/sentence-transformers/paraphrase-multilingual-MiniLM-L12-v2/e8f8c211226b894fcb81acc59f3b34ba3efd5f42/tokenizer_config.json "HTTP/1.1 200 OK"
2026-03-31 19:22:07,515 - INFO - HTTP Request: GET https://huggingface.co/api/resolve-cache/models/sentence-transformers/paraphrase-multilingual-MiniLM-L12-v2/e8f8c211226b894fcb81acc59f3b34ba3efd5f42/tokenizer_config.json "HTTP/1.1 200 OK"
2026-03-31 19:22:07,662 - INFO - HTTP Request: HEAD https://huggingface.co/sentence-transformers/paraphrase-multilingual-MiniLM-L12-v2/resolve/main/tokenizer_config.json "HTTP/1.1 307 Temporary Redirect"
2026-03-31 19:22:07,703 - INFO - HTTP Request: HEAD https://huggingface.co/api/resolve-cache/models/sentence-transformers/paraphrase-multilingual-MiniLM-L12-v2/e8f8c211226b894fcb81acc59f3b34ba3efd5f42/tokenizer_config.json "HTTP/1.1 200 OK"
2026-03-31 19:22:07,853 - INFO - HTTP Request: GET https://huggingface.co/api/models/sentence-transformers/paraphrase-multilingual-MiniLM-L12-v2/tree/main/additional_chat_templates?recursive=false&expand=false "HTTP/1.1 404 Not Found"
2026-03-31 19:22:08,000 - INFO - HTTP Request: GET https://huggingface.co/api/models/sentence-transformers/paraphrase-multilingual-MiniLM-L12-v2/tree/main?recursive=true&expand=false "HTTP/1.1 200 OK"
2026-03-31 19:22:08,142 - INFO - HTTP Request: HEAD https://huggingface.co/sentence-transformers/paraphrase-multilingual-MiniLM-L12-v2/resolve/main/tokenizer.json "HTTP/1.1 302 Found"
2026-03-31 19:22:09,932 - INFO - HTTP Request: HEAD https://huggingface.co/sentence-transformers/paraphrase-multilingual-MiniLM-L12-v2/resolve/main/tokenizer.model "HTTP/1.1 404 Not Found"
2026-03-31 19:22:10,079 - INFO - HTTP Request: HEAD https://huggingface.co/sentence-transformers/paraphrase-multilingual-MiniLM-L12-v2/resolve/main/added_tokens.json "HTTP/1.1 404 Not Found"
2026-03-31 19:22:10,227 - INFO - HTTP Request: HEAD https://huggingface.co/sentence-transformers/paraphrase-multilingual-MiniLM-L12-v2/resolve/main/special_tokens_map.json "HTTP/1.1 307 Temporary Redirect"
2026-03-31 19:22:10,270 - INFO - HTTP Request: HEAD https://huggingface.co/api/resolve-cache/models/sentence-transformers/paraphrase-multilingual-MiniLM-L12-v2/e8f8c211226b894fcb81acc59f3b34ba3efd5f42/special_tokens_map.json "HTTP/1.1 200 OK"
2026-03-31 19:22:10,312 - INFO - HTTP Request: GET https://huggingface.co/api/resolve-cache/models/sentence-transformers/paraphrase-multilingual-MiniLM-L12-v2/e8f8c211226b894fcb81acc59f3b34ba3efd5f42/special_tokens_map.json "HTTP/1.1 200 OK"
2026-03-31 19:22:10,461 - INFO - HTTP Request: HEAD https://huggingface.co/sentence-transformers/paraphrase-multilingual-MiniLM-L12-v2/resolve/main/chat_template.jinja "HTTP/1.1 404 Not Found"
2026-03-31 19:22:14,540 - INFO - HTTP Request: GET https://huggingface.co/api/models/sentence-transformers/paraphrase-multilingual-MiniLM-L12-v2 "HTTP/1.1 200 OK"
2026-03-31 19:22:15,156 - INFO - HTTP Request: HEAD https://huggingface.co/sentence-transformers/paraphrase-multilingual-MiniLM-L12-v2/resolve/main/1_Pooling/config.json "HTTP/1.1 307 Temporary Redirect"
2026-03-31 19:22:15,196 - INFO - HTTP Request: HEAD https://huggingface.co/api/resolve-cache/models/sentence-transformers/paraphrase-multilingual-MiniLM-L12-v2/e8f8c211226b894fcb81acc59f3b34ba3efd5f42/1_Pooling%2Fconfig.json "HTTP/1.1 200 OK"
2026-03-31 19:22:15,237 - INFO - HTTP Request: GET https://huggingface.co/api/resolve-cache/models/sentence-transformers/paraphrase-multilingual-MiniLM-L12-v2/e8f8c211226b894fcb81acc59f3b34ba3efd5f42/1_Pooling%2Fconfig.json "HTTP/1.1 200 OK"
2026-03-31 19:22:15,387 - INFO - HTTP Request: GET https://huggingface.co/api/models/sentence-transformers/paraphrase-multilingual-MiniLM-L12-v2 "HTTP/1.1 200 OK"
2026-03-31 19:22:20,802 - INFO - Batch 1/2 stored (100 chunks)
2026-03-31 19:22:21,204 - INFO - Batch 2/2 stored (5 chunks)
2026-03-31 19:22:21,207 - INFO - Embedding complete. 105 stored, 0 failed. Duration: 5.8s
2026-03-31 19:27:16,409 - INFO - Load pretrained SentenceTransformer: paraphrase-multilingual-MiniLM-L12-v2
2026-03-31 19:27:16,708 - INFO - HTTP Request: HEAD https://huggingface.co/sentence-transformers/paraphrase-multilingual-MiniLM-L12-v2/resolve/main/modules.json "HTTP/1.1 307 Temporary Redirect"
2026-03-31 19:27:16,709 - WARNING - Warning: You are sending unauthenticated requests to the HF Hub. Please set a HF_TOKEN to enable higher rate limits and faster downloads.
2026-03-31 19:27:16,753 - INFO - HTTP Request: HEAD https://huggingface.co/api/resolve-cache/models/sentence-transformers/paraphrase-multilingual-MiniLM-L12-v2/e8f8c211226b894fcb81acc59f3b34ba3efd5f42/modules.json "HTTP/1.1 200 OK"
2026-03-31 19:27:16,800 - INFO - HTTP Request: GET https://huggingface.co/api/resolve-cache/models/sentence-transformers/paraphrase-multilingual-MiniLM-L12-v2/e8f8c211226b894fcb81acc59f3b34ba3efd5f42/modules.json "HTTP/1.1 200 OK"
2026-03-31 19:27:16,951 - INFO - HTTP Request: HEAD https://huggingface.co/sentence-transformers/paraphrase-multilingual-MiniLM-L12-v2/resolve/main/config_sentence_transformers.json "HTTP/1.1 307 Temporary Redirect"
2026-03-31 19:27:16,993 - INFO - HTTP Request: HEAD https://huggingface.co/api/resolve-cache/models/sentence-transformers/paraphrase-multilingual-MiniLM-L12-v2/e8f8c211226b894fcb81acc59f3b34ba3efd5f42/config_sentence_transformers.json "HTTP/1.1 200 OK"
2026-03-31 19:27:17,035 - INFO - HTTP Request: GET https://huggingface.co/api/resolve-cache/models/sentence-transformers/paraphrase-multilingual-MiniLM-L12-v2/e8f8c211226b894fcb81acc59f3b34ba3efd5f42/config_sentence_transformers.json "HTTP/1.1 200 OK"
2026-03-31 19:27:17,185 - INFO - HTTP Request: HEAD https://huggingface.co/sentence-transformers/paraphrase-multilingual-MiniLM-L12-v2/resolve/main/config_sentence_transformers.json "HTTP/1.1 307 Temporary Redirect"
2026-03-31 19:27:17,232 - INFO - HTTP Request: HEAD https://huggingface.co/api/resolve-cache/models/sentence-transformers/paraphrase-multilingual-MiniLM-L12-v2/e8f8c211226b894fcb81acc59f3b34ba3efd5f42/config_sentence_transformers.json "HTTP/1.1 200 OK"
2026-03-31 19:27:17,378 - INFO - HTTP Request: HEAD https://huggingface.co/sentence-transformers/paraphrase-multilingual-MiniLM-L12-v2/resolve/main/README.md "HTTP/1.1 307 Temporary Redirect"
2026-03-31 19:27:17,421 - INFO - HTTP Request: HEAD https://huggingface.co/api/resolve-cache/models/sentence-transformers/paraphrase-multilingual-MiniLM-L12-v2/e8f8c211226b894fcb81acc59f3b34ba3efd5f42/README.md "HTTP/1.1 200 OK"
2026-03-31 19:27:17,463 - INFO - HTTP Request: GET https://huggingface.co/api/resolve-cache/models/sentence-transformers/paraphrase-multilingual-MiniLM-L12-v2/e8f8c211226b894fcb81acc59f3b34ba3efd5f42/README.md "HTTP/1.1 200 OK"
2026-03-31 19:27:17,610 - INFO - HTTP Request: HEAD https://huggingface.co/sentence-transformers/paraphrase-multilingual-MiniLM-L12-v2/resolve/main/modules.json "HTTP/1.1 307 Temporary Redirect"
2026-03-31 19:27:17,660 - INFO - HTTP Request: HEAD https://huggingface.co/api/resolve-cache/models/sentence-transformers/paraphrase-multilingual-MiniLM-L12-v2/e8f8c211226b894fcb81acc59f3b34ba3efd5f42/modules.json "HTTP/1.1 200 OK"
2026-03-31 19:27:17,811 - INFO - HTTP Request: HEAD https://huggingface.co/sentence-transformers/paraphrase-multilingual-MiniLM-L12-v2/resolve/main/sentence_bert_config.json "HTTP/1.1 307 Temporary Redirect"
2026-03-31 19:27:17,853 - INFO - HTTP Request: HEAD https://huggingface.co/api/resolve-cache/models/sentence-transformers/paraphrase-multilingual-MiniLM-L12-v2/e8f8c211226b894fcb81acc59f3b34ba3efd5f42/sentence_bert_config.json "HTTP/1.1 200 OK"
2026-03-31 19:27:17,896 - INFO - HTTP Request: GET https://huggingface.co/api/resolve-cache/models/sentence-transformers/paraphrase-multilingual-MiniLM-L12-v2/e8f8c211226b894fcb81acc59f3b34ba3efd5f42/sentence_bert_config.json "HTTP/1.1 200 OK"
2026-03-31 19:27:18,045 - INFO - HTTP Request: HEAD https://huggingface.co/sentence-transformers/paraphrase-multilingual-MiniLM-L12-v2/resolve/main/adapter_config.json "HTTP/1.1 404 Not Found"
2026-03-31 19:27:18,206 - INFO - HTTP Request: HEAD https://huggingface.co/sentence-transformers/paraphrase-multilingual-MiniLM-L12-v2/resolve/main/config.json "HTTP/1.1 307 Temporary Redirect"
2026-03-31 19:27:18,250 - INFO - HTTP Request: HEAD https://huggingface.co/api/resolve-cache/models/sentence-transformers/paraphrase-multilingual-MiniLM-L12-v2/e8f8c211226b894fcb81acc59f3b34ba3efd5f42/config.json "HTTP/1.1 200 OK"
2026-03-31 19:27:18,294 - INFO - HTTP Request: GET https://huggingface.co/api/resolve-cache/models/sentence-transformers/paraphrase-multilingual-MiniLM-L12-v2/e8f8c211226b894fcb81acc59f3b34ba3efd5f42/config.json "HTTP/1.1 200 OK"
2026-03-31 19:27:18,542 - INFO - HTTP Request: HEAD https://huggingface.co/sentence-transformers/paraphrase-multilingual-MiniLM-L12-v2/resolve/main/model.safetensors "HTTP/1.1 302 Found"
2026-03-31 19:27:18,701 - INFO - HTTP Request: GET https://huggingface.co/api/models/sentence-transformers/paraphrase-multilingual-MiniLM-L12-v2/xet-read-token/e8f8c211226b894fcb81acc59f3b34ba3efd5f42 "HTTP/1.1 200 OK"
2026-03-31 19:28:22,996 - INFO - HTTP Request: HEAD https://huggingface.co/sentence-transformers/paraphrase-multilingual-MiniLM-L12-v2/resolve/main/config.json "HTTP/1.1 307 Temporary Redirect"
2026-03-31 19:28:23,035 - INFO - HTTP Request: HEAD https://huggingface.co/api/resolve-cache/models/sentence-transformers/paraphrase-multilingual-MiniLM-L12-v2/e8f8c211226b894fcb81acc59f3b34ba3efd5f42/config.json "HTTP/1.1 200 OK"
2026-03-31 19:28:23,202 - INFO - HTTP Request: HEAD https://huggingface.co/sentence-transformers/paraphrase-multilingual-MiniLM-L12-v2/resolve/main/tokenizer_config.json "HTTP/1.1 307 Temporary Redirect"
2026-03-31 19:28:23,243 - INFO - HTTP Request: HEAD https://huggingface.co/api/resolve-cache/models/sentence-transformers/paraphrase-multilingual-MiniLM-L12-v2/e8f8c211226b894fcb81acc59f3b34ba3efd5f42/tokenizer_config.json "HTTP/1.1 200 OK"
2026-03-31 19:28:23,286 - INFO - HTTP Request: GET https://huggingface.co/api/resolve-cache/models/sentence-transformers/paraphrase-multilingual-MiniLM-L12-v2/e8f8c211226b894fcb81acc59f3b34ba3efd5f42/tokenizer_config.json "HTTP/1.1 200 OK"
2026-03-31 19:28:23,567 - INFO - HTTP Request: HEAD https://huggingface.co/sentence-transformers/paraphrase-multilingual-MiniLM-L12-v2/resolve/main/tokenizer_config.json "HTTP/1.1 307 Temporary Redirect"
2026-03-31 19:28:23,629 - INFO - HTTP Request: HEAD https://huggingface.co/api/resolve-cache/models/sentence-transformers/paraphrase-multilingual-MiniLM-L12-v2/e8f8c211226b894fcb81acc59f3b34ba3efd5f42/tokenizer_config.json "HTTP/1.1 200 OK"
2026-03-31 19:28:23,786 - INFO - HTTP Request: GET https://huggingface.co/api/models/sentence-transformers/paraphrase-multilingual-MiniLM-L12-v2/tree/main/additional_chat_templates?recursive=false&expand=false "HTTP/1.1 404 Not Found"
2026-03-31 19:28:24,005 - INFO - HTTP Request: GET https://huggingface.co/api/models/sentence-transformers/paraphrase-multilingual-MiniLM-L12-v2/tree/main?recursive=true&expand=false "HTTP/1.1 200 OK"
2026-03-31 19:28:24,211 - INFO - HTTP Request: HEAD https://huggingface.co/sentence-transformers/paraphrase-multilingual-MiniLM-L12-v2/resolve/main/tokenizer.json "HTTP/1.1 302 Found"
2026-03-31 19:28:25,849 - INFO - HTTP Request: HEAD https://huggingface.co/sentence-transformers/paraphrase-multilingual-MiniLM-L12-v2/resolve/main/tokenizer.model "HTTP/1.1 404 Not Found"
2026-03-31 19:28:26,053 - INFO - HTTP Request: HEAD https://huggingface.co/sentence-transformers/paraphrase-multilingual-MiniLM-L12-v2/resolve/main/added_tokens.json "HTTP/1.1 404 Not Found"
2026-03-31 19:28:26,258 - INFO - HTTP Request: HEAD https://huggingface.co/sentence-transformers/paraphrase-multilingual-MiniLM-L12-v2/resolve/main/special_tokens_map.json "HTTP/1.1 307 Temporary Redirect"
2026-03-31 19:28:26,298 - INFO - HTTP Request: HEAD https://huggingface.co/api/resolve-cache/models/sentence-transformers/paraphrase-multilingual-MiniLM-L12-v2/e8f8c211226b894fcb81acc59f3b34ba3efd5f42/special_tokens_map.json "HTTP/1.1 200 OK"
2026-03-31 19:28:26,338 - INFO - HTTP Request: GET https://huggingface.co/api/resolve-cache/models/sentence-transformers/paraphrase-multilingual-MiniLM-L12-v2/e8f8c211226b894fcb81acc59f3b34ba3efd5f42/special_tokens_map.json "HTTP/1.1 200 OK"
2026-03-31 19:28:26,488 - INFO - HTTP Request: HEAD https://huggingface.co/sentence-transformers/paraphrase-multilingual-MiniLM-L12-v2/resolve/main/chat_template.jinja "HTTP/1.1 404 Not Found"
2026-03-31 19:28:30,150 - INFO - HTTP Request: GET https://huggingface.co/api/models/sentence-transformers/paraphrase-multilingual-MiniLM-L12-v2 "HTTP/1.1 200 OK"
2026-03-31 19:28:30,674 - INFO - HTTP Request: HEAD https://huggingface.co/sentence-transformers/paraphrase-multilingual-MiniLM-L12-v2/resolve/main/1_Pooling/config.json "HTTP/1.1 307 Temporary Redirect"
2026-03-31 19:28:30,716 - INFO - HTTP Request: HEAD https://huggingface.co/api/resolve-cache/models/sentence-transformers/paraphrase-multilingual-MiniLM-L12-v2/e8f8c211226b894fcb81acc59f3b34ba3efd5f42/1_Pooling%2Fconfig.json "HTTP/1.1 200 OK"
2026-03-31 19:28:30,757 - INFO - HTTP Request: GET https://huggingface.co/api/resolve-cache/models/sentence-transformers/paraphrase-multilingual-MiniLM-L12-v2/e8f8c211226b894fcb81acc59f3b34ba3efd5f42/1_Pooling%2Fconfig.json "HTTP/1.1 200 OK"
2026-03-31 19:28:30,919 - INFO - HTTP Request: GET https://huggingface.co/api/models/sentence-transformers/paraphrase-multilingual-MiniLM-L12-v2 "HTTP/1.1 200 OK"
2026-03-31 19:28:36,015 - INFO - Batch 1/2 stored (100 chunks)
2026-03-31 19:28:36,417 - INFO - Batch 2/2 stored (5 chunks)
2026-03-31 19:28:36,421 - INFO - Embedding complete. 105 stored, 0 failed. Duration: 5.5s
2026-03-31 19:35:05,185 - INFO - Load pretrained SentenceTransformer: paraphrase-multilingual-MiniLM-L12-v2
2026-03-31 19:35:05,457 - INFO - HTTP Request: HEAD https://huggingface.co/sentence-transformers/paraphrase-multilingual-MiniLM-L12-v2/resolve/main/modules.json "HTTP/1.1 307 Temporary Redirect"
2026-03-31 19:35:05,499 - INFO - HTTP Request: HEAD https://huggingface.co/api/resolve-cache/models/sentence-transformers/paraphrase-multilingual-MiniLM-L12-v2/e8f8c211226b894fcb81acc59f3b34ba3efd5f42/modules.json "HTTP/1.1 200 OK"
2026-03-31 19:35:05,645 - INFO - HTTP Request: HEAD https://huggingface.co/sentence-transformers/paraphrase-multilingual-MiniLM-L12-v2/resolve/main/config_sentence_transformers.json "HTTP/1.1 307 Temporary Redirect"
2026-03-31 19:35:05,685 - INFO - HTTP Request: HEAD https://huggingface.co/api/resolve-cache/models/sentence-transformers/paraphrase-multilingual-MiniLM-L12-v2/e8f8c211226b894fcb81acc59f3b34ba3efd5f42/config_sentence_transformers.json "HTTP/1.1 200 OK"
2026-03-31 19:35:05,831 - INFO - HTTP Request: HEAD https://huggingface.co/sentence-transformers/paraphrase-multilingual-MiniLM-L12-v2/resolve/main/config_sentence_transformers.json "HTTP/1.1 307 Temporary Redirect"
2026-03-31 19:35:05,872 - INFO - HTTP Request: HEAD https://huggingface.co/api/resolve-cache/models/sentence-transformers/paraphrase-multilingual-MiniLM-L12-v2/e8f8c211226b894fcb81acc59f3b34ba3efd5f42/config_sentence_transformers.json "HTTP/1.1 200 OK"
2026-03-31 19:35:06,017 - INFO - HTTP Request: HEAD https://huggingface.co/sentence-transformers/paraphrase-multilingual-MiniLM-L12-v2/resolve/main/README.md "HTTP/1.1 307 Temporary Redirect"
2026-03-31 19:35:06,059 - INFO - HTTP Request: HEAD https://huggingface.co/api/resolve-cache/models/sentence-transformers/paraphrase-multilingual-MiniLM-L12-v2/e8f8c211226b894fcb81acc59f3b34ba3efd5f42/README.md "HTTP/1.1 200 OK"
2026-03-31 19:35:06,205 - INFO - HTTP Request: HEAD https://huggingface.co/sentence-transformers/paraphrase-multilingual-MiniLM-L12-v2/resolve/main/modules.json "HTTP/1.1 307 Temporary Redirect"
2026-03-31 19:35:06,244 - INFO - HTTP Request: HEAD https://huggingface.co/api/resolve-cache/models/sentence-transformers/paraphrase-multilingual-MiniLM-L12-v2/e8f8c211226b894fcb81acc59f3b34ba3efd5f42/modules.json "HTTP/1.1 200 OK"
2026-03-31 19:35:06,390 - INFO - HTTP Request: HEAD https://huggingface.co/sentence-transformers/paraphrase-multilingual-MiniLM-L12-v2/resolve/main/sentence_bert_config.json "HTTP/1.1 307 Temporary Redirect"
2026-03-31 19:35:06,430 - INFO - HTTP Request: HEAD https://huggingface.co/api/resolve-cache/models/sentence-transformers/paraphrase-multilingual-MiniLM-L12-v2/e8f8c211226b894fcb81acc59f3b34ba3efd5f42/sentence_bert_config.json "HTTP/1.1 200 OK"
2026-03-31 19:35:06,579 - INFO - HTTP Request: HEAD https://huggingface.co/sentence-transformers/paraphrase-multilingual-MiniLM-L12-v2/resolve/main/adapter_config.json "HTTP/1.1 404 Not Found"
2026-03-31 19:35:06,580 - WARNING - Warning: You are sending unauthenticated requests to the HF Hub. Please set a HF_TOKEN to enable higher rate limits and faster downloads.
2026-03-31 19:35:06,726 - INFO - HTTP Request: HEAD https://huggingface.co/sentence-transformers/paraphrase-multilingual-MiniLM-L12-v2/resolve/main/config.json "HTTP/1.1 307 Temporary Redirect"
2026-03-31 19:35:06,768 - INFO - HTTP Request: HEAD https://huggingface.co/api/resolve-cache/models/sentence-transformers/paraphrase-multilingual-MiniLM-L12-v2/e8f8c211226b894fcb81acc59f3b34ba3efd5f42/config.json "HTTP/1.1 200 OK"
2026-03-31 19:35:07,124 - INFO - HTTP Request: HEAD https://huggingface.co/sentence-transformers/paraphrase-multilingual-MiniLM-L12-v2/resolve/main/config.json "HTTP/1.1 307 Temporary Redirect"
2026-03-31 19:35:07,164 - INFO - HTTP Request: HEAD https://huggingface.co/api/resolve-cache/models/sentence-transformers/paraphrase-multilingual-MiniLM-L12-v2/e8f8c211226b894fcb81acc59f3b34ba3efd5f42/config.json "HTTP/1.1 200 OK"
2026-03-31 19:35:07,316 - INFO - HTTP Request: HEAD https://huggingface.co/sentence-transformers/paraphrase-multilingual-MiniLM-L12-v2/resolve/main/tokenizer_config.json "HTTP/1.1 307 Temporary Redirect"
2026-03-31 19:35:07,356 - INFO - HTTP Request: HEAD https://huggingface.co/api/resolve-cache/models/sentence-transformers/paraphrase-multilingual-MiniLM-L12-v2/e8f8c211226b894fcb81acc59f3b34ba3efd5f42/tokenizer_config.json "HTTP/1.1 200 OK"
2026-03-31 19:35:07,509 - INFO - HTTP Request: HEAD https://huggingface.co/sentence-transformers/paraphrase-multilingual-MiniLM-L12-v2/resolve/main/tokenizer_config.json "HTTP/1.1 307 Temporary Redirect"
2026-03-31 19:35:07,550 - INFO - HTTP Request: HEAD https://huggingface.co/api/resolve-cache/models/sentence-transformers/paraphrase-multilingual-MiniLM-L12-v2/e8f8c211226b894fcb81acc59f3b34ba3efd5f42/tokenizer_config.json "HTTP/1.1 200 OK"
2026-03-31 19:35:07,699 - INFO - HTTP Request: GET https://huggingface.co/api/models/sentence-transformers/paraphrase-multilingual-MiniLM-L12-v2/tree/main/additional_chat_templates?recursive=false&expand=false "HTTP/1.1 404 Not Found"
2026-03-31 19:35:07,851 - INFO - HTTP Request: GET https://huggingface.co/api/models/sentence-transformers/paraphrase-multilingual-MiniLM-L12-v2/tree/main?recursive=true&expand=false "HTTP/1.1 200 OK"
2026-03-31 19:35:10,553 - INFO - HTTP Request: GET https://huggingface.co/api/models/sentence-transformers/paraphrase-multilingual-MiniLM-L12-v2 "HTTP/1.1 200 OK"
2026-03-31 19:35:11,022 - INFO - HTTP Request: HEAD https://huggingface.co/sentence-transformers/paraphrase-multilingual-MiniLM-L12-v2/resolve/main/1_Pooling/config.json "HTTP/1.1 307 Temporary Redirect"
2026-03-31 19:35:11,063 - INFO - HTTP Request: HEAD https://huggingface.co/api/resolve-cache/models/sentence-transformers/paraphrase-multilingual-MiniLM-L12-v2/e8f8c211226b894fcb81acc59f3b34ba3efd5f42/1_Pooling%2Fconfig.json "HTTP/1.1 200 OK"
2026-03-31 19:35:11,213 - INFO - HTTP Request: GET https://huggingface.co/api/models/sentence-transformers/paraphrase-multilingual-MiniLM-L12-v2 "HTTP/1.1 200 OK"
2026-03-31 19:35:16,573 - INFO - Batch 1/2 stored (100 chunks)
2026-03-31 19:35:17,021 - INFO - Batch 2/2 stored (5 chunks)
2026-03-31 19:35:17,023 - INFO - Embedding complete. 105 stored, 0 failed. Duration: 5.7s
2026-04-29 16:42:35,816 - chromadb.telemetry.product.posthog - INFO - Anonymized telemetry enabled. See                     https://docs.trychroma.com/telemetry for more information.
2026-04-29 16:42:54,179 - sentence_transformers.SentenceTransformer - INFO - Load pretrained SentenceTransformer: paraphrase-multilingual-MiniLM-L12-v2
2026-04-29 16:42:54,471 - httpx - INFO - HTTP Request: HEAD https://huggingface.co/sentence-transformers/paraphrase-multilingual-MiniLM-L12-v2/resolve/main/modules.json "HTTP/1.1 307 Temporary Redirect"
2026-04-29 16:42:54,473 - huggingface_hub.utils._http - WARNING - Warning: You are sending unauthenticated requests to the HF Hub. Please set a HF_TOKEN to enable higher rate limits and faster downloads.
2026-04-29 16:42:54,498 - httpx - INFO - HTTP Request: HEAD https://huggingface.co/api/resolve-cache/models/sentence-transformers/paraphrase-multilingual-MiniLM-L12-v2/e8f8c211226b894fcb81acc59f3b34ba3efd5f42/modules.json "HTTP/1.1 200 OK"
2026-04-29 16:42:54,631 - httpx - INFO - HTTP Request: HEAD https://huggingface.co/sentence-transformers/paraphrase-multilingual-MiniLM-L12-v2/resolve/main/config_sentence_transformers.json "HTTP/1.1 307 Temporary Redirect"
2026-04-29 16:42:54,656 - httpx - INFO - HTTP Request: HEAD https://huggingface.co/api/resolve-cache/models/sentence-transformers/paraphrase-multilingual-MiniLM-L12-v2/e8f8c211226b894fcb81acc59f3b34ba3efd5f42/config_sentence_transformers.json "HTTP/1.1 200 OK"
2026-04-29 16:42:54,787 - httpx - INFO - HTTP Request: HEAD https://huggingface.co/sentence-transformers/paraphrase-multilingual-MiniLM-L12-v2/resolve/main/config_sentence_transformers.json "HTTP/1.1 307 Temporary Redirect"
2026-04-29 16:42:54,813 - httpx - INFO - HTTP Request: HEAD https://huggingface.co/api/resolve-cache/models/sentence-transformers/paraphrase-multilingual-MiniLM-L12-v2/e8f8c211226b894fcb81acc59f3b34ba3efd5f42/config_sentence_transformers.json "HTTP/1.1 200 OK"
2026-04-29 16:42:54,944 - httpx - INFO - HTTP Request: HEAD https://huggingface.co/sentence-transformers/paraphrase-multilingual-MiniLM-L12-v2/resolve/main/README.md "HTTP/1.1 307 Temporary Redirect"
2026-04-29 16:42:54,969 - httpx - INFO - HTTP Request: HEAD https://huggingface.co/api/resolve-cache/models/sentence-transformers/paraphrase-multilingual-MiniLM-L12-v2/e8f8c211226b894fcb81acc59f3b34ba3efd5f42/README.md "HTTP/1.1 200 OK"
2026-04-29 16:42:55,098 - httpx - INFO - HTTP Request: HEAD https://huggingface.co/sentence-transformers/paraphrase-multilingual-MiniLM-L12-v2/resolve/main/modules.json "HTTP/1.1 307 Temporary Redirect"
2026-04-29 16:42:55,125 - httpx - INFO - HTTP Request: HEAD https://huggingface.co/api/resolve-cache/models/sentence-transformers/paraphrase-multilingual-MiniLM-L12-v2/e8f8c211226b894fcb81acc59f3b34ba3efd5f42/modules.json "HTTP/1.1 200 OK"
2026-04-29 16:42:55,257 - httpx - INFO - HTTP Request: HEAD https://huggingface.co/sentence-transformers/paraphrase-multilingual-MiniLM-L12-v2/resolve/main/sentence_bert_config.json "HTTP/1.1 307 Temporary Redirect"
2026-04-29 16:42:55,286 - httpx - INFO - HTTP Request: HEAD https://huggingface.co/api/resolve-cache/models/sentence-transformers/paraphrase-multilingual-MiniLM-L12-v2/e8f8c211226b894fcb81acc59f3b34ba3efd5f42/sentence_bert_config.json "HTTP/1.1 200 OK"
2026-04-29 16:42:55,420 - httpx - INFO - HTTP Request: HEAD https://huggingface.co/sentence-transformers/paraphrase-multilingual-MiniLM-L12-v2/resolve/main/adapter_config.json "HTTP/1.1 404 Not Found"
2026-04-29 16:42:55,548 - httpx - INFO - HTTP Request: HEAD https://huggingface.co/sentence-transformers/paraphrase-multilingual-MiniLM-L12-v2/resolve/main/config.json "HTTP/1.1 307 Temporary Redirect"
2026-04-29 16:42:55,572 - httpx - INFO - HTTP Request: HEAD https://huggingface.co/api/resolve-cache/models/sentence-transformers/paraphrase-multilingual-MiniLM-L12-v2/e8f8c211226b894fcb81acc59f3b34ba3efd5f42/config.json "HTTP/1.1 200 OK"
2026-04-29 16:42:56,311 - httpx - INFO - HTTP Request: HEAD https://huggingface.co/sentence-transformers/paraphrase-multilingual-MiniLM-L12-v2/resolve/main/config.json "HTTP/1.1 307 Temporary Redirect"
2026-04-29 16:42:56,335 - httpx - INFO - HTTP Request: HEAD https://huggingface.co/api/resolve-cache/models/sentence-transformers/paraphrase-multilingual-MiniLM-L12-v2/e8f8c211226b894fcb81acc59f3b34ba3efd5f42/config.json "HTTP/1.1 200 OK"
2026-04-29 16:42:56,464 - httpx - INFO - HTTP Request: HEAD https://huggingface.co/sentence-transformers/paraphrase-multilingual-MiniLM-L12-v2/resolve/main/tokenizer_config.json "HTTP/1.1 307 Temporary Redirect"
2026-04-29 16:42:56,492 - httpx - INFO - HTTP Request: HEAD https://huggingface.co/api/resolve-cache/models/sentence-transformers/paraphrase-multilingual-MiniLM-L12-v2/e8f8c211226b894fcb81acc59f3b34ba3efd5f42/tokenizer_config.json "HTTP/1.1 200 OK"
2026-04-29 16:42:56,629 - httpx - INFO - HTTP Request: HEAD https://huggingface.co/sentence-transformers/paraphrase-multilingual-MiniLM-L12-v2/resolve/main/tokenizer_config.json "HTTP/1.1 307 Temporary Redirect"
2026-04-29 16:42:56,653 - httpx - INFO - HTTP Request: HEAD https://huggingface.co/api/resolve-cache/models/sentence-transformers/paraphrase-multilingual-MiniLM-L12-v2/e8f8c211226b894fcb81acc59f3b34ba3efd5f42/tokenizer_config.json "HTTP/1.1 200 OK"
2026-04-29 16:42:56,780 - httpx - INFO - HTTP Request: GET https://huggingface.co/api/models/sentence-transformers/paraphrase-multilingual-MiniLM-L12-v2/tree/main/additional_chat_templates?recursive=false&expand=false "HTTP/1.1 404 Not Found"
2026-04-29 16:42:56,977 - httpx - INFO - HTTP Request: GET https://huggingface.co/api/models/sentence-transformers/paraphrase-multilingual-MiniLM-L12-v2/tree/main?recursive=true&expand=false "HTTP/1.1 200 OK"
2026-04-29 16:43:00,530 - httpx - INFO - HTTP Request: GET https://huggingface.co/api/models/sentence-transformers/paraphrase-multilingual-MiniLM-L12-v2 "HTTP/1.1 200 OK"
2026-04-29 16:43:01,182 - httpx - INFO - HTTP Request: HEAD https://huggingface.co/sentence-transformers/paraphrase-multilingual-MiniLM-L12-v2/resolve/main/1_Pooling/config.json "HTTP/1.1 307 Temporary Redirect"
2026-04-29 16:43:01,208 - httpx - INFO - HTTP Request: HEAD https://huggingface.co/api/resolve-cache/models/sentence-transformers/paraphrase-multilingual-MiniLM-L12-v2/e8f8c211226b894fcb81acc59f3b34ba3efd5f42/1_Pooling%2Fconfig.json "HTTP/1.1 200 OK"
2026-04-29 16:43:01,345 - httpx - INFO - HTTP Request: GET https://huggingface.co/api/models/sentence-transformers/paraphrase-multilingual-MiniLM-L12-v2 "HTTP/1.1 200 OK"
2026-04-29 16:43:07,523 - root - INFO - Batch 1/3 stored (100 chunks)
2026-04-29 16:43:13,466 - root - INFO - Batch 2/3 stored (100 chunks)
2026-04-29 16:43:14,591 - root - INFO - Batch 3/3 stored (17 chunks)
2026-04-29 16:43:14,594 - root - INFO - Embedding complete. 217 stored, 0 failed. Duration: 13.2s
2026-04-29 16:43:32,065 - chromadb.telemetry.product.posthog - INFO - Anonymized telemetry enabled. See                     https://docs.trychroma.com/telemetry for more information.
2026-04-29 16:43:46,955 - sentence_transformers.SentenceTransformer - INFO - Load pretrained SentenceTransformer: paraphrase-multilingual-MiniLM-L12-v2
2026-04-29 16:43:47,197 - httpx - INFO - HTTP Request: HEAD https://huggingface.co/sentence-transformers/paraphrase-multilingual-MiniLM-L12-v2/resolve/main/modules.json "HTTP/1.1 307 Temporary Redirect"
2026-04-29 16:43:47,198 - huggingface_hub.utils._http - WARNING - Warning: You are sending unauthenticated requests to the HF Hub. Please set a HF_TOKEN to enable higher rate limits and faster downloads.
2026-04-29 16:43:47,223 - httpx - INFO - HTTP Request: HEAD https://huggingface.co/api/resolve-cache/models/sentence-transformers/paraphrase-multilingual-MiniLM-L12-v2/e8f8c211226b894fcb81acc59f3b34ba3efd5f42/modules.json "HTTP/1.1 200 OK"
2026-04-29 16:43:47,356 - httpx - INFO - HTTP Request: HEAD https://huggingface.co/sentence-transformers/paraphrase-multilingual-MiniLM-L12-v2/resolve/main/config_sentence_transformers.json "HTTP/1.1 307 Temporary Redirect"
2026-04-29 16:43:47,382 - httpx - INFO - HTTP Request: HEAD https://huggingface.co/api/resolve-cache/models/sentence-transformers/paraphrase-multilingual-MiniLM-L12-v2/e8f8c211226b894fcb81acc59f3b34ba3efd5f42/config_sentence_transformers.json "HTTP/1.1 200 OK"
2026-04-29 16:43:47,509 - httpx - INFO - HTTP Request: HEAD https://huggingface.co/sentence-transformers/paraphrase-multilingual-MiniLM-L12-v2/resolve/main/config_sentence_transformers.json "HTTP/1.1 307 Temporary Redirect"
2026-04-29 16:43:47,534 - httpx - INFO - HTTP Request: HEAD https://huggingface.co/api/resolve-cache/models/sentence-transformers/paraphrase-multilingual-MiniLM-L12-v2/e8f8c211226b894fcb81acc59f3b34ba3efd5f42/config_sentence_transformers.json "HTTP/1.1 200 OK"
2026-04-29 16:43:47,662 - httpx - INFO - HTTP Request: HEAD https://huggingface.co/sentence-transformers/paraphrase-multilingual-MiniLM-L12-v2/resolve/main/README.md "HTTP/1.1 307 Temporary Redirect"
2026-04-29 16:43:47,687 - httpx - INFO - HTTP Request: HEAD https://huggingface.co/api/resolve-cache/models/sentence-transformers/paraphrase-multilingual-MiniLM-L12-v2/e8f8c211226b894fcb81acc59f3b34ba3efd5f42/README.md "HTTP/1.1 200 OK"
2026-04-29 16:43:47,816 - httpx - INFO - HTTP Request: HEAD https://huggingface.co/sentence-transformers/paraphrase-multilingual-MiniLM-L12-v2/resolve/main/modules.json "HTTP/1.1 307 Temporary Redirect"
2026-04-29 16:43:47,840 - httpx - INFO - HTTP Request: HEAD https://huggingface.co/api/resolve-cache/models/sentence-transformers/paraphrase-multilingual-MiniLM-L12-v2/e8f8c211226b894fcb81acc59f3b34ba3efd5f42/modules.json "HTTP/1.1 200 OK"
2026-04-29 16:43:47,965 - httpx - INFO - HTTP Request: HEAD https://huggingface.co/sentence-transformers/paraphrase-multilingual-MiniLM-L12-v2/resolve/main/sentence_bert_config.json "HTTP/1.1 307 Temporary Redirect"
2026-04-29 16:43:47,989 - httpx - INFO - HTTP Request: HEAD https://huggingface.co/api/resolve-cache/models/sentence-transformers/paraphrase-multilingual-MiniLM-L12-v2/e8f8c211226b894fcb81acc59f3b34ba3efd5f42/sentence_bert_config.json "HTTP/1.1 200 OK"
2026-04-29 16:43:48,118 - httpx - INFO - HTTP Request: HEAD https://huggingface.co/sentence-transformers/paraphrase-multilingual-MiniLM-L12-v2/resolve/main/adapter_config.json "HTTP/1.1 404 Not Found"
2026-04-29 16:43:48,250 - httpx - INFO - HTTP Request: HEAD https://huggingface.co/sentence-transformers/paraphrase-multilingual-MiniLM-L12-v2/resolve/main/config.json "HTTP/1.1 307 Temporary Redirect"
2026-04-29 16:43:48,274 - httpx - INFO - HTTP Request: HEAD https://huggingface.co/api/resolve-cache/models/sentence-transformers/paraphrase-multilingual-MiniLM-L12-v2/e8f8c211226b894fcb81acc59f3b34ba3efd5f42/config.json "HTTP/1.1 200 OK"
2026-04-29 16:43:48,900 - httpx - INFO - HTTP Request: HEAD https://huggingface.co/sentence-transformers/paraphrase-multilingual-MiniLM-L12-v2/resolve/main/config.json "HTTP/1.1 307 Temporary Redirect"
2026-04-29 16:43:48,924 - httpx - INFO - HTTP Request: HEAD https://huggingface.co/api/resolve-cache/models/sentence-transformers/paraphrase-multilingual-MiniLM-L12-v2/e8f8c211226b894fcb81acc59f3b34ba3efd5f42/config.json "HTTP/1.1 200 OK"
2026-04-29 16:43:49,052 - httpx - INFO - HTTP Request: HEAD https://huggingface.co/sentence-transformers/paraphrase-multilingual-MiniLM-L12-v2/resolve/main/tokenizer_config.json "HTTP/1.1 307 Temporary Redirect"
2026-04-29 16:43:49,077 - httpx - INFO - HTTP Request: HEAD https://huggingface.co/api/resolve-cache/models/sentence-transformers/paraphrase-multilingual-MiniLM-L12-v2/e8f8c211226b894fcb81acc59f3b34ba3efd5f42/tokenizer_config.json "HTTP/1.1 200 OK"
2026-04-29 16:43:49,202 - httpx - INFO - HTTP Request: HEAD https://huggingface.co/sentence-transformers/paraphrase-multilingual-MiniLM-L12-v2/resolve/main/tokenizer_config.json "HTTP/1.1 307 Temporary Redirect"
2026-04-29 16:43:49,228 - httpx - INFO - HTTP Request: HEAD https://huggingface.co/api/resolve-cache/models/sentence-transformers/paraphrase-multilingual-MiniLM-L12-v2/e8f8c211226b894fcb81acc59f3b34ba3efd5f42/tokenizer_config.json "HTTP/1.1 200 OK"
2026-04-29 16:43:49,357 - httpx - INFO - HTTP Request: GET https://huggingface.co/api/models/sentence-transformers/paraphrase-multilingual-MiniLM-L12-v2/tree/main/additional_chat_templates?recursive=false&expand=false "HTTP/1.1 404 Not Found"
2026-04-29 16:43:49,495 - httpx - INFO - HTTP Request: GET https://huggingface.co/api/models/sentence-transformers/paraphrase-multilingual-MiniLM-L12-v2/tree/main?recursive=true&expand=false "HTTP/1.1 200 OK"
2026-04-29 16:43:53,030 - httpx - INFO - HTTP Request: GET https://huggingface.co/api/models/sentence-transformers/paraphrase-multilingual-MiniLM-L12-v2 "HTTP/1.1 200 OK"
2026-04-29 16:43:53,583 - httpx - INFO - HTTP Request: HEAD https://huggingface.co/sentence-transformers/paraphrase-multilingual-MiniLM-L12-v2/resolve/main/1_Pooling/config.json "HTTP/1.1 307 Temporary Redirect"
2026-04-29 16:43:53,607 - httpx - INFO - HTTP Request: HEAD https://huggingface.co/api/resolve-cache/models/sentence-transformers/paraphrase-multilingual-MiniLM-L12-v2/e8f8c211226b894fcb81acc59f3b34ba3efd5f42/1_Pooling%2Fconfig.json "HTTP/1.1 200 OK"
2026-04-29 16:43:53,738 - httpx - INFO - HTTP Request: GET https://huggingface.co/api/models/sentence-transformers/paraphrase-multilingual-MiniLM-L12-v2 "HTTP/1.1 200 OK"
2026-04-29 16:43:59,581 - root - INFO - Batch 1/3 stored (100 chunks)
2026-04-29 16:44:05,288 - root - INFO - Batch 2/3 stored (100 chunks)
2026-04-29 16:44:06,357 - root - INFO - Batch 3/3 stored (17 chunks)
2026-04-29 16:44:06,361 - root - INFO - Embedding complete. 217 stored, 0 failed. Duration: 12.6s
2026-04-30 00:04:23,566 - chromadb.telemetry.product.posthog - INFO - Anonymized telemetry enabled. See                     https://docs.trychroma.com/telemetry for more information.
2026-04-30 00:04:41,194 - sentence_transformers.SentenceTransformer - INFO - Load pretrained SentenceTransformer: paraphrase-multilingual-MiniLM-L12-v2
2026-04-30 00:04:42,209 - httpx - INFO - HTTP Request: HEAD https://huggingface.co/sentence-transformers/paraphrase-multilingual-MiniLM-L12-v2/resolve/main/modules.json "HTTP/1.1 307 Temporary Redirect"
2026-04-30 00:04:42,210 - huggingface_hub.utils._http - WARNING - Warning: You are sending unauthenticated requests to the HF Hub. Please set a HF_TOKEN to enable higher rate limits and faster downloads.
2026-04-30 00:04:42,461 - httpx - INFO - HTTP Request: HEAD https://huggingface.co/api/resolve-cache/models/sentence-transformers/paraphrase-multilingual-MiniLM-L12-v2/e8f8c211226b894fcb81acc59f3b34ba3efd5f42/modules.json "HTTP/1.1 200 OK"
2026-04-30 00:04:42,959 - httpx - INFO - HTTP Request: HEAD https://huggingface.co/sentence-transformers/paraphrase-multilingual-MiniLM-L12-v2/resolve/main/config_sentence_transformers.json "HTTP/1.1 307 Temporary Redirect"
2026-04-30 00:04:43,178 - httpx - INFO - HTTP Request: HEAD https://huggingface.co/api/resolve-cache/models/sentence-transformers/paraphrase-multilingual-MiniLM-L12-v2/e8f8c211226b894fcb81acc59f3b34ba3efd5f42/config_sentence_transformers.json "HTTP/1.1 200 OK"
2026-04-30 00:04:43,691 - httpx - INFO - HTTP Request: HEAD https://huggingface.co/sentence-transformers/paraphrase-multilingual-MiniLM-L12-v2/resolve/main/config_sentence_transformers.json "HTTP/1.1 307 Temporary Redirect"
2026-04-30 00:04:43,894 - httpx - INFO - HTTP Request: HEAD https://huggingface.co/api/resolve-cache/models/sentence-transformers/paraphrase-multilingual-MiniLM-L12-v2/e8f8c211226b894fcb81acc59f3b34ba3efd5f42/config_sentence_transformers.json "HTTP/1.1 200 OK"
2026-04-30 00:04:44,407 - httpx - INFO - HTTP Request: HEAD https://huggingface.co/sentence-transformers/paraphrase-multilingual-MiniLM-L12-v2/resolve/main/README.md "HTTP/1.1 307 Temporary Redirect"
2026-04-30 00:04:44,611 - httpx - INFO - HTTP Request: HEAD https://huggingface.co/api/resolve-cache/models/sentence-transformers/paraphrase-multilingual-MiniLM-L12-v2/e8f8c211226b894fcb81acc59f3b34ba3efd5f42/README.md "HTTP/1.1 200 OK"
2026-04-30 00:04:45,052 - httpx - INFO - HTTP Request: HEAD https://huggingface.co/sentence-transformers/paraphrase-multilingual-MiniLM-L12-v2/resolve/main/modules.json "HTTP/1.1 307 Temporary Redirect"
2026-04-30 00:04:45,329 - httpx - INFO - HTTP Request: HEAD https://huggingface.co/api/resolve-cache/models/sentence-transformers/paraphrase-multilingual-MiniLM-L12-v2/e8f8c211226b894fcb81acc59f3b34ba3efd5f42/modules.json "HTTP/1.1 200 OK"
2026-04-30 00:04:45,774 - httpx - INFO - HTTP Request: HEAD https://huggingface.co/sentence-transformers/paraphrase-multilingual-MiniLM-L12-v2/resolve/main/sentence_bert_config.json "HTTP/1.1 307 Temporary Redirect"
2026-04-30 00:04:45,964 - httpx - INFO - HTTP Request: HEAD https://huggingface.co/api/resolve-cache/models/sentence-transformers/paraphrase-multilingual-MiniLM-L12-v2/e8f8c211226b894fcb81acc59f3b34ba3efd5f42/sentence_bert_config.json "HTTP/1.1 200 OK"
2026-04-30 00:04:46,455 - httpx - INFO - HTTP Request: HEAD https://huggingface.co/sentence-transformers/paraphrase-multilingual-MiniLM-L12-v2/resolve/main/adapter_config.json "HTTP/1.1 404 Not Found"
2026-04-30 00:04:46,967 - httpx - INFO - HTTP Request: HEAD https://huggingface.co/sentence-transformers/paraphrase-multilingual-MiniLM-L12-v2/resolve/main/config.json "HTTP/1.1 307 Temporary Redirect"
2026-04-30 00:04:47,171 - httpx - INFO - HTTP Request: HEAD https://huggingface.co/api/resolve-cache/models/sentence-transformers/paraphrase-multilingual-MiniLM-L12-v2/e8f8c211226b894fcb81acc59f3b34ba3efd5f42/config.json "HTTP/1.1 200 OK"
2026-04-30 00:04:48,208 - httpx - INFO - HTTP Request: HEAD https://huggingface.co/sentence-transformers/paraphrase-multilingual-MiniLM-L12-v2/resolve/main/config.json "HTTP/1.1 307 Temporary Redirect"
2026-04-30 00:04:48,502 - httpx - INFO - HTTP Request: HEAD https://huggingface.co/api/resolve-cache/models/sentence-transformers/paraphrase-multilingual-MiniLM-L12-v2/e8f8c211226b894fcb81acc59f3b34ba3efd5f42/config.json "HTTP/1.1 200 OK"
2026-04-30 00:04:49,016 - httpx - INFO - HTTP Request: HEAD https://huggingface.co/sentence-transformers/paraphrase-multilingual-MiniLM-L12-v2/resolve/main/tokenizer_config.json "HTTP/1.1 307 Temporary Redirect"
2026-04-30 00:04:49,219 - httpx - INFO - HTTP Request: HEAD https://huggingface.co/api/resolve-cache/models/sentence-transformers/paraphrase-multilingual-MiniLM-L12-v2/e8f8c211226b894fcb81acc59f3b34ba3efd5f42/tokenizer_config.json "HTTP/1.1 200 OK"
2026-04-30 00:04:49,732 - httpx - INFO - HTTP Request: HEAD https://huggingface.co/sentence-transformers/paraphrase-multilingual-MiniLM-L12-v2/resolve/main/tokenizer_config.json "HTTP/1.1 307 Temporary Redirect"
2026-04-30 00:04:49,936 - httpx - INFO - HTTP Request: HEAD https://huggingface.co/api/resolve-cache/models/sentence-transformers/paraphrase-multilingual-MiniLM-L12-v2/e8f8c211226b894fcb81acc59f3b34ba3efd5f42/tokenizer_config.json "HTTP/1.1 200 OK"
2026-04-30 00:04:50,448 - httpx - INFO - HTTP Request: GET https://huggingface.co/api/models/sentence-transformers/paraphrase-multilingual-MiniLM-L12-v2/tree/main/additional_chat_templates?recursive=false&expand=false "HTTP/1.1 404 Not Found"
2026-04-30 00:04:50,960 - httpx - INFO - HTTP Request: GET https://huggingface.co/api/models/sentence-transformers/paraphrase-multilingual-MiniLM-L12-v2/tree/main?recursive=true&expand=false "HTTP/1.1 200 OK"
2026-04-30 00:04:55,261 - httpx - INFO - HTTP Request: GET https://huggingface.co/api/models/sentence-transformers/paraphrase-multilingual-MiniLM-L12-v2 "HTTP/1.1 200 OK"
2026-04-30 00:04:56,285 - httpx - INFO - HTTP Request: HEAD https://huggingface.co/sentence-transformers/paraphrase-multilingual-MiniLM-L12-v2/resolve/main/1_Pooling/config.json "HTTP/1.1 307 Temporary Redirect"
2026-04-30 00:04:56,476 - httpx - INFO - HTTP Request: HEAD https://huggingface.co/api/resolve-cache/models/sentence-transformers/paraphrase-multilingual-MiniLM-L12-v2/e8f8c211226b894fcb81acc59f3b34ba3efd5f42/1_Pooling%2Fconfig.json "HTTP/1.1 200 OK"
2026-04-30 00:04:57,004 - httpx - INFO - HTTP Request: GET https://huggingface.co/api/models/sentence-transformers/paraphrase-multilingual-MiniLM-L12-v2 "HTTP/1.1 200 OK"
2026-04-30 00:05:04,522 - root - INFO - Batch 1/2 stored (100 chunks)
2026-04-30 00:05:09,030 - root - INFO - Batch 2/2 stored (80 chunks)
2026-04-30 00:05:09,502 - root - INFO - GC: removed 217 stale vectors: ['GD-2024-25392_photo.pdf_chunk_1', 'WD-2025-92273_invoice.pdf_chunk_0', 'GD-2025-74478_invoice.pdf_chunk_1', 'GD-2025-62479_email.pdf_chunk_1', 'SD-2024-62124_invoice.pdf_chunk_1', 'GD-2025-62479_invoice.pdf_chunk_0', 'GD-2025-66775_photo.pdf_chunk_0', 'GD-2024-30545_invoice.pdf_chunk_0', 'GD-2024-69595_email.pdf_chunk_0', 'GD-2025-77786_invoice.pdf_chunk_0']...
2026-04-30 00:05:09,505 - root - INFO - Embedding complete. 180 stored, 0 failed. Duration: 11.9s
